#{"t_start": 1678313793.536629, "env_id": "Asterix-v4"}
r,l,t
3000.0,1667,18.056902
3000.0,1390,20.510836
2900.0,1529,23.492937
3000.0,1522,26.45828
1600.0,921,28.305557
2600.0,1391,31.150492
2800.0,1807,34.541444
2450.0,1446,37.459586
3100.0,1349,44.898794
2800.0,1557,47.907077
2900.0,1487,50.905099
2900.0,1479,53.813248
3600.0,1638,57.03137
3100.0,1419,59.984682
3000.0,1509,63.074585
2800.0,1261,65.376117
2050.0,1112,67.825088
2350.0,1366,75.489481
1700.0,1032,77.514116
2900.0,1783,81.223107
3000.0,1597,84.404419
800.0,550,85.463276
2900.0,1279,87.785688
2600.0,1427,90.714689
2300.0,1349,93.422278
2500.0,1157,95.618872
1800.0,937,97.60512
2700.0,1761,104.276493
2300.0,1018,106.345028
1950.0,1151,108.456784
2600.0,1571,111.488475
1850.0,1132,113.66748
1500.0,954,115.594221
2900.0,1386,118.483017
2600.0,1511,121.45823
900.0,578,122.532942
1800.0,1133,124.711196
2900.0,1639,127.830466
2050.0,1329,135.075188
3400.0,1460,138.113562
2500.0,1391,140.603344
3100.0,1628,143.872229
2200.0,1296,146.703427
2450.0,1255,148.960216
2350.0,1516,152.001815
2700.0,1670,155.522513
3000.0,1633,163.964617
2250.0,1965,167.862788
2600.0,1306,170.433218
2900.0,1937,174.203978
1950.0,1109,176.245011
3100.0,1469,178.712346
2800.0,1525,181.63148
2500.0,1388,184.377905
2800.0,1244,186.941261
3100.0,1603,195.04448
2500.0,1671,198.146254
1950.0,1437,200.968494
1850.0,1191,203.151829
2600.0,1408,206.008358
1700.0,968,207.620961
950.0,714,209.21822
2700.0,1524,212.50679
2400.0,1261,214.844616
2900.0,1475,223.741035
650.0,568,224.766829
3300.0,1461,227.636678
3100.0,1224,229.914353
2700.0,1907,233.710702
1650.0,1251,235.989774
2700.0,1931,239.822754
2400.0,1481,242.704777
2900.0,1603,245.752225
2900.0,1773,254.603752
1850.0,1352,257.278135
2800.0,1602,260.236187
3100.0,2002,264.17544
3000.0,1717,267.53905
2250.0,1344,270.559451
2900.0,1600,274.0614
3000.0,1556,277.33552
2500.0,1387,285.654905
3100.0,1781,289.149677
2600.0,1468,292.120808
2800.0,1640,295.3568
3100.0,1774,298.81168
2600.0,1548,301.937617
2900.0,1497,305.011781
2500.0,1447,308.066267
2500.0,1629,317.336492
2800.0,1472,320.402372
2350.0,1351,323.199442
2700.0,1626,326.456672
1750.0,877,327.999816
2600.0,1567,331.248599
3400.0,1691,335.357231
2600.0,1660,339.249907
2700.0,1512,342.63577
2700.0,1455,352.149282
2800.0,1491,354.986988
1100.0,848,356.782389
1450.0,842,358.666155
2900.0,1512,361.849286
1250.0,719,363.189663
1750.0,1100,365.383927
1000.0,561,366.468285
2600.0,1294,369.351281
3100.0,1525,372.637824
2900.0,1556,380.371986
2500.0,1330,382.98189
2700.0,1488,386.268644
1050.0,847,388.154971
2150.0,1688,391.616398
2900.0,1334,394.187829
700.0,487,395.277642
2900.0,1621,398.589959
3400.0,1668,402.384768
3000.0,1398,405.194197
3000.0,1646,415.162803
2450.0,1473,418.414717
2900.0,1581,421.813169
1550.0,793,423.553662
2800.0,1720,427.154082
2000.0,1346,430.201343
2600.0,1630,433.549997
2500.0,1499,436.931253
2200.0,1338,439.54665
2350.0,1361,449.155636
2300.0,1465,452.131717
2600.0,1555,455.265503
2700.0,1482,458.50053
2600.0,1425,461.321615
3200.0,1531,464.518633
2900.0,1495,467.577503
2600.0,1428,470.575661
2150.0,1197,472.944823
2600.0,1586,482.672218
2800.0,1672,486.361993
2400.0,1445,489.065383
2900.0,1454,492.081998
2700.0,1414,495.351844
2500.0,1799,499.141171
2900.0,1482,502.616442
3100.0,1340,506.03858
2800.0,1730,516.232534
2450.0,1309,519.351067
2150.0,1070,521.755224
2600.0,1406,524.553968
2600.0,1370,527.787309
2350.0,1370,530.894008
2050.0,1064,533.177573
3000.0,1437,536.012328
3000.0,1673,540.038676
3400.0,1694,549.662552
3700.0,1799,553.774124
1450.0,969,556.069311
2600.0,1477,559.590802
2450.0,1270,562.307433
2600.0,1555,565.848416
2800.0,1399,569.182078
2600.0,1339,572.595346
2500.0,1650,576.610898
2900.0,1524,585.97075
1900.0,955,588.350449
3100.0,1256,591.286786
2700.0,1293,594.695648
2700.0,1320,597.561549
2600.0,1652,601.21006
2900.0,1229,604.184678
2800.0,1695,608.231424
2900.0,1544,612.017992
2700.0,1453,621.630972
2700.0,1504,625.1507
2700.0,1253,628.108544
2700.0,1333,631.649276
2600.0,1317,634.756255
2700.0,1705,638.872505
2450.0,1390,642.201002
1700.0,985,644.408327
2300.0,1413,647.9851
2350.0,1604,658.08445
2400.0,1473,661.647511
2600.0,1579,665.287769
1950.0,1167,668.093377
2050.0,1572,672.087874
3100.0,1804,676.27264
2600.0,1400,679.647185
2400.0,1286,682.709378
1900.0,1018,684.61807
1800.0,1091,692.846076
2000.0,1187,695.503071
3000.0,1951,700.238518
3100.0,1413,703.217887
2600.0,1320,706.539548
2900.0,1576,710.474999
2800.0,1432,714.061687
2200.0,1150,716.767574
2500.0,1644,720.495652
2350.0,1258,728.593962
2900.0,1581,733.035322
1400.0,873,734.935679
2450.0,1712,738.969798
2450.0,1405,742.397454
2150.0,1248,745.622005
2300.0,1001,748.175987
2500.0,1240,751.016734
2250.0,1708,754.99677
2050.0,1065,757.587604
3200.0,2054,768.541603
2600.0,1251,771.740519
2300.0,1640,775.583715
1950.0,1091,778.117904
3400.0,1790,782.107864
2800.0,1647,786.264596
2500.0,1620,790.258006
2600.0,1401,793.263751
2900.0,1863,803.460685
2500.0,1663,807.117419
2700.0,1403,810.504311
3100.0,1685,814.187827
2900.0,1835,818.835618
3000.0,1558,822.38375
1350.0,1008,824.299498
3100.0,1502,827.838153
2800.0,1487,837.24913
2350.0,1221,840.269799
2900.0,1515,843.380565
2900.0,1447,846.697742
2700.0,1698,850.485408
2500.0,1647,854.712424
2500.0,1427,857.867812
3900.0,1684,862.220825
1650.0,1015,864.508245
2400.0,1644,874.705149
2500.0,1445,878.331813
2800.0,1830,882.277961
2700.0,1526,885.807688
3000.0,1531,889.202675
1650.0,801,890.669566
2450.0,1361,893.946238
2700.0,1635,897.660474
3000.0,1531,906.53151
1150.0,791,908.405548
2800.0,1286,911.054093
1100.0,590,912.317781
2700.0,1747,916.642303
2900.0,1603,920.286976
2700.0,1628,923.881294
2800.0,1463,927.347103
2450.0,1660,931.041381
2450.0,1543,934.586428
2800.0,1588,944.096441
2600.0,1382,947.15068
3200.0,1344,949.803922
1050.0,689,951.278932
2600.0,1341,954.659422
3000.0,1699,958.702255
2500.0,1416,962.116163
2700.0,1644,965.796708
2600.0,1327,969.04661
2300.0,1308,977.530121
2700.0,1292,980.871874
1950.0,999,983.291879
3900.0,1631,986.941319
1800.0,1137,989.535838
2700.0,1331,992.79324
2400.0,1432,995.982097
2600.0,1335,999.397018
2350.0,1465,1002.954072
2600.0,1198,1011.602834
2500.0,1456,1014.998552
1550.0,838,1016.632185
2100.0,1156,1019.514745
2800.0,1567,1023.228747
3400.0,1683,1026.974615
3100.0,1746,1030.749217
2700.0,1590,1034.483962
1750.0,881,1036.739796
3000.0,1627,1040.36181
2700.0,1444,1049.057332
2350.0,1316,1051.904955
2500.0,1601,1056.168458
2600.0,1554,1059.47602
2800.0,1268,1062.767836
1400.0,776,1064.401983
2700.0,1570,1067.908532
2700.0,1509,1071.557293
3000.0,1424,1075.108762
2400.0,1400,1084.079091
2450.0,1650,1087.831517
2900.0,1458,1091.360737
2500.0,1707,1095.228601
2250.0,1251,1098.087254
1950.0,1243,1101.34257
2000.0,1017,1103.819008
2500.0,1483,1107.258399
2500.0,1225,1109.900425
3200.0,1583,1119.252014
2500.0,1458,1122.72016
2700.0,1295,1125.497101
2600.0,1424,1128.948397
2300.0,1156,1131.562164
2800.0,1780,1135.808604
2900.0,1668,1139.501745
2000.0,1275,1142.426619
2800.0,1446,1145.844919
3100.0,1708,1155.769174
2800.0,1513,1159.114396
2600.0,1267,1162.315365
2900.0,1349,1165.564696
2600.0,2036,1169.968948
2300.0,1657,1174.045353
3800.0,2046,1178.871374
2700.0,1368,1187.267597
3300.0,1580,1190.919922
3000.0,1657,1195.090361
2400.0,1412,1198.215762
3300.0,1635,1202.045228
2600.0,1477,1205.498181
3900.0,1548,1209.17847
2900.0,1302,1212.479611
1000.0,513,1213.617666
1750.0,885,1215.358061
1850.0,984,1223.449487
2500.0,1636,1226.925597
1800.0,832,1229.007744
2800.0,1601,1232.687035
2800.0,1420,1236.043341
3500.0,1668,1239.622699
2800.0,1460,1242.997895
2700.0,1360,1245.733374
2700.0,1329,1248.831202
2600.0,1435,1258.087307
3500.0,1543,1261.720048
1600.0,1055,1264.125006
2800.0,1300,1266.906272
2700.0,1372,1270.341997
1400.0,829,1272.098484
2500.0,1384,1275.578197
1950.0,1196,1278.38118
2600.0,1867,1283.064837
2800.0,1412,1286.445095
2200.0,1302,1294.486191
2350.0,1395,1297.891668
1750.0,1199,1300.355143
1650.0,1178,1302.748019
1950.0,1153,1305.657302
1500.0,826,1307.367136
3000.0,2165,1312.576016
3400.0,1406,1316.112833
3500.0,1689,1319.946922
2900.0,1533,1328.36429
2500.0,1353,1331.599319
2400.0,1529,1335.17885
1750.0,1029,1337.594424
2150.0,1575,1341.333604
2900.0,1380,1344.558614
2250.0,1391,1347.54133
3200.0,1519,1351.145664
3300.0,1395,1354.497653
3000.0,1449,1363.388944
3000.0,1404,1366.376358
2900.0,1542,1369.837748
2200.0,1094,1372.279007
2100.0,1182,1375.3438
3600.0,1725,1379.609038
2700.0,1426,1383.025787
2700.0,1738,1386.955422
2700.0,1531,1390.817335
2600.0,1275,1399.400055
2450.0,1489,1403.153578
1550.0,913,1405.430099
3900.0,1618,1409.27598
2400.0,1627,1412.853742
3400.0,1672,1416.999959
3500.0,1517,1420.262917
3200.0,1432,1423.653649
2800.0,1343,1426.89677
2100.0,1077,1435.89935
1750.0,1086,1438.504482
2300.0,1330,1441.951735
2350.0,1236,1444.752876
2700.0,1681,1448.753652
1200.0,946,1451.076389
2900.0,1746,1454.822494
2800.0,1516,1458.357107
3400.0,1600,1462.15253
850.0,575,1467.845568
3700.0,1455,1471.369886
3200.0,1415,1474.729731
2600.0,1499,1478.351617
2500.0,1354,1481.262199
2600.0,1429,1484.727228
3000.0,1463,1488.293646
1300.0,1026,1490.853999
2500.0,1343,1493.633892
3300.0,1737,1502.540013
2250.0,1473,1506.033816
3300.0,1640,1509.644666
3000.0,1459,1513.068466
2500.0,1562,1516.615746
2700.0,1214,1519.33939
1700.0,1129,1521.88151
2500.0,1334,1525.186956
3100.0,1539,1528.841076
2800.0,1327,1538.114153
2700.0,1392,1541.522361
1750.0,1049,1543.833469
2600.0,1546,1547.211136
3900.0,1556,1550.673403
3500.0,1430,1554.039958
2800.0,1290,1556.983157
2700.0,1371,1560.351701
1950.0,994,1562.776626
3100.0,1244,1565.64352
3400.0,1638,1574.954068
2800.0,1312,1578.02438
3100.0,1564,1581.669296
350.0,508,1582.904314
2500.0,1258,1585.70382
2000.0,1000,1587.933149
2800.0,1359,1591.148077
2500.0,1220,1593.978883
3000.0,1588,1597.834907
3200.0,1329,1601.256553
1050.0,816,1607.632504
2150.0,1136,1610.338735
2600.0,1192,1613.385206
2500.0,1258,1616.080392
3100.0,1323,1619.19557
1250.0,737,1620.705188
1900.0,1291,1623.611701
3100.0,1489,1626.980636
2700.0,1420,1630.098412
4100.0,1791,1634.180144
3400.0,1804,1643.961261
2150.0,1466,1647.529057
2800.0,1299,1650.521003
2900.0,1527,1654.081034
3300.0,1882,1658.348922
2400.0,1351,1661.2418
3100.0,1542,1664.595872
650.0,454,1665.565275
2800.0,1355,1668.575381
1700.0,1112,1676.928163
3200.0,1497,1680.631594
2300.0,1157,1683.316409
3200.0,1459,1686.949271
1550.0,864,1688.638032
2800.0,1395,1692.098187
1450.0,887,1694.244467
2150.0,1374,1697.0299
3200.0,1506,1700.558873
3100.0,1539,1703.929162
3000.0,1477,1712.985732
2600.0,1522,1716.610481
2600.0,1517,1720.350165
3300.0,1580,1724.088066
3100.0,1634,1727.908251
3400.0,1299,1731.248542
2900.0,1499,1734.785258
3000.0,1653,1738.688506
2450.0,1571,1747.797244
2600.0,1436,1751.300948
2900.0,1228,1754.052383
3100.0,1459,1757.50344
2500.0,1378,1760.479198
2900.0,1509,1764.129906
3100.0,1288,1767.474042
2900.0,1425,1771.050884
2500.0,1207,1773.807336
3000.0,1334,1777.003505
2700.0,1713,1786.686708
3300.0,1630,1790.322673
3600.0,1587,1794.087517
2700.0,1538,1797.777541
2700.0,1649,1801.688093
1700.0,953,1804.113323
2700.0,1304,1807.097809
3100.0,1497,1810.856818
1950.0,1100,1819.320814
2600.0,1563,1822.951335
2600.0,1219,1825.816154
3900.0,1625,1829.390165
3400.0,1538,1833.159438
1750.0,1021,1835.612986
2800.0,1409,1839.122446
3900.0,1650,1843.046794
1850.0,1233,1845.802242
2600.0,1370,1849.21604
2600.0,1710,1858.870204
3600.0,1567,1862.591367
3600.0,1712,1866.257326
3200.0,1436,1869.578668
2700.0,1462,1873.106815
2350.0,1278,1875.893186
2800.0,1221,1879.116413
2500.0,1333,1882.126963
2800.0,1367,1891.70929
3800.0,1752,1895.671716
3300.0,1826,1899.943336
3600.0,1511,1903.469444
2050.0,1092,1905.813043
1250.0,728,1907.251234
2800.0,1360,1910.56749
3000.0,1426,1914.058371
2900.0,1421,1917.119714
3300.0,1529,1926.882002
3000.0,1426,1930.444621
2050.0,1511,1934.128917
4300.0,1816,1937.891131
2900.0,1646,1941.94785
2800.0,1415,1944.707433
2900.0,1396,1947.735478
2900.0,1678,1951.292455
2700.0,1462,1954.480793
3000.0,1583,1964.628618
2500.0,1505,1968.05132
2800.0,1312,1970.808238
2800.0,1203,1973.880274
2900.0,1634,1977.279869
3200.0,1527,1980.490657
3300.0,1398,1983.692483
2500.0,1318,1986.472669
2600.0,1352,1995.365017
2400.0,1492,1998.961239
3300.0,1402,2002.039911
2600.0,1492,2005.665128
2900.0,1339,2009.117966
2600.0,1693,2013.118225
2600.0,1445,2016.574822
2500.0,1374,2019.494853
3200.0,1484,2023.002946
2700.0,1242,2031.188016
2700.0,1435,2033.992231
3100.0,1745,2038.226938
3100.0,1364,2041.241067
2350.0,1254,2044.523591
3100.0,1441,2047.659213
2500.0,1101,2050.718267
3000.0,1990,2055.053096
2600.0,1441,2058.219833
2200.0,1126,2065.925478
2400.0,1596,2069.581022
2400.0,1379,2072.710748
2900.0,1451,2076.093634
2900.0,1334,2078.895166
2300.0,1138,2081.920181
3100.0,1553,2085.516673
2600.0,1182,2088.035522
1800.0,1126,2090.516562
3000.0,1439,2099.088631
2700.0,1241,2101.879539
2900.0,1336,2105.111177
1150.0,658,2106.464778
2800.0,1419,2109.939626
3000.0,1517,2113.653428
3400.0,1589,2117.332667
2700.0,1302,2120.137414
3300.0,1354,2123.581258
3400.0,1631,2127.438685
2000.0,1335,2135.852421
2800.0,1514,2139.394516
1850.0,1204,2142.4562
1900.0,904,2144.15494
1550.0,789,2146.074686
2500.0,1425,2149.505581
2150.0,1351,2152.485631
2900.0,1462,2156.076814
2600.0,1454,2159.48885
1800.0,1001,2161.754937
600.0,467,2162.954653
2250.0,1099,2171.555707
2900.0,1507,2174.924587
1950.0,1171,2177.375789
2500.0,1488,2180.939269
2800.0,1287,2183.689026
3000.0,1361,2186.994058
2600.0,1466,2190.464592
2700.0,1489,2193.625109
3800.0,1690,2197.915771
2500.0,1440,2206.935573
3200.0,1406,2210.055999
2600.0,1464,2213.642467
2450.0,1265,2216.378902
1550.0,971,2218.702004
2700.0,1349,2221.913651
2700.0,1512,2225.332681
3100.0,1362,2228.180652
2400.0,1383,2231.366342
2050.0,1350,2240.38862
3000.0,1263,2243.201744
2100.0,1600,2247.090708
3300.0,1428,2250.623736
3200.0,1681,2254.537502
3300.0,1695,2258.463538
2900.0,1498,2261.868286
3000.0,1316,2265.083591
3100.0,1547,2268.679979
2100.0,1219,2277.746262
2300.0,1075,2280.128888
2900.0,1439,2283.512599
2050.0,1247,2286.137051
3000.0,1345,2289.57877
2700.0,1538,2293.253199
3100.0,1341,2296.180037
3100.0,1460,2299.620217
2700.0,1450,2302.955506
1750.0,919,2305.185294
3400.0,1688,2315.32357
3100.0,1632,2319.191106
3400.0,1423,2322.579351
2900.0,1479,2326.01714
2500.0,1594,2329.813871
2200.0,1241,2332.57139
3300.0,1672,2336.851615
3000.0,1683,2340.497349
3000.0,1392,2348.181335
3200.0,1524,2351.951324
3300.0,1563,2355.68983
2600.0,1259,2358.91358
2700.0,1819,2363.034205
2700.0,1346,2366.280131
2900.0,1500,2369.735284
2700.0,1313,2372.470898
3500.0,1577,2380.667683
2000.0,934,2382.737035
2700.0,1407,2386.073786
1400.0,910,2388.269204
2800.0,1272,2391.134273
1300.0,792,2392.79754
1500.0,809,2394.819037
2600.0,1492,2398.491395
3000.0,1503,2402.178497
2350.0,1572,2405.840931
3200.0,1504,2409.359541
2500.0,1546,2417.883665
3000.0,1418,2420.589227
2600.0,1444,2423.703913
2900.0,1625,2427.393552
2800.0,1559,2431.076505
2800.0,1327,2434.483999
2500.0,1318,2437.33928
1200.0,602,2438.741162
1200.0,661,2440.649454
1800.0,979,2443.056293
2900.0,1505,2453.064727
2700.0,1490,2456.395016
3000.0,1531,2459.873064
3400.0,1518,2463.031261
1800.0,1060,2465.255507
2800.0,1380,2468.752171
2700.0,1310,2472.064978
2900.0,1620,2475.883927
3400.0,1639,2479.899289
3000.0,1647,2489.52837
2500.0,1303,2492.34436
2900.0,1644,2496.643584
3600.0,1496,2500.179301
550.0,380,2500.708425
2900.0,1280,2503.608569
2800.0,1367,2506.308949
3100.0,1415,2509.849497
3800.0,1814,2514.422517
2900.0,1872,2523.745885
2900.0,1392,2527.09709
2500.0,1626,2530.797704
2600.0,1312,2533.712335
2500.0,1572,2537.290495
2700.0,1416,2540.549221
3900.0,1778,2544.594672
2900.0,1453,2547.517721
3300.0,1507,2557.335347
2700.0,1490,2560.974652
2450.0,1246,2564.206903
2500.0,1429,2567.307058
2700.0,1593,2570.992046
2500.0,1493,2574.481648
3000.0,1472,2577.733116
3200.0,1655,2581.35376
3700.0,1929,2591.989982
2400.0,1168,2594.543083
2500.0,1553,2598.347188
2100.0,1078,2600.913524
2600.0,1550,2604.603984
2500.0,1479,2608.18805
3200.0,1446,2611.651027
2700.0,1372,2615.030538
2450.0,1450,2617.967091
2150.0,1454,2625.982173
3000.0,1400,2629.121179
3100.0,1552,2632.796138
2900.0,1329,2635.643019
2600.0,1184,2638.665621
3000.0,1523,2642.106832
3200.0,1540,2645.726849
2600.0,1356,2648.689505
3500.0,1427,2652.191038
2800.0,1702,2661.110777
1850.0,1267,2663.749471
1300.0,674,2664.992074
1900.0,1420,2668.342745
2700.0,1290,2671.233931
4300.0,1877,2675.968757
2900.0,1308,2678.926573
3300.0,1410,2682.450595
2200.0,1288,2685.376137
3400.0,1448,2688.881498
3000.0,1342,2697.360769
3400.0,1363,2700.282388
1950.0,1122,2702.403296
2500.0,1370,2705.213111
3000.0,1386,2708.387934
3100.0,1468,2711.60335
1400.0,796,2713.635412
3100.0,1281,2716.410412
1900.0,1101,2719.494401
2800.0,1586,2723.270025
3100.0,1465,2733.30458
2500.0,1380,2736.278574
3000.0,1694,2740.240687
2700.0,1601,2743.507703
2400.0,1285,2746.218674
3100.0,1414,2749.385973
2500.0,1569,2753.072482
3300.0,1427,2756.233613
2500.0,1252,2765.694836
2600.0,1256,2768.648222
2250.0,1300,2771.874159
2700.0,1495,2775.28532
3400.0,1553,2778.937094
2500.0,1380,2781.852274
2800.0,1310,2784.913846
3300.0,1841,2788.578048
2800.0,1669,2792.713406
3100.0,1391,2802.394655
3200.0,1481,2806.021778
1800.0,1176,2808.837292
3100.0,1720,2813.17488
2700.0,1491,2816.322562
2400.0,1508,2819.982105
3200.0,1671,2824.03826
3400.0,1337,2826.784317
2700.0,1424,2829.978104
3800.0,1329,2838.52037
2300.0,1392,2842.037955
2600.0,1287,2844.947569
2700.0,1549,2848.661352
2800.0,1546,2852.154933
3200.0,1460,2855.634411
2450.0,1556,2859.264812
3800.0,1588,2862.811348
2500.0,1511,2871.968825
3200.0,1422,2875.38668
2250.0,1136,2877.97135
3000.0,1523,2881.38426
2500.0,1337,2884.607169
2700.0,1090,2887.222426
3000.0,1333,2890.115839
3000.0,1433,2893.389354
1600.0,1007,2895.606806
3000.0,1724,2899.370974
2700.0,1524,2907.779065
3200.0,1379,2911.116874
2400.0,1330,2913.845382
3300.0,1550,2917.56361
2800.0,1347,2921.112924
2600.0,1413,2924.569987
2900.0,1355,2927.683741
2800.0,1197,2930.91609
2450.0,1327,2933.912913
2800.0,1331,2943.538961
3100.0,1328,2946.207556
2100.0,1172,2948.573717
3000.0,1711,2952.788757
2500.0,1356,2955.772921
2400.0,1245,2959.008658
1900.0,1106,2961.586785
2400.0,1358,2964.928578
1300.0,760,2966.577825
3400.0,1570,2970.052645
3400.0,1533,2979.94457
4000.0,1482,2983.438516
3400.0,1604,2987.032562
1550.0,1047,2989.322314
2800.0,1393,2992.817218
2500.0,1217,2995.490754
2600.0,1200,2998.266284
2350.0,1206,3001.466552
2250.0,1197,3004.294595
3200.0,1430,3013.385458
2700.0,1589,3017.257909
3300.0,1501,3020.75876
2600.0,1474,3023.883998
2500.0,1114,3026.659127
2900.0,1539,3030.024037
3200.0,1312,3032.942641
2900.0,1398,3036.430131
400.0,309,3036.899041
2600.0,1311,3040.077163
4000.0,1496,3049.467197
2900.0,1530,3053.142135
2800.0,1313,3056.0715
3200.0,1490,3059.733191
4000.0,1652,3063.533483
3100.0,1455,3066.907809
2700.0,1360,3070.24222
1850.0,1078,3072.868757
2900.0,1482,3076.084199
2500.0,1210,3084.70999
3200.0,1212,3087.362554
3700.0,1481,3091.056236
2300.0,1730,3095.150303
2700.0,1182,3097.84188
2700.0,1597,3102.051998
3100.0,1230,3104.765021
3300.0,1589,3108.275524
2600.0,1430,3111.716685
2900.0,1523,3120.12199
2700.0,1837,3124.242391
2800.0,1571,3128.074378
2000.0,1365,3131.478906
2700.0,1287,3134.408218
3600.0,1354,3137.838302
3000.0,1677,3141.82455
3500.0,1651,3145.525373
2600.0,1378,3148.633396
2600.0,1385,3157.668472
3100.0,1399,3160.601441
3400.0,1386,3163.744925
3000.0,1368,3167.170846
2800.0,1459,3170.289527
2700.0,1279,3173.725324
3300.0,1573,3177.577468
2600.0,1249,3180.410066
3100.0,1341,3183.738074
2800.0,1880,3194.159553
2200.0,1156,3196.965638
2600.0,1690,3200.828984
2600.0,1459,3204.283421
2900.0,1406,3207.546919
3100.0,1876,3211.8525
1900.0,1084,3214.429252
3100.0,1246,3217.744101
1650.0,924,3219.64016
2900.0,1501,3229.010978
1150.0,623,3230.455627
3400.0,1566,3234.282384
3800.0,1472,3237.929708
2450.0,1652,3241.772973
2700.0,1659,3245.634337
3100.0,1416,3248.393724
3000.0,1360,3251.818875
2400.0,1417,3255.370799
3000.0,1395,3264.162921
2200.0,1458,3267.410412
2500.0,1636,3271.130497
900.0,514,3272.33534
2700.0,1613,3276.139348
2500.0,1664,3280.533785
2700.0,1282,3283.322672
2600.0,1336,3286.495185
2000.0,1108,3289.072813
3800.0,1591,3298.97981
2500.0,1500,3302.370335
3000.0,1458,3305.711138
2350.0,1506,3308.775779
2100.0,1063,3311.614697
3100.0,1459,3314.884508
3000.0,1448,3318.500594
2900.0,1510,3322.11037
2150.0,1098,3324.572201
2900.0,1595,3333.879876
3100.0,1616,3337.801592
2500.0,1255,3340.976779
2250.0,1262,3343.670602
3100.0,1349,3346.91522
2500.0,1483,3350.375537
3100.0,1247,3353.149706
3500.0,1433,3356.614765
2500.0,1544,3360.347479
3300.0,1426,3370.084294
3800.0,1678,3374.37504
2600.0,1486,3377.684274
1300.0,713,3379.577951
3000.0,1506,3383.164917
2900.0,1266,3385.969543
2350.0,1297,3389.16011
2400.0,1248,3391.849431
3000.0,1322,3395.228523
2500.0,1283,3398.136723
2450.0,1315,3407.399234
3100.0,1385,3410.334969
2500.0,1235,3413.337177
1950.0,1075,3415.711558
2500.0,1539,3419.395599
2500.0,1278,3422.071139
4100.0,2053,3426.792924
3600.0,1415,3430.18945
3200.0,1458,3433.796721
2250.0,1430,3443.357303
2050.0,994,3445.813122
3400.0,1348,3449.134258
2000.0,1064,3451.559219
2350.0,1434,3454.90627
500.0,460,3455.64865
3600.0,1599,3459.746325
1950.0,1025,3462.113341
3400.0,1742,3466.211603
3000.0,1245,3469.0553
1150.0,688,3470.820367
2700.0,1450,3479.60857
3500.0,1564,3483.378378
2350.0,1322,3486.826594
2900.0,1290,3489.658197
3500.0,1652,3493.692386
1400.0,799,3495.291345
3700.0,1402,3498.486413
2450.0,1752,3502.389587
3600.0,1671,3513.181027
3200.0,1422,3516.783467
3600.0,1369,3520.268109
2450.0,1627,3524.053359
3100.0,1740,3528.109972
3100.0,1576,3531.906865
2800.0,1230,3534.844435
3300.0,1371,3537.494249
2600.0,1343,3540.718014
3100.0,1388,3551.034267
2600.0,1415,3554.16664
2400.0,1169,3557.255286
3600.0,1637,3560.923342
2500.0,1297,3563.918956
2500.0,1140,3566.38513
2300.0,1436,3569.797601
4100.0,1992,3574.215458
2900.0,1617,3577.59423
2800.0,1424,3587.205426
3500.0,1471,3590.570694
3100.0,1497,3594.103826
2350.0,1277,3596.991837
3200.0,1445,3600.508358
2450.0,1420,3603.634272
1650.0,949,3606.052245
3600.0,1444,3609.634134
3500.0,1487,3613.198389
1850.0,1070,3621.181802
2900.0,1151,3623.703014
2500.0,1457,3627.278336
1050.0,704,3628.820982
3200.0,1548,3632.355204
2350.0,1356,3635.783386
1550.0,844,3637.776448
2700.0,1350,3640.826014
2500.0,1023,3643.282907
4000.0,1666,3647.235668
2800.0,1226,3650.439681
2900.0,1495,3659.589974
3000.0,1689,3663.881587
3100.0,1330,3666.876052
2600.0,1214,3669.969019
2500.0,1313,3672.845529
2700.0,1302,3676.120178
2800.0,1350,3678.938151
2800.0,1612,3682.70876
3900.0,1991,3692.800835
3100.0,1478,3696.258521
1950.0,1136,3698.856475
3000.0,1401,3701.98469
4200.0,1587,3705.690554
2700.0,1259,3708.514621
4200.0,1690,3712.669521
950.0,655,3714.074239
2700.0,1270,3716.723613
2500.0,1508,3720.323663
3100.0,1490,3730.394985
3300.0,1858,3734.785003
2400.0,1791,3738.969688
2150.0,1453,3742.396282
3000.0,1378,3745.348245
3000.0,1571,3749.526325
3100.0,1648,3753.302429
3100.0,1554,3756.849328
3100.0,1268,3766.300645
1700.0,797,3768.293409
2800.0,1433,3771.027759
3100.0,1466,3774.347807
1750.0,826,3776.439354
2800.0,1512,3779.998132
2700.0,1549,3783.372313
2450.0,1141,3785.840282
2300.0,1262,3788.577764
2800.0,1447,3791.972817
3000.0,1420,3801.717907
1800.0,1065,3804.145704
3100.0,1656,3807.839964
2500.0,1234,3810.508105
2450.0,1383,3813.812387
2900.0,1399,3817.241782
3000.0,1328,3820.248986
2600.0,1531,3824.01313
950.0,655,3825.438357
2600.0,1257,3828.607855
2050.0,1322,3837.186946
3200.0,1746,3841.73857
3000.0,1268,3844.559392
2900.0,1327,3847.814876
2600.0,1344,3850.715837
2050.0,1266,3853.901355
2450.0,1757,3857.914662
2500.0,1314,3861.207046
3400.0,1412,3864.375518
2600.0,1294,3873.139116
2600.0,1137,3875.675701
2800.0,1220,3878.285785
2600.0,1536,3881.77961
3300.0,1378,3885.151565
2700.0,1376,3888.29806
2400.0,1432,3891.24407
4100.0,1598,3895.058253
2600.0,1369,3898.437517
3000.0,1444,3907.605646
2700.0,1529,3911.157067
2000.0,1028,3913.443437
1950.0,1070,3915.829136
3100.0,1315,3918.654751
1700.0,985,3921.067689
4000.0,1705,3925.473317
2700.0,1482,3928.441706
2450.0,1101,3930.914363
4400.0,1558,3940.45197
2700.0,1641,3944.760921
2800.0,1235,3947.644055
2500.0,1489,3951.015853
3200.0,1371,3953.883286
2800.0,1313,3956.921022
4200.0,1849,3961.424594
3200.0,1470,3964.683058
3600.0,1733,3969.052051
3400.0,1474,3977.537065
2500.0,1272,3980.238676
2800.0,1507,3983.844714
3000.0,1290,3986.763797
2200.0,1177,3989.95253
2800.0,1691,3993.831895
3600.0,1495,3997.12443
2600.0,1194,3999.725548
3000.0,1458,4003.231421
2450.0,1872,4014.522304
3100.0,1555,4018.240103
2450.0,1521,4021.608981
3700.0,2101,4027.202962
2700.0,1240,4029.985213
2300.0,1485,4033.587185
2450.0,1463,4036.733199
2500.0,1434,4039.493456
3000.0,1361,4048.421968
3500.0,1696,4052.276282
2800.0,1330,4055.660331
4200.0,1615,4059.4109
2700.0,1186,4062.095321
2900.0,1409,4065.703
3100.0,1653,4069.645722
3300.0,1344,4073.035073
3900.0,1353,4075.774396
2700.0,1366,4083.783921
3800.0,1523,4087.23875
2700.0,1403,4090.57455
3100.0,1286,4093.524678
3000.0,1234,4096.335181
3200.0,1515,4100.059743
2900.0,1853,4104.584376
2900.0,1411,4108.113015
3000.0,1710,4117.428261
2400.0,1400,4120.564826
3900.0,1360,4123.48597
3100.0,1498,4126.993854
3000.0,1253,4129.671288
3300.0,1324,4132.832832
2800.0,1435,4136.446936
2350.0,1264,4139.322061
3300.0,1554,4143.069693
3000.0,1214,4145.767456
2600.0,1293,4153.75685
3300.0,1421,4157.11444
2700.0,1333,4159.722008
2800.0,1522,4163.186693
2300.0,1294,4166.533639
3400.0,1490,4169.679492
2500.0,1262,4172.871328
3800.0,1599,4176.583655
3300.0,1669,4180.418325
3900.0,1692,4189.715741
2700.0,1280,4192.984783
3000.0,1433,4196.435278
2800.0,1355,4199.262473
2500.0,1502,4202.830583
2800.0,1324,4206.121188
3300.0,1545,4209.615254
3700.0,1558,4213.14742
3100.0,1496,4223.221687
1450.0,961,4225.196572
2400.0,1298,4228.55128
3000.0,1396,4231.980444
3000.0,1394,4234.959188
2600.0,1501,4238.429057
2600.0,1255,4241.506869
3300.0,1926,4245.606699
2700.0,1382,4248.88323
2600.0,1523,4257.982635
2600.0,1323,4260.949754
2800.0,1275,4264.228558
3200.0,1586,4267.925427
2200.0,1074,4270.536146
2600.0,1208,4273.110545
3300.0,1399,4276.434243
2900.0,1223,4279.033565
2800.0,1370,4282.279363
2050.0,1260,4285.001155
2700.0,1309,4294.118169
2900.0,1660,4298.061217
2500.0,1744,4302.423543
2700.0,1441,4305.46855
3200.0,1631,4309.349668
3400.0,1631,4313.320104
3400.0,1353,4316.184306
2900.0,1564,4319.76148
4300.0,1785,4329.551872
2600.0,1354,4332.41871
3100.0,1389,4335.829324
2800.0,1164,4338.560032
3200.0,1594,4342.182227
3000.0,1700,4346.395323
3300.0,1612,4350.186703
3200.0,1573,4353.71846
2700.0,1364,4356.585174
3000.0,1763,4366.425798
3800.0,1404,4369.215912
3100.0,1420,4372.579482
2700.0,1288,4375.930962
2800.0,1474,4379.244658
3000.0,1335,4382.49968
2450.0,1403,4385.98151
2150.0,1334,4388.927015
2600.0,1240,4392.137515
3600.0,1323,4400.832907
3200.0,1389,4404.204067
3400.0,1393,4407.494259
2500.0,1375,4410.252522
2600.0,1154,4412.71188
3100.0,1627,4416.823116
2600.0,1194,4419.431175
2800.0,1454,4423.056122
3000.0,1398,4426.14651
3100.0,1364,4435.1163
3100.0,1264,4437.870653
2700.0,1156,4440.853686
2600.0,1183,4443.583064
2600.0,1457,4447.0287
2600.0,1371,4449.704346
4100.0,1999,4454.102749
3500.0,1431,4457.668489
1600.0,1062,4460.261905
1800.0,1164,4469.314011
3700.0,1501,4472.970336
3400.0,1418,4476.341974
3400.0,1388,4479.713695
3200.0,1223,4482.505303
2800.0,1255,4485.411273
2500.0,1467,4488.784121
3000.0,1328,4491.850323
3000.0,1426,4494.589382
3100.0,1376,4503.034559
2700.0,1241,4506.210886
3400.0,1549,4509.869228
2800.0,1418,4513.000302
3400.0,1874,4517.517892
3000.0,1266,4520.252747
3900.0,1547,4523.978785
3000.0,1331,4527.34479
2800.0,1580,4530.971876
4600.0,1694,4539.917757
2800.0,1225,4542.68854
2500.0,1483,4546.296423
3000.0,1630,4550.111009
1950.0,1164,4553.22095
2800.0,1495,4556.770524
2500.0,1183,4559.444297
1850.0,1276,4562.343844
2900.0,1286,4565.604401
3800.0,1600,4575.13974
2900.0,1592,4578.633698
2900.0,1197,4581.423556
3200.0,1655,4585.367357
2700.0,1312,4588.724784
3300.0,1380,4592.240666
3000.0,1298,4595.173666
2800.0,1401,4598.545851
2900.0,1323,4601.318708
3200.0,1224,4611.326145
3100.0,1265,4614.017386
2600.0,1378,4617.432405
2900.0,1232,4620.122847
2700.0,1103,4622.737712
3300.0,1196,4625.891334
2900.0,1203,4628.612247
3500.0,1456,4632.070444
3000.0,1446,4635.146476
2800.0,1272,4638.296896
2900.0,1494,4646.937929
3100.0,1337,4649.730796
1900.0,1119,4652.249592
2700.0,1200,4655.159454
2400.0,1360,4657.998607
1450.0,781,4659.961014
3100.0,1525,4663.631933
2450.0,1566,4667.504741
3100.0,1593,4671.353488
3100.0,1497,4674.969517
2900.0,1283,4683.026216
2300.0,1661,4686.900554
3200.0,1546,4690.444828
3700.0,1461,4693.821078
3800.0,1563,4697.427554
2800.0,1290,4700.556681
4200.0,1688,4704.292223
3500.0,1409,4707.864793
3300.0,1572,4717.675968
2800.0,1453,4720.795098
2600.0,1197,4723.785231
3000.0,1649,4727.783484
3200.0,1433,4731.148283
3100.0,1253,4733.911681
3000.0,1365,4737.239631
3400.0,1563,4740.625667
4300.0,1759,4744.213704
6700.0,2086,4754.429442
3000.0,1300,4757.467738
2200.0,1186,4759.867189
3800.0,1541,4763.222407
2400.0,1245,4766.030672
3400.0,1507,4769.518155
3300.0,1449,4772.778174
2900.0,1619,4776.338566
4100.0,1685,4786.151535
3000.0,1531,4789.6738
3200.0,1508,4793.085799
3100.0,1429,4796.301077
2900.0,1226,4798.767455
3300.0,1449,4801.897927
2600.0,1438,4804.977845
3600.0,1515,4808.327192
2900.0,1303,4811.096518
3500.0,1591,4820.98716
3400.0,1534,4824.569022
5200.0,1672,4828.207472
3200.0,1570,4831.719161
5000.0,1999,4836.119547
3800.0,1481,4839.343711
2900.0,1450,4842.556582
3500.0,1569,4845.947523
2400.0,1191,4853.609809
3300.0,1332,4856.866042
3100.0,1343,4859.742184
3000.0,1304,4862.887115
3100.0,1549,4866.354594
2800.0,1304,4869.216223
2900.0,1251,4872.316717
3100.0,1513,4875.723369
3200.0,1529,4879.238421
2600.0,1280,4887.401294
3200.0,1621,4890.770448
3000.0,1458,4894.101566
3000.0,1611,4897.637342
2800.0,1290,4900.867375
3000.0,1337,4903.6933
1550.0,843,4905.669908
3700.0,1503,4909.122041
2800.0,1201,4911.647091
3000.0,1370,4914.666138
2600.0,1473,4923.709953
2700.0,1239,4926.765849
2900.0,1223,4929.437425
2700.0,1408,4932.97433
3000.0,1561,4936.843269
3200.0,1345,4939.879581
2800.0,1670,4943.992628
3200.0,1469,4947.370819
3000.0,1329,4950.081089
3200.0,1446,4959.481703
2700.0,1257,4962.137988
3700.0,1499,4965.541407
3500.0,1780,4969.841553
2700.0,1667,4973.817534
4500.0,1709,4977.922324
4000.0,2021,4982.792719
2500.0,1388,4992.693793
3100.0,1615,4996.37272
2700.0,1148,4998.7772
2800.0,1452,5002.071276
3200.0,1600,5005.653978
2500.0,1432,5009.021048
3900.0,1781,5013.190971
3300.0,1625,5017.088399
3500.0,1352,5020.465648
4300.0,1643,5030.221728
1600.0,919,5032.593802
2350.0,1321,5035.455067
3700.0,1759,5039.544797
3100.0,1529,5043.008224
2050.0,974,5045.352002
3100.0,1290,5048.227567
2100.0,1237,5051.117743
2700.0,1164,5054.305438
3800.0,1676,5064.606744
3800.0,1416,5068.042623
3000.0,1404,5071.227452
3100.0,1456,5074.715673
3300.0,1324,5077.658687
3500.0,1583,5081.016077
3000.0,1545,5084.222637
3000.0,1258,5086.753456
3400.0,1726,5090.44577
1750.0,856,5099.486937
2800.0,1650,5103.342476
2700.0,1528,5106.723015
3700.0,1694,5110.56582
2250.0,1217,5113.630235
1450.0,990,5116.032902
2700.0,1276,5118.594421
2900.0,1108,5120.851475
3000.0,1541,5124.166013
3300.0,1524,5127.602824
3100.0,1564,5136.796475
3600.0,1838,5141.351074
3000.0,1278,5144.188371
3000.0,1271,5147.404626
3000.0,1177,5150.173923
3500.0,1478,5153.788136
3200.0,1513,5157.333497
3300.0,1726,5161.122059
3700.0,1432,5170.595138
2700.0,1420,5173.805843
3200.0,1586,5177.433825
2900.0,1516,5181.056802
1950.0,1165,5184.129818
2250.0,1124,5186.718356
2400.0,1163,5189.263803
3200.0,1513,5192.89515
3400.0,1459,5196.620179
2900.0,1475,5205.045436
2250.0,1283,5207.630325
1500.0,920,5209.976747
2800.0,1535,5213.778558
3100.0,1334,5216.73514
2800.0,1431,5220.267226
2800.0,1483,5223.879186
3100.0,1297,5226.809377
3400.0,1647,5231.180354
2900.0,1257,5234.065181
2600.0,1234,5243.087453
4000.0,1570,5246.111511
3100.0,1480,5249.55159
2700.0,1211,5252.680808
3800.0,1845,5256.896481
3600.0,1681,5260.845345
3100.0,1590,5264.490179
3200.0,1794,5268.957282
2800.0,1346,5278.335066
3300.0,1401,5281.288763
3300.0,1584,5284.587503
4000.0,1913,5288.813076
3900.0,1659,5292.345836
3300.0,1345,5295.516388
3300.0,1722,5299.414569
3500.0,1403,5302.972459
2600.0,1664,5311.86827
2600.0,1482,5315.335266
2700.0,1382,5318.494671
3300.0,1371,5321.828249
3700.0,1514,5324.95046
3000.0,1516,5328.14789
2900.0,1542,5331.703873
5000.0,2224,5337.072259
1900.0,1108,5345.582917
3000.0,1447,5349.264437
850.0,625,5350.694506
3000.0,1489,5354.338817
3500.0,1550,5358.216995
3000.0,1455,5361.679103
1600.0,812,5363.241637
1800.0,982,5365.320019
3200.0,1650,5368.651521
3900.0,1884,5373.139164
2500.0,1433,5382.638235
2600.0,1364,5385.470036
3300.0,1517,5389.035359
2000.0,1110,5391.549876
3600.0,1581,5395.311698
2350.0,1277,5398.674476
3100.0,1330,5401.602594
3500.0,1428,5404.952178
2450.0,1409,5407.8903
3400.0,1602,5416.915836
3200.0,1460,5420.275209
3000.0,1243,5422.990926
2600.0,1718,5426.726627
3200.0,1787,5431.166945
2800.0,1305,5434.067296
3300.0,1694,5438.444666
2700.0,1217,5441.337581
2050.0,1030,5443.661186
4500.0,1789,5452.067269
2700.0,1220,5455.219074
2900.0,1158,5457.940823
2900.0,1218,5460.735917
2900.0,1254,5463.94923
3300.0,1507,5467.444339
3200.0,1738,5471.496062
3100.0,1475,5475.189508
2900.0,1757,5479.321362
4400.0,1699,5488.721479
2250.0,1075,5491.412478
2500.0,1330,5494.21759
2000.0,1093,5496.734004
1950.0,1065,5499.276254
2600.0,1141,5501.819674
2900.0,1376,5505.238124
3000.0,1528,5508.766346
3300.0,1370,5512.169241
3500.0,1642,5522.586104
3300.0,1327,5525.364342
3600.0,1528,5528.676121
2600.0,1401,5532.028866
3400.0,1514,5535.503306
3100.0,1589,5539.235653
2800.0,1147,5541.970814
3100.0,1272,5545.186531
3600.0,1407,5548.289932
3300.0,1466,5557.239494
2900.0,1277,5560.121119
2500.0,1437,5563.633729
2800.0,1389,5566.972196
3500.0,1401,5570.278962
2900.0,1530,5573.779253
3000.0,1222,5576.514355
3200.0,1814,5580.639684
3000.0,1623,5584.412111
2900.0,1419,5593.745585
3900.0,1496,5597.45783
2200.0,1335,5600.891793
2500.0,1441,5603.918987
1700.0,931,5606.121756
3700.0,1782,5610.361594
2150.0,1158,5612.911616
3100.0,1457,5616.271545
2700.0,1201,5618.836994
3100.0,1486,5628.326901
2900.0,1499,5631.911262
3300.0,1628,5635.85895
2350.0,1381,5639.258384
3400.0,1587,5642.836621
3900.0,1702,5646.441647
4200.0,1818,5650.267899
3000.0,1343,5653.177787
2700.0,1230,5655.713686
3100.0,1788,5665.911544
2700.0,1473,5669.598782
3000.0,1292,5672.580603
3300.0,1588,5676.346066
2800.0,1489,5680.029427
2500.0,1252,5682.836759
3000.0,1437,5686.200574
3200.0,1577,5689.776567
3600.0,1754,5700.951618
3400.0,1690,5704.865226
2350.0,1488,5708.414552
3100.0,1370,5711.390849
3000.0,1470,5714.780374
3100.0,1261,5717.67309
3300.0,1517,5720.773851
2800.0,1163,5723.672839
3100.0,1401,5726.433674
2500.0,1253,5735.747306
2900.0,1443,5739.052261
3000.0,1348,5741.819944
2700.0,1395,5745.066209
3600.0,1570,5748.73482
1650.0,1164,5751.329275
4200.0,1750,5755.538205
2500.0,1187,5758.039825
3500.0,1453,5761.317991
2200.0,1149,5770.133104
4400.0,1745,5773.632331
2700.0,1448,5776.969687
4000.0,1724,5780.650361
2800.0,1653,5784.8452
3100.0,1384,5787.821256
2800.0,1443,5791.163721
3200.0,1512,5794.630744
3000.0,1446,5802.691276
3200.0,1654,5806.450482
3100.0,1350,5809.157368
3300.0,1555,5812.386954
2500.0,1717,5816.537995
4200.0,1605,5820.135476
2700.0,1479,5823.515988
2800.0,1537,5827.006352
2500.0,1183,5829.627787
2900.0,1518,5838.162514
4100.0,1841,5841.81223
2900.0,1284,5844.751637
3000.0,1340,5847.399527
4300.0,1841,5851.536177
3000.0,1427,5854.830237
4400.0,1870,5858.883644
2700.0,1102,5861.316486
3300.0,1392,5870.238102
2200.0,1247,5872.787524
2500.0,1243,5875.516506
3100.0,1389,5878.489332
4100.0,1620,5881.911234
3100.0,1271,5884.449522
3000.0,1395,5887.495818
3500.0,1315,5890.043353
4600.0,1738,5894.147737
2600.0,1498,5903.624844
3100.0,1311,5906.859204
3100.0,1226,5909.500813
3600.0,1425,5912.6358
2900.0,1309,5915.530573
3800.0,1481,5918.450149
3600.0,1863,5922.870549
2350.0,1103,5925.335843
3100.0,1534,5929.12982
3000.0,1357,5938.761634
3100.0,1307,5941.526284
3200.0,1139,5944.023556
2800.0,1362,5947.215637
3800.0,1574,5950.682643
2500.0,1442,5953.865618
2900.0,1205,5956.337236
4500.0,2091,5960.943261
3300.0,1556,5964.195743
3500.0,1539,5972.809073
3000.0,1415,5976.117494
550.0,362,5977.079206
3600.0,1504,5980.193591
3000.0,1342,5983.394939
3200.0,1563,5986.948487
3100.0,1345,5989.898955
3800.0,1587,5993.232945
3700.0,1564,5996.728206
750.0,535,5997.896087
2900.0,1536,6006.859648
3300.0,1644,6010.467781
3000.0,1523,6013.856445
3300.0,1397,6016.773548
2800.0,1553,6020.543002
1800.0,948,6022.64398
3400.0,1380,6025.677656
2900.0,1103,6027.872041
2600.0,1280,6030.441683
2800.0,1473,6039.230662
4000.0,1658,6042.66073
3100.0,1475,6045.994102
2500.0,1570,6049.727087
4900.0,1880,6054.120218
3000.0,1565,6057.803948
3000.0,1437,6061.296961
3000.0,1456,6064.196179
2250.0,1073,6066.372227
3500.0,1461,6075.835845
2800.0,1326,6078.91833
2800.0,1284,6081.423082
2900.0,1323,6084.549923
2900.0,1546,6088.04797
2400.0,1204,6090.667028
2500.0,1666,6094.451639
3700.0,1596,6098.066967
3800.0,1747,6108.513654
3200.0,1363,6111.391106
2900.0,1494,6114.902483
3900.0,1508,6118.085198
4100.0,1589,6121.350152
2400.0,1479,6124.616258
2500.0,1484,6127.940278
2600.0,1377,6131.244135
2350.0,1357,6134.235101
3200.0,1283,6143.34535
3000.0,1457,6146.860197
3600.0,1521,6150.204874
3000.0,1505,6153.628374
2800.0,1310,6156.879079
3900.0,1867,6160.909641
3300.0,1551,6164.524597
2800.0,1372,6167.936207
3200.0,1498,6177.330195
1600.0,1106,6179.904911
2400.0,1613,6183.355013
3700.0,1530,6186.720165
4100.0,1492,6190.150392
2500.0,1452,6193.50196
2900.0,1265,6196.130073
3800.0,1540,6199.71965
3500.0,1462,6203.137577
3100.0,1365,6212.211776
4900.0,2014,6216.616829
3400.0,1447,6220.13051
3000.0,1279,6223.14422
3100.0,1325,6225.894544
3000.0,1274,6229.100557
3400.0,1684,6232.777152
3300.0,1422,6236.005147
2500.0,1470,6238.913377
3100.0,1421,6247.70842
4000.0,1540,6251.167841
4200.0,1630,6255.065783
1050.0,578,6256.445644
3800.0,1568,6260.196187
2700.0,1231,6263.372267
2800.0,1390,6266.401047
2500.0,1188,6269.615647
1500.0,810,6271.387163
3600.0,1434,6274.874872
3400.0,1611,6284.406487
1850.0,1250,6287.242127
3700.0,1474,6290.880673
4500.0,1674,6295.123309
3500.0,1651,6298.840167
2600.0,1143,6301.432815
3900.0,1569,6305.085625
2800.0,1182,6307.540565
3100.0,1456,6311.101318
3800.0,1599,6320.889307
2600.0,1482,6324.523745
2700.0,1324,6327.509469
2500.0,1142,6330.303129
2400.0,1084,6332.670528
3400.0,1600,6336.499013
2600.0,1302,6339.374466
2800.0,1366,6342.644023
3500.0,1464,6345.75129
3800.0,1842,6355.378557
3000.0,1315,6358.63514
4000.0,1760,6362.417711
3500.0,1500,6365.954538
3900.0,1579,6369.547572
2400.0,1279,6372.667165
3100.0,1229,6375.278156
3200.0,1289,6378.016356
3300.0,1407,6381.284573
2600.0,1225,6389.382216
4000.0,1671,6393.036009
2450.0,1202,6395.520358
3700.0,1302,6398.437279
3000.0,1312,6401.058845
3200.0,1510,6404.472322
2800.0,1604,6408.096776
2050.0,1045,6410.451262
3200.0,1310,6413.697495
4700.0,1880,6423.23266
2600.0,1400,6426.536163
2500.0,1336,6429.29921
3500.0,1581,6432.768561
2900.0,1431,6435.824172
2900.0,1368,6438.74279
3400.0,1515,6442.111257
3200.0,1451,6445.336467
3700.0,1427,6453.449606
4100.0,1676,6457.376099
450.0,319,6457.77312
3100.0,1705,6461.443403
2700.0,1588,6464.894198
3100.0,1258,6468.054994
3000.0,1395,6471.319015
2700.0,1323,6474.02476
3000.0,1175,6476.554646
3200.0,1384,6479.94729
3800.0,1579,6489.523149
3300.0,1384,6492.986211
2900.0,1304,6495.673267
3100.0,1532,6498.948227
3700.0,1389,6501.9159
2450.0,1153,6504.431956
3700.0,1577,6508.104811
4300.0,1620,6511.752413
5400.0,1972,6520.748653
3600.0,1814,6524.942609
3500.0,1431,6527.828796
3600.0,1439,6531.21699
4000.0,1603,6534.75944
3100.0,1379,6538.000487
2900.0,1221,6540.520575
3600.0,1956,6545.043712
3600.0,1373,6548.317583
1600.0,906,6555.889383
3400.0,1636,6559.370174
3700.0,1505,6562.84888
3700.0,1567,6566.488487
2600.0,1240,6569.45455
4000.0,1648,6573.094663
3400.0,1358,6576.161586
3000.0,1274,6578.619917
3200.0,1363,6581.716556
4100.0,1663,6591.157504
2500.0,1291,6593.779129
3100.0,1312,6596.768062
3100.0,1239,6599.462484
2500.0,1199,6602.139226
3100.0,1546,6605.653741
3100.0,1587,6609.769574
2500.0,1383,6612.465374
2900.0,1217,6615.293584
3400.0,1399,6623.401546
3400.0,1563,6626.894103
2250.0,1129,6629.397868
3200.0,1175,6632.306304
2500.0,1100,6634.846584
2900.0,1474,6638.41313
2600.0,1655,6642.151054
2600.0,1459,6645.42095
3100.0,1370,6648.171171
3500.0,1572,6657.345608
2500.0,1269,6660.340899
2900.0,1286,6663.112711
4200.0,1725,6667.309059
3000.0,1159,6669.860083
3100.0,1295,6672.335734
2700.0,1224,6675.081203
2700.0,1251,6677.721652
2900.0,1233,6680.340382
2900.0,1277,6683.403877
1650.0,825,6691.286334
2200.0,1063,6693.555581
2900.0,1460,6696.89431
2500.0,1564,6700.501734
3000.0,1351,6703.684671
3400.0,1551,6707.297656
2900.0,1557,6710.913107
3400.0,1290,6713.444577
2800.0,1435,6716.498486
3100.0,1260,6725.07238
2600.0,1229,6727.584651
5600.0,2307,6732.247839
3800.0,1669,6736.299003
3400.0,1445,6739.169086
3000.0,1488,6742.617342
3200.0,1709,6746.76464
3400.0,1429,6749.589786
3700.0,1400,6758.017754
3000.0,1551,6761.540027
3200.0,1252,6764.283607
3100.0,1666,6768.059083
2500.0,1220,6771.158283
2900.0,1254,6774.006419
3000.0,1170,6776.590608
3000.0,1145,6779.470672
2800.0,1209,6782.091905
2700.0,1497,6785.596906
3100.0,1350,6795.109142
3300.0,1258,6798.374558
2900.0,1297,6801.314462
3000.0,1382,6804.722874
4000.0,1457,6808.211945
2800.0,1536,6811.991613
2800.0,1441,6815.422833
3600.0,1427,6818.616982
3100.0,1370,6821.802126
3900.0,1575,6830.563329
2600.0,1379,6833.829832
4400.0,1532,6837.252978
2700.0,1324,6840.073287
3000.0,1610,6843.782281
2300.0,1235,6846.673905
3300.0,1511,6849.885614
3400.0,1660,6853.594436
3600.0,1484,6856.890318
3500.0,1394,6865.558201
3600.0,1364,6868.699385
3000.0,1713,6872.349833
2200.0,1327,6875.340533
4000.0,1640,6878.86218
3200.0,1244,6881.313629
3000.0,1381,6884.369749
3100.0,1384,6887.386782
3100.0,1609,6896.758317
2600.0,1557,6900.228505
4600.0,1635,6903.882248
3300.0,1687,6907.461996
3900.0,1835,6911.6329
2700.0,1223,6914.223871
1750.0,1031,6916.668082
2700.0,1415,6920.051493
2700.0,1487,6923.098204
3200.0,1468,6933.08862
1750.0,898,6935.378251
4100.0,1684,6939.418313
3700.0,1361,6942.868604
2700.0,1290,6945.674815
2900.0,1593,6949.238577
2700.0,1678,6953.158884
2900.0,1436,6956.075509
6100.0,1993,6960.955826
3300.0,1457,6971.090653
3400.0,1391,6974.56821
3100.0,1424,6977.573549
3800.0,1764,6981.802565
4700.0,1801,6985.848651
2500.0,1676,6989.976808
2900.0,1404,6992.765248
3100.0,1403,6995.954117
2700.0,1149,7004.61602
3000.0,1529,7008.23575
3100.0,1371,7011.556209
3700.0,1691,7015.304708
2000.0,1036,7017.614167
2500.0,1217,7020.32753
2900.0,1364,7023.562319
3100.0,1385,7026.847581
3100.0,1419,7029.758636
4300.0,1510,7038.732085
3200.0,1451,7042.085533
2900.0,1178,7044.515079
2700.0,1340,7047.796589
2800.0,1635,7051.620235
3400.0,1500,7055.128622
2900.0,1526,7058.682438
3600.0,1563,7062.133832
3000.0,1247,7064.73071
3500.0,1411,7073.904983
2600.0,1471,7077.222239
4200.0,1413,7079.932598
4300.0,1498,7083.388428
3600.0,1569,7087.236901
2700.0,1395,7090.712951
2700.0,1407,7094.238235
3200.0,1501,7097.786777
2700.0,1413,7100.654063
2700.0,1154,7108.635021
4000.0,1900,7112.484682
2700.0,1434,7115.644748
2500.0,1452,7118.802821
4100.0,1545,7122.198816
3300.0,1815,7126.121155
3200.0,1680,7129.774047
1650.0,1020,7132.084002
3000.0,1494,7139.937467
4400.0,1637,7143.667808
3400.0,1521,7147.185269
3100.0,1368,7150.293626
3000.0,1429,7153.392277
3300.0,1578,7156.590558
3100.0,1677,7160.110625
2900.0,1169,7162.623878
2800.0,1701,7166.435047
3500.0,1580,7175.113199
3800.0,1488,7178.440449
4000.0,1732,7182.772361
3000.0,1339,7185.712468
2800.0,1575,7189.198528
3100.0,1302,7192.094043
3300.0,1728,7195.473263
3600.0,1614,7198.954064
3400.0,1828,7210.403177
2700.0,1307,7213.087688
3400.0,1741,7217.255386
4000.0,1709,7221.016205
6000.0,2101,7225.883503
3100.0,1372,7229.121904
2150.0,1067,7231.337805
4900.0,1875,7234.97649
3600.0,1538,7245.124251
3400.0,1673,7248.94751
3100.0,1514,7252.502401
3400.0,1513,7255.915457
3000.0,1339,7259.142314
2900.0,1297,7262.017293
3000.0,1286,7265.300427
3500.0,1945,7269.986841
3500.0,1485,7278.893739
2900.0,1314,7282.017978
2500.0,1355,7285.311205
3900.0,1564,7288.996079
3100.0,1341,7291.778013
5000.0,1772,7296.032285
4200.0,1739,7299.891508
2900.0,1310,7302.636604
2700.0,1270,7305.650457
3800.0,1678,7314.648562
2900.0,1406,7317.942519
1450.0,891,7319.621471
3100.0,1582,7323.182961
2700.0,1363,7326.42578
2450.0,1368,7329.699419
3400.0,1320,7332.444009
4600.0,1813,7336.76421
2450.0,1633,7346.196147
3600.0,1307,7348.938394
3000.0,1683,7352.829176
3500.0,1472,7356.067276
2900.0,1269,7358.789135
3100.0,1193,7361.380793
3600.0,1410,7364.696643
3000.0,1313,7367.794215
3300.0,1389,7370.668303
2450.0,1496,7374.018235
3300.0,1518,7383.214933
3400.0,1406,7386.292923
3200.0,1856,7389.705058
4300.0,1484,7392.915347
3100.0,1515,7396.301816
4400.0,1701,7399.95531
3100.0,1384,7403.220259
3100.0,1521,7406.541451
2800.0,1339,7415.939791
3200.0,1337,7419.194937
3300.0,1303,7422.375339
3000.0,1475,7425.285758
2900.0,1265,7428.153679
1050.0,590,7429.353336
2700.0,1149,7431.790138
3100.0,1396,7435.315614
3100.0,1364,7438.434833
3200.0,1500,7442.074222
3100.0,1265,7451.785393
3100.0,1515,7455.363376
2800.0,1394,7458.442141
3000.0,1509,7462.077415
3600.0,1725,7466.298711
3800.0,1458,7469.131781
2300.0,1275,7472.164943
2500.0,1205,7474.910003
2600.0,1313,7478.035988
4700.0,1945,7488.384637
3200.0,1592,7491.920832
3500.0,1478,7495.372687
2700.0,1528,7498.872795
3300.0,1350,7502.02108
2600.0,1451,7505.281608
4800.0,1988,7509.054697
2800.0,1224,7512.177763
3000.0,1572,7522.218453
2500.0,1448,7525.531755
2600.0,1382,7529.04342
3600.0,1583,7532.718499
3600.0,1568,7536.394063
3900.0,1458,7539.94256
3100.0,1340,7543.416291
2000.0,995,7545.361501
2700.0,1293,7548.531533
3000.0,1559,7558.155041
3700.0,1510,7561.891572
3800.0,1622,7565.889253
2100.0,1106,7568.53289
3200.0,1521,7572.270199
2500.0,1280,7575.571963
2600.0,1142,7578.2926
3200.0,1485,7581.98732
2700.0,1454,7585.386886
2400.0,1338,7594.747654
3100.0,1450,7598.320329
3100.0,1521,7601.839223
3800.0,1888,7605.782326
3400.0,1489,7609.180734
3100.0,1469,7612.477293
3500.0,1722,7616.221943
3300.0,1566,7620.010086
3400.0,1666,7631.334416
3300.0,1657,7635.227531
3400.0,1696,7639.350881
3500.0,1548,7643.12734
4300.0,2034,7648.139202
2600.0,1396,7651.644949
3300.0,1438,7654.679776
2500.0,1337,7657.998746
2800.0,1350,7666.990813
3400.0,1367,7669.833427
2900.0,1243,7672.824523
1800.0,952,7674.629052
2800.0,1491,7678.279723
3400.0,1623,7682.089885
3200.0,1315,7685.289822
4000.0,1723,7689.305455
2350.0,995,7691.615137
3100.0,1426,7695.06781
2700.0,1506,7704.733494
2900.0,1471,7708.050665
2700.0,1587,7711.393091
2450.0,1552,7714.75756
4100.0,1840,7718.781018
3100.0,1502,7722.505099
2050.0,1065,7725.032997
3700.0,1381,7728.474126
3000.0,1397,7737.680378
2900.0,1217,7740.514786
2900.0,1218,7743.39128
2900.0,1375,7746.702344
3600.0,1318,7749.383137
3000.0,1511,7752.55387
3200.0,1369,7755.823442
2900.0,1376,7759.28503
2900.0,1430,7762.451245
3000.0,1355,7772.147417
4300.0,1570,7775.804982
3400.0,1649,7779.620255
3100.0,1601,7783.450294
2900.0,1262,7786.536623
3100.0,1603,7789.919031
3900.0,1457,7792.686945
2800.0,1277,7795.878776
3500.0,1673,7799.683378
5700.0,2191,7811.251446
3700.0,1709,7815.425583
3000.0,1319,7818.386158
2900.0,1310,7821.743744
2500.0,1470,7825.46733
3000.0,1253,7828.075449
2900.0,1202,7830.723685
4900.0,1935,7835.473964
2600.0,1306,7846.115533
2100.0,923,7848.288598
4300.0,1569,7851.932998
2050.0,1279,7855.135803
3200.0,1376,7858.146869
2800.0,1428,7861.737536
3200.0,1374,7865.110516
3200.0,1548,7868.68929
4100.0,1877,7872.554891
3200.0,1141,7882.006964
4400.0,1712,7886.052094
2600.0,1337,7888.848669
2600.0,1152,7891.899823
2900.0,1668,7895.825435
2800.0,1470,7899.404095
3500.0,1483,7902.930387
2900.0,1325,7905.760778
2700.0,1244,7908.46573
3400.0,1388,7916.696064
4200.0,1769,7921.066831
2900.0,1303,7923.985601
3500.0,1451,7927.554016
3100.0,1409,7930.91793
2900.0,1380,7933.989016
3400.0,1356,7937.431872
3100.0,1525,7941.142737
2700.0,1405,7944.360993
3100.0,1606,7954.356791
3800.0,1659,7957.868404
3700.0,1627,7961.584
2600.0,1225,7964.371534
4000.0,1740,7968.740449
2500.0,1335,7971.710169
2700.0,1329,7975.023154
2150.0,1078,7977.452568
3800.0,1886,7987.94075
3200.0,1507,7991.498046
3000.0,1514,7994.813887
3100.0,1304,7997.835799
3500.0,1591,8001.365959
4400.0,1865,8005.599034
2700.0,1720,8009.924695
3800.0,1602,8013.684647
2200.0,1209,8016.364534
1250.0,718,8024.339805
3000.0,1535,8028.047248
3300.0,1564,8031.727443
2800.0,1364,8034.592053
3500.0,1787,8038.844728
3000.0,1394,8041.674281
2800.0,1286,8044.819769
2900.0,1492,8048.451243
3300.0,1391,8051.427596
2500.0,1559,8061.087817
2600.0,1522,8064.733868
2700.0,1448,8068.31556
3000.0,1331,8071.564939
3500.0,1394,8074.580353
2050.0,941,8076.818489
4000.0,1498,8080.149402
2800.0,1444,8083.272653
2900.0,1431,8086.208783
1550.0,897,8094.543298
1450.0,916,8096.855055
2800.0,1438,8100.397877
3000.0,1263,8103.245275
3000.0,1258,8106.059229
4200.0,2127,8111.505277
2600.0,1269,8114.140831
2100.0,1165,8116.770158
2900.0,1563,8120.355471
2700.0,1358,8123.437638
2700.0,1241,8131.172912
2500.0,1458,8134.788698
3400.0,1475,8138.417594
3200.0,1392,8141.550751
3600.0,1389,8145.081487
3500.0,1871,8149.678092
2900.0,1244,8152.549979
2600.0,1144,8155.106486
3100.0,1329,8158.455652
4000.0,1886,8167.945199
3300.0,1395,8170.986518
3200.0,1436,8174.419001
2800.0,1135,8177.083317
2700.0,1267,8180.293796
1750.0,1040,8182.808578
2800.0,1602,8186.705457
2900.0,1427,8189.744918
2600.0,1256,8192.944446
2700.0,1255,8201.872201
3000.0,1383,8204.981088
3200.0,1581,8208.598897
2800.0,1407,8211.998794
3600.0,1618,8215.639999
4200.0,1827,8219.824945
3300.0,1434,8223.371825
3200.0,1558,8227.145941
2600.0,1252,8236.253661
3600.0,1657,8240.526008
3100.0,1320,8243.357073
3600.0,1721,8247.56872
3400.0,1453,8250.679085
4400.0,2040,8255.641685
3000.0,1315,8258.949261
3500.0,1402,8262.445837
2500.0,1339,8265.459786
3400.0,1508,8274.320373
2500.0,1312,8277.201977
2000.0,1335,8280.486318
3700.0,1685,8284.244545
3200.0,1653,8287.694724
3000.0,1628,8291.673935
2450.0,1176,8294.248997
2700.0,1362,8297.274553
3400.0,1486,8307.600744
2900.0,1377,8310.971879
2600.0,1267,8313.558282
4000.0,1753,8317.510736
3100.0,1660,8321.190489
3700.0,1509,8324.677821
3700.0,1675,8328.12842
2600.0,1246,8330.988665
2900.0,1579,8334.469249
3200.0,1348,8342.639022
3000.0,1397,8346.125778
3200.0,1595,8349.919969
3300.0,1569,8353.624734
4700.0,1807,8357.573447
2200.0,1195,8360.523848
2900.0,1573,8364.292233
3700.0,1625,8367.749053
1550.0,887,8369.718524
2600.0,1318,8379.060938
2900.0,1433,8382.602169
2800.0,1592,8386.421725
3200.0,1788,8390.359385
3400.0,1375,8393.382927
2800.0,1514,8396.527687
3900.0,1516,8399.732377
3700.0,1767,8403.682739
2600.0,1238,8413.26101
2500.0,1463,8416.323126
2700.0,1371,8419.70567
2800.0,1482,8423.327808
4000.0,1529,8426.909415
3700.0,1845,8430.761832
2800.0,1228,8433.590703
2900.0,1501,8436.937598
2600.0,1308,8439.86417
2600.0,1416,8449.122444
3100.0,1561,8452.650006
3400.0,1518,8456.054512
2900.0,1489,8459.481347
2900.0,1408,8462.585001
3700.0,1624,8466.28887
4500.0,1755,8470.62181
3200.0,1454,8474.074447
3800.0,1528,8483.393758
3200.0,1362,8486.420392
3100.0,1397,8489.768668
3200.0,1611,8493.481399
3100.0,1200,8496.03173
3500.0,1768,8500.164402
2000.0,921,8501.808554
3600.0,1562,8505.554649
3000.0,1201,8508.69578
2700.0,1429,8517.616852
1950.0,942,8520.014197
2700.0,1437,8523.68259
3500.0,1605,8527.529032
2350.0,1328,8530.732965
3100.0,1475,8534.15448
3700.0,1453,8537.012429
3300.0,1696,8541.090903
3000.0,1341,8543.948289
3400.0,1587,8553.474722
3100.0,1486,8556.805031
3900.0,1676,8560.774574
2900.0,1530,8564.472068
5100.0,1869,8569.076155
4200.0,1600,8572.691147
2100.0,1178,8575.201496
3000.0,1446,8578.510291
3500.0,1577,8587.763638
2700.0,1355,8591.090477
3600.0,1391,8594.003782
5600.0,2090,8598.927394
700.0,507,8600.135411
3200.0,1529,8603.880064
3500.0,1403,8607.345966
3300.0,1653,8611.287252
6400.0,2391,8622.704737
1650.0,1076,8625.177822
3200.0,1413,8628.492507
3000.0,1389,8631.398198
3200.0,1578,8635.057018
3500.0,1623,8638.914995
2700.0,1366,8642.338522
2900.0,1312,8645.728499
2300.0,1285,8648.683622
3000.0,1367,8652.087448
2900.0,1419,8661.439168
3100.0,1289,8664.576446
3000.0,1331,8667.319952
2600.0,1254,8670.137789
4400.0,1648,8673.718131
3100.0,1237,8676.512156
3000.0,1512,8680.185715
3000.0,1580,8683.95529
5700.0,2374,8694.556258
3100.0,1441,8697.897179
3400.0,1501,8701.456845
3400.0,1463,8704.636125
7700.0,2448,8710.369619
3900.0,1477,8713.628349
4200.0,1715,8717.51233
3100.0,1386,8720.940457
3600.0,1485,8730.910408
3400.0,1390,8733.835481
3000.0,1419,8736.954324
2600.0,1258,8739.960549
4200.0,1842,8744.146096
3000.0,1392,8747.619204
2800.0,1344,8750.481547
3700.0,1407,8753.631401
2600.0,1190,8756.361101
2600.0,1221,8765.222199
1800.0,1325,8768.110994
5300.0,2122,8773.196052
3300.0,1716,8777.297255
1950.0,919,8779.134902
2800.0,1362,8782.473176
5000.0,1786,8786.59464
3600.0,1651,8790.528618
3200.0,1377,8798.65275
5600.0,1926,8803.346799
2100.0,1162,8805.885473
3100.0,1393,8809.291232
2000.0,964,8811.677978
2900.0,1692,8815.609889
3400.0,1733,8819.455962
3000.0,1435,8822.908684
2600.0,1329,8826.285827
3400.0,1487,8835.656027
3100.0,1842,8840.099878
3700.0,1613,8843.793382
3500.0,2087,8848.598216
3800.0,1558,8852.275311
2800.0,1358,8855.587834
5500.0,2343,8860.772753
3300.0,1552,8870.373795
3300.0,1532,8873.851914
2900.0,1742,8878.015639
2800.0,1282,8880.901597
3400.0,1277,8883.748374
2800.0,1349,8887.092676
4200.0,1494,8890.631256
3600.0,1563,8894.492829
4900.0,2221,8904.666426
2800.0,1622,8908.402936
5300.0,1786,8912.699925
3000.0,1313,8915.406546
2900.0,1261,8918.522583
3000.0,1320,8921.187082
3600.0,1349,8924.582428
2900.0,1394,8928.015642
2200.0,1168,8930.623816
3400.0,1605,8939.956738
3900.0,1756,8943.954026
2400.0,1133,8946.847082
2600.0,1510,8949.875677
3800.0,1522,8953.350184
3300.0,1483,8956.704948
4500.0,1597,8960.334253
2900.0,1300,8963.515268
3000.0,1371,8966.559132
2600.0,1191,8975.723112
2800.0,1277,8978.386333
3500.0,1667,8982.136165
2800.0,1152,8985.143147
3800.0,1810,8989.252712
3400.0,1666,8992.965874
4600.0,1867,8997.461628
1500.0,725,8998.977174
2500.0,1331,9002.157765
2900.0,1568,9011.548912
3000.0,1322,9014.343743
2800.0,1206,9017.412286
5000.0,1829,9021.368924
3100.0,1418,9024.795827
4000.0,1976,9029.63823
2450.0,1594,9033.156553
1250.0,593,9034.4301
3900.0,1816,9038.988734
4300.0,1404,9047.37453
2700.0,1380,9050.724451
2300.0,1431,9054.229621
3100.0,1447,9057.394746
3100.0,1665,9061.513959
2800.0,1441,9064.585898
3900.0,1615,9068.642428
3200.0,1332,9071.537287
2600.0,1288,9080.903912
4900.0,2006,9085.22954
4300.0,2068,9089.964361
3700.0,1894,9094.480338
3000.0,1527,9097.935508
3000.0,1254,9100.543003
4400.0,1914,9104.877048
4000.0,1547,9108.53534
3500.0,1509,9117.814709
3400.0,1612,9121.727078
3600.0,1376,9125.011079
2700.0,1286,9127.752919
3400.0,1326,9130.917641
5100.0,1930,9135.256881
3300.0,1527,9138.951107
3400.0,1403,9142.400285
3700.0,1481,9151.438831
2200.0,1157,9154.004458
2700.0,1226,9156.66143
3900.0,1673,9161.079648
4100.0,1609,9164.903594
2800.0,1333,9167.766491
2500.0,1141,9170.225017
3000.0,1307,9173.324969
4500.0,1809,9177.328894
3400.0,1732,9188.600421
4800.0,2079,9193.485827
2800.0,1317,9196.365805
3000.0,1433,9199.898292
2700.0,1187,9202.671978
6400.0,2333,9208.49616
10500.0,3490,9216.814042
5100.0,1900,9227.448581
4400.0,1949,9232.170664
3500.0,1591,9235.710287
3200.0,1468,9239.076357
2900.0,1230,9241.834659
3400.0,1300,9245.11905
4100.0,1621,9248.991705
2800.0,1125,9251.509996
4200.0,1669,9262.085256
5100.0,2084,9266.788936
3500.0,1568,9270.507947
2900.0,1340,9273.748497
2450.0,1532,9277.206701
2900.0,1234,9279.782199
3500.0,1440,9283.212782
3200.0,1509,9286.703635
3900.0,1760,9296.348959
3500.0,1465,9299.830279
2900.0,1407,9303.299499
3300.0,1515,9306.722826
3400.0,1317,9309.513273
3300.0,1318,9312.856832
2800.0,1360,9315.699953
4400.0,1821,9320.037889
1850.0,1003,9322.442731
3100.0,1370,9331.77694
3300.0,1431,9335.25933
3300.0,1483,9338.674436
2800.0,1274,9341.551994
3100.0,1499,9345.087078
3300.0,1279,9348.187985
2500.0,1323,9351.014724
3000.0,1482,9354.567845
3200.0,1238,9357.574625
2800.0,1529,9367.517116
3400.0,1241,9370.757946
3100.0,1338,9373.715375
3400.0,1796,9378.098981
3900.0,1576,9381.661832
3300.0,1494,9385.208868
4300.0,1660,9388.946238
2900.0,1399,9392.233019
3100.0,1383,9395.292754
3000.0,1540,9404.973206
2900.0,1751,9409.360228
3300.0,1697,9413.242985
4100.0,1695,9417.215502
2900.0,1421,9420.59892
4200.0,1810,9424.558488
3200.0,1400,9427.999811
2700.0,1257,9431.190731
4100.0,1723,9441.744541
3000.0,1740,9445.584739
4000.0,1491,9449.210289
2700.0,1435,9452.772544
2500.0,1381,9456.299821
3500.0,1405,9459.229916
5300.0,1889,9463.684691
4200.0,1363,9466.600654
2600.0,1220,9476.243958
5000.0,1697,9480.116908
4200.0,1786,9484.082063
3100.0,1372,9487.415923
2900.0,1422,9490.876991
3400.0,1462,9494.311594
3200.0,1454,9497.522868
3300.0,1576,9501.441195
3400.0,1541,9511.47151
4800.0,1540,9515.031595
3600.0,1335,9517.827329
2000.0,1100,9520.32193
2600.0,1208,9523.058836
1600.0,887,9525.282361
3800.0,1776,9529.89916
3900.0,1651,9533.669637
3100.0,1459,9537.23523
3700.0,1442,9540.194317
3200.0,1298,9550.953456
3300.0,1393,9554.125721
3600.0,1586,9557.530945
3100.0,1388,9560.433792
3400.0,1465,9564.006109
2600.0,1456,9567.393889
3700.0,1262,9570.169904
3800.0,1397,9573.500392
3900.0,1862,9585.118177
4600.0,1931,9588.86902
3200.0,1724,9592.995708
3100.0,1281,9595.734709
2400.0,1327,9598.910013
3100.0,1444,9601.818315
4300.0,1832,9606.491058
3200.0,1514,9610.057232
2700.0,1227,9612.678508
4900.0,1859,9623.038468
3300.0,1429,9626.280095
3600.0,1539,9629.142437
3000.0,1276,9631.91729
4400.0,1721,9635.475818
2600.0,1320,9638.502916
4900.0,2420,9643.315978
5800.0,1972,9654.949984
3900.0,1488,9658.521411
3000.0,1533,9662.057278
5000.0,2060,9666.869959
2800.0,1564,9670.44461
2500.0,1225,9673.139439
4500.0,1878,9677.439316
3700.0,1616,9680.913753
2500.0,1297,9690.988582
3100.0,1356,9694.008808
3400.0,1383,9697.525804
3900.0,1632,9701.494174
3500.0,1382,9704.904486
3900.0,1552,9708.493556
2800.0,1525,9711.995548
3900.0,1696,9715.747522
2400.0,1401,9718.961904
4800.0,1890,9730.278446
3100.0,1402,9733.709424
2000.0,1116,9736.271168
4000.0,1535,9739.94118
3200.0,1500,9743.500693
2500.0,1180,9746.069418
4500.0,1766,9750.319942
4200.0,1944,9754.566185
4600.0,1656,9764.100041
4000.0,1644,9767.829981
3400.0,1421,9770.825158
3700.0,1692,9775.064007
4300.0,1754,9779.058608
2900.0,1147,9781.739152
3100.0,1532,9785.449395
4900.0,2059,9790.340267
3500.0,1404,9799.808718
2900.0,1309,9802.344752
3700.0,1664,9806.173481
3600.0,1441,9808.922949
4200.0,1608,9812.827944
2800.0,1253,9815.385815
3300.0,1575,9818.96878
4200.0,1779,9822.968365
3600.0,1782,9833.095868
3600.0,1474,9836.436091
3200.0,1291,9838.962834
3000.0,1276,9841.996387
3100.0,1563,9845.250816
4700.0,1787,9849.367056
2800.0,1212,9852.088036
3500.0,1421,9855.611605
5200.0,2096,9867.20974
3100.0,1432,9870.697702
4300.0,1643,9874.532852
2500.0,1409,9877.950721
4300.0,1874,9881.620949
2900.0,1510,9884.870116
2450.0,1549,9888.580177
3100.0,1387,9892.014258
3300.0,1428,9901.774402
2700.0,1522,9905.505583
3300.0,1773,9909.31022
4500.0,1822,9913.883076
4200.0,1782,9917.839994
3000.0,1438,9920.968864
2000.0,913,9922.486109
2600.0,1195,9925.228084
3400.0,1444,9928.664739
5900.0,1959,9939.052345
3900.0,1583,9942.742108
3900.0,1388,9946.064928
1650.0,1128,9948.640547
2800.0,1460,9952.337622
3900.0,1814,9956.87402
2700.0,1194,9959.5277
2700.0,1253,9961.96616
6700.0,2530,9973.965961
3100.0,1229,9977.125003
2500.0,1343,9980.123708
3200.0,1484,9983.760424
5100.0,2065,9988.694062
2900.0,1639,9992.492556
4800.0,1870,9997.154093
3000.0,1557,10000.618773
3400.0,1706,10009.30601
3400.0,1342,10012.853347
3400.0,1376,10015.787606
4100.0,1614,10019.651085
3600.0,1392,10023.15898
4100.0,1789,10027.421744
3300.0,2174,10032.346432
3000.0,1256,10035.099769
4200.0,1606,10043.932728
3200.0,1267,10046.829699
2700.0,1224,10049.449525
3700.0,1782,10053.586206
2500.0,1372,10057.006483
3100.0,1497,10060.696182
3700.0,1761,10064.71363
3000.0,1555,10068.433944
3200.0,1288,10078.597088
2250.0,1095,10081.088676
3100.0,1412,10084.194978
5500.0,2253,10088.900418
3700.0,1505,10092.431898
5200.0,1839,10096.49055
3900.0,1901,10100.853059
4600.0,1877,10105.545178
3200.0,1850,10116.576715
3200.0,1481,10120.106157
3800.0,1715,10123.831057
2700.0,1394,10126.962445
3500.0,1551,10130.411417
3600.0,1563,10134.120733
6400.0,2581,10140.083148
4400.0,2203,10151.167178
4900.0,2300,10156.913004
3700.0,1532,10160.39541
2800.0,1344,10163.231324
3600.0,1668,10167.175092
4100.0,1768,10170.874793
2600.0,1251,10173.633684
3000.0,1296,10176.93436
2900.0,1143,10187.825468
3600.0,1518,10191.481707
5000.0,1766,10195.451458
3000.0,1256,10198.665651
4200.0,1667,10202.492269
2900.0,1398,10205.892602
3100.0,1572,10209.355992
5600.0,2219,10214.03908
3400.0,1507,10224.596787
2600.0,1314,10227.429988
5500.0,2276,10233.02443
6200.0,2554,10239.107783
3300.0,1504,10242.43653
5400.0,1872,10246.303503
4300.0,2041,10250.738841
3100.0,1567,10260.310707
4600.0,1884,10264.771413
3300.0,1367,10268.091786
3000.0,1422,10271.233074
3300.0,1434,10274.819798
4600.0,1702,10278.761982
3500.0,1494,10282.235413
3200.0,1651,10285.917954
3000.0,1393,10293.642264
5100.0,1953,10298.299104
3200.0,1587,10302.049211
2700.0,1258,10304.987805
2700.0,1542,10308.777703
3200.0,1326,10312.13584
4500.0,1766,10316.265547
2900.0,1651,10320.055781
2600.0,1401,10329.718934
7000.0,2447,10335.15837
3200.0,1728,10338.941883
1800.0,1016,10341.348985
2400.0,1095,10343.776489
3800.0,1637,10347.499525
5300.0,2016,10352.40681
4400.0,1603,10355.830551
3400.0,1550,10365.793371
850.0,520,10366.967203
2800.0,1374,10370.362806
3300.0,1524,10373.817206
5600.0,2371,10378.779864
4000.0,1841,10383.345431
2300.0,1333,10386.705679
4600.0,1559,10390.495012
4700.0,2027,10402.181332
4300.0,1640,10406.142534
4800.0,1740,10410.218474
3200.0,1422,10413.62222
3500.0,1576,10417.06741
2500.0,1396,10419.924065
4800.0,1855,10424.435511
3000.0,1630,10427.873469
3700.0,1732,10436.666244
3300.0,1505,10440.007371
5600.0,2309,10445.211576
2800.0,1334,10447.804771
5000.0,2141,10452.220121
3500.0,1369,10455.176703
3900.0,1952,10459.247756
2500.0,1392,10468.304034
4600.0,1787,10472.548043
3700.0,1731,10476.454236
3400.0,1458,10479.844823
4000.0,1794,10483.999938
3500.0,1543,10487.413362
2600.0,1233,10489.940148
6000.0,2638,10500.888075
2800.0,1454,10503.97193
4500.0,2059,10508.581896
2600.0,1405,10511.530404
3600.0,1522,10514.85215
2800.0,1654,10518.905548
3700.0,1568,10522.422434
3700.0,1462,10525.657799
3800.0,1826,10534.999202
4500.0,1774,10538.558352
4000.0,1938,10542.952246
3100.0,1504,10546.332583
2500.0,1243,10548.988683
4600.0,1807,10553.308008
5300.0,2018,10557.805132
4100.0,1691,10561.484539
2800.0,1311,10570.114535
3300.0,1727,10573.479848
3300.0,1336,10576.096213
2700.0,1408,10579.392498
3300.0,1695,10582.835995
3800.0,1618,10586.657707
2600.0,1342,10589.57029
3200.0,1720,10593.849726
3300.0,1628,10603.51984
3600.0,1695,10607.312492
2900.0,1342,10609.95052
3200.0,1358,10612.917093
2700.0,1360,10616.087627
1900.0,1209,10618.635806
3000.0,1212,10621.090842
6000.0,2319,10626.225761
3900.0,1512,10635.933403
3200.0,1457,10638.870593
2800.0,1174,10641.854707
3600.0,1714,10645.539938
3600.0,1485,10648.661415
3800.0,1652,10652.280908
2400.0,1355,10655.614947
3200.0,1470,10658.611663
3000.0,1356,10661.549212
3100.0,1443,10671.011075
3500.0,1538,10674.610946
4400.0,1931,10678.853172
4100.0,1574,10682.903233
3900.0,1555,10686.024217
4000.0,1997,10690.33408
3400.0,1761,10694.393342
4800.0,2049,10704.92241
3900.0,1802,10708.80373
3400.0,1407,10711.968524
3800.0,1724,10715.678372
3000.0,1412,10718.918607
2050.0,1207,10721.57005
3100.0,1411,10724.991889
4400.0,1912,10729.426407
3400.0,1543,10732.731402
4000.0,1559,10742.507497
3900.0,1768,10746.146115
3900.0,1861,10750.572943
4500.0,1694,10754.217571
3800.0,1688,10757.95348
2700.0,1252,10760.528703
2800.0,1484,10763.784421
3600.0,1386,10766.797831
3400.0,1749,10776.729826
4100.0,1888,10781.188515
7100.0,2491,10786.673564
2800.0,1380,10789.528834
3300.0,1236,10792.538923
3500.0,1504,10795.995293
2800.0,1374,10799.075004
3300.0,1806,10810.080407
3500.0,1658,10813.666516
2900.0,1318,10816.750286
3900.0,1539,10819.703124
4900.0,2045,10823.976433
3600.0,1929,10828.478811
3400.0,1842,10832.71794
3800.0,1686,10842.601404
1950.0,947,10844.665716
1900.0,976,10846.856815
2900.0,1277,10849.570025
2600.0,1304,10852.643412
5100.0,1922,10856.811699
3800.0,1515,10860.291394
2500.0,1399,10863.495425
6400.0,2304,10868.470501
2900.0,1381,10878.35292
2600.0,1367,10881.440026
5600.0,2077,10885.709971
3000.0,1424,10888.443785
1550.0,800,10890.280662
2800.0,1166,10892.73318
3300.0,1288,10895.758838
4300.0,1883,10899.550921
3600.0,1986,10903.779703
3300.0,1505,10913.453089
6100.0,2502,10919.072756
3400.0,1425,10922.08204
5000.0,2072,10926.421458
3400.0,1484,10929.766045
2600.0,1363,10932.461886
1500.0,961,10934.677417
4200.0,1763,10944.369323
3900.0,1785,10948.709083
4100.0,1861,10952.693703
6000.0,2228,10958.129506
3000.0,1730,10961.966585
3200.0,1391,10965.179093
3700.0,1762,10969.128022
3600.0,1647,10972.791904
3900.0,1735,10983.654705
2450.0,1272,10986.492171
2800.0,1417,10989.949177
3300.0,1472,10993.526338
6700.0,2349,10998.972254
2100.0,1052,11001.412258
3800.0,1543,11005.052205
3500.0,1635,11008.736147
4000.0,1594,11018.341976
2600.0,1330,11021.269429
4600.0,1804,11024.797451
2600.0,1116,11027.699381
1550.0,846,11029.309843
5200.0,1939,11034.116591
2500.0,1352,11037.717441
3100.0,1453,11040.986473
2700.0,1157,11044.02829
3200.0,1437,11053.963261
3200.0,1468,11057.385027
6200.0,2387,11062.697144
6300.0,2118,11066.994617
3400.0,1721,11070.776409
3000.0,1245,11073.904208
6600.0,2576,11079.735194
2500.0,1363,11089.491973
3200.0,1419,11092.772107
4000.0,1794,11096.599399
4700.0,1589,11100.054974
3300.0,1610,11103.661402
5300.0,2227,11108.365715
1350.0,671,11109.812573
3700.0,1536,11113.210659
2600.0,1341,11123.2505
3800.0,1644,11126.612494
2500.0,1213,11129.055724
3100.0,1498,11132.518308
3700.0,1936,11136.943683
2300.0,922,11139.139367
5600.0,1901,11142.981211
3600.0,1459,11146.105411
3500.0,1257,11148.793975
3200.0,1335,11158.388023
3800.0,1782,11162.167478
2500.0,1288,11165.166597
3200.0,1382,11168.362932
2500.0,1238,11170.934789
3400.0,1644,11174.689661
4800.0,2290,11179.853121
3700.0,1564,11183.023696
2800.0,1322,11192.030561
3600.0,1539,11195.731237
4200.0,1631,11199.606461
6400.0,2554,11205.519651
3900.0,1689,11209.191338
4100.0,1965,11213.608407
4100.0,1766,11217.918882
3200.0,1492,11226.664026
5000.0,1764,11230.777535
3600.0,1346,11233.734215
4200.0,1701,11238.094156
3600.0,1459,11241.49562
3800.0,1638,11244.968145
3300.0,1563,11248.685532
4000.0,1631,11252.390707
4300.0,2139,11263.123353
4100.0,1585,11266.317063
4700.0,2048,11271.000103
5300.0,2205,11275.859238
3600.0,1427,11279.060202
4700.0,1654,11282.42044
3200.0,1340,11285.565537
3100.0,1313,11295.212008
3600.0,1561,11298.61869
3600.0,1540,11301.871658
5600.0,1928,11306.066622
6900.0,2435,11311.538682
3200.0,1325,11314.376476
4000.0,1599,11317.833225
2700.0,1175,11320.584284
4300.0,1907,11331.91953
4900.0,2124,11336.825004
4100.0,1600,11340.895881
2700.0,1342,11343.65664
7100.0,2544,11348.951943
2700.0,1189,11351.526568
2600.0,1328,11354.654949
3900.0,1791,11365.906184
6000.0,2780,11373.043298
4200.0,1527,11376.731347
3300.0,1487,11380.329602
3000.0,1503,11383.508439
4300.0,1818,11387.888926
6400.0,2018,11392.410378
5300.0,2297,11405.462265
3600.0,1737,11409.84465
2600.0,1447,11412.933714
4100.0,1508,11416.449991
2450.0,1137,11419.264266
3600.0,1698,11423.003402
3300.0,1503,11426.354961
2500.0,1325,11429.261541
3400.0,1505,11439.883062
2900.0,1324,11443.112408
6200.0,2318,11448.391901
3900.0,1715,11452.414308
3000.0,1195,11455.485096
3000.0,1435,11458.589272
3700.0,1576,11462.285635
2800.0,1366,11465.544757
3900.0,1669,11475.545144
2300.0,1205,11478.650117
2700.0,1464,11481.662097
5300.0,1992,11486.149092
2700.0,1359,11489.48753
3900.0,1801,11493.5618
3200.0,1398,11497.070482
5200.0,2123,11502.163484
2150.0,1000,11511.060814
4300.0,1857,11515.460207
1250.0,809,11517.213503
2600.0,1530,11520.800278
3000.0,1421,11524.221219
3000.0,1613,11527.879723
3200.0,1330,11531.243052
4600.0,1699,11535.23779
2350.0,1219,11538.06233
4700.0,1859,11549.22136
3500.0,1483,11552.270383
4800.0,1692,11555.769362
3800.0,1596,11559.437103
5600.0,2243,11564.314411
4600.0,1793,11568.516119
6900.0,2249,11573.70765
4300.0,1513,11584.685477
3600.0,1691,11588.492553
3100.0,1262,11591.400311
3700.0,1368,11593.975918
2700.0,1530,11597.336241
4500.0,1533,11600.879435
2600.0,1551,11604.46358
3300.0,1617,11608.181939
4600.0,1596,11618.724972
3500.0,1333,11622.052115
4000.0,1670,11625.965822
4100.0,1541,11629.60622
3000.0,1568,11632.936058
4200.0,1549,11636.129086
4300.0,1863,11640.582929
2900.0,1319,11643.362568
2700.0,1229,11646.381574
4300.0,1864,11657.315247
4600.0,1952,11662.156537
3200.0,1544,11665.877332
4000.0,1608,11669.67185
4300.0,1659,11673.454737
3200.0,1806,11677.450776
4200.0,1777,11681.387131
3500.0,1568,11691.516197
3600.0,1444,11695.043759
2350.0,1072,11697.57767
2700.0,1233,11700.48665
3000.0,1408,11704.031847
2900.0,1587,11707.829891
5400.0,2110,11712.737023
2500.0,1448,11715.799983
3500.0,1318,11718.278783
3700.0,1580,11728.272725
4000.0,1682,11732.652164
3700.0,1658,11736.470402
5500.0,2550,11742.41071
3800.0,1784,11746.325181
3100.0,1828,11750.547027
3800.0,1728,11754.248072
7500.0,3016,11768.076085
3000.0,1538,11771.690748
5600.0,2087,11776.691518
3500.0,1495,11780.284199
3500.0,1703,11784.335985
3400.0,1513,11787.992523
5000.0,1908,11798.987488
3700.0,1600,11802.381158
2150.0,1071,11804.718322
2500.0,1137,11807.133011
5000.0,2134,11812.279837
3200.0,1274,11815.490879
3900.0,1869,11819.614645
3100.0,1442,11823.059875
2600.0,1218,11825.874035
800.0,470,11826.940641
3800.0,1384,11836.018278
4000.0,1420,11839.145074
3700.0,1433,11841.981379
2900.0,1604,11845.578207
3300.0,1585,11849.263643
4600.0,1970,11854.086569
3900.0,1738,11858.439272
4100.0,1531,11862.089706
3500.0,1474,11870.270879
3700.0,1457,11873.722619
4900.0,1918,11878.115815
3300.0,1282,11880.659354
4300.0,2119,11885.681994
2800.0,1484,11888.750601
5200.0,2098,11893.761454
4300.0,1845,11905.026272
3200.0,1264,11907.917785
3900.0,1736,11911.995871
4500.0,1821,11916.011744
4200.0,1679,11919.942292
650.0,431,11920.540064
3800.0,1791,11924.561772
2900.0,1317,11927.326001
4600.0,1851,11939.186733
3900.0,1530,11942.721615
4500.0,1868,11946.798354
3500.0,1615,11950.937683
2900.0,1433,11953.850095
3800.0,1584,11957.47994
2150.0,1275,11960.430482
3400.0,1497,11963.757585
2400.0,1181,11966.075304
2700.0,1321,11975.332402
3200.0,1907,11979.917898
5800.0,2093,11984.871815
2900.0,1251,11988.062881
3000.0,1197,11990.809324
3300.0,1379,11994.253164
3000.0,1635,11998.097992
3700.0,1855,12002.108222
2350.0,1344,12011.638395
3400.0,1640,12015.462183
4400.0,1832,12019.843445
3600.0,1397,12022.77213
3700.0,1667,12026.240718
2800.0,1422,12029.754062
4400.0,1806,12034.284105
4900.0,1737,12038.348558
2500.0,1383,12047.457415
3000.0,1410,12050.26053
2500.0,1085,12052.641663
3300.0,1269,12055.732205
4700.0,1872,12059.870219
3400.0,1490,12063.445651
2250.0,1150,12066.551946
4400.0,1782,12070.642948
4800.0,2091,12083.319625
3500.0,1613,12086.735806
3100.0,1448,12089.934233
6400.0,2021,12094.485434
3600.0,1937,12099.171523
2500.0,1119,12101.928231
3100.0,1403,12105.138893
3600.0,1506,12108.767921
5500.0,2454,12121.905761
3800.0,1456,12125.344368
4800.0,1770,12129.01491
5500.0,2325,12134.246625
2800.0,1464,12137.808126
3400.0,1574,12141.624636
5100.0,1835,12145.887075
3000.0,1420,12155.550921
2600.0,1400,12158.993475
4600.0,1785,12162.891767
2500.0,1258,12165.576423
2900.0,1371,12168.741353
2900.0,1369,12171.798546
2600.0,1377,12174.432713
3400.0,1509,12178.174852
1900.0,983,12180.562995
5800.0,2048,12192.441468
3200.0,1687,12196.513548
6200.0,2346,12202.341839
3400.0,1666,12206.011971
2800.0,1418,12209.30214
6300.0,2074,12213.789669
3400.0,1354,12216.440408
4800.0,1766,12228.312747
3800.0,1705,12232.285713
4900.0,1836,12236.851406
4100.0,1605,12240.648391
3900.0,1532,12244.033
4300.0,1684,12247.736421
3400.0,1521,12251.282134
5000.0,1768,12255.248738
4700.0,1782,12265.350379
3800.0,1811,12269.367629
5500.0,2076,12274.218205
5700.0,2187,12279.114399
2900.0,1292,12281.995761
4500.0,1856,12286.133993
3800.0,1613,12289.829522
2800.0,1239,12298.774263
3000.0,1941,12303.503064
2450.0,1319,12306.368953
5200.0,2289,12311.797082
2800.0,1264,12314.631259
3300.0,1792,12319.246895
3200.0,1953,12323.49861
3700.0,1520,12326.795704
2800.0,1654,12336.347105
2900.0,1363,12339.59753
5200.0,1883,12344.009595
4000.0,1405,12347.052161
7500.0,2802,12353.944916
4800.0,1586,12357.768046
3500.0,1575,12361.535577
3100.0,1430,12370.625925
5000.0,1757,12374.315537
4300.0,1733,12378.27998
5300.0,1713,12382.250847
3700.0,1363,12385.027786
2600.0,1462,12388.578575
3900.0,1798,12392.851557
4600.0,1701,12396.622936
7900.0,2872,12411.253114
3100.0,1559,12414.724612
4500.0,1630,12418.96884
5000.0,2092,12423.686824
4300.0,1742,12427.395738
3200.0,1563,12430.67641
4400.0,1780,12440.747154
4400.0,1668,12445.011588
2900.0,1341,12447.701315
2900.0,1398,12450.857546
4400.0,1992,12455.141961
3100.0,1474,12458.335051
3500.0,1377,12461.01422
3600.0,2248,12466.037425
4200.0,1836,12475.998601
5000.0,1985,12480.403695
3100.0,1382,12483.559299
2800.0,1499,12486.532413
6900.0,2733,12492.752294
3200.0,1491,12495.997482
3500.0,1603,12499.539279
3200.0,1263,12507.931832
4200.0,1531,12511.381444
3500.0,1254,12513.967337
7200.0,2451,12519.666618
3600.0,1314,12522.776219
3600.0,1572,12526.306961
4200.0,1773,12529.888129
1900.0,968,12531.899019
4100.0,1968,12543.242134
6100.0,2666,12549.218318
3100.0,1722,12552.964273
3900.0,1516,12556.429424
3700.0,1655,12560.077768
3200.0,1351,12563.439636
3100.0,1261,12566.236092
4800.0,1995,12577.019788
3500.0,1345,12580.23977
4600.0,1709,12584.111199
3300.0,1570,12587.730121
3200.0,1505,12591.360933
4500.0,1850,12595.794835
3000.0,1570,12599.265207
2600.0,1389,12602.360415
2900.0,1525,12605.998202
4900.0,1949,12615.991317
3900.0,1593,12619.555498
3300.0,1571,12623.057653
3400.0,1549,12626.551641
2800.0,1350,12629.831889
2700.0,1240,12632.703363
3100.0,1221,12635.465683
4300.0,1848,12640.09798
2900.0,1406,12651.142141
2700.0,1552,12654.737677
6700.0,2682,12660.780375
3100.0,1519,12664.296248
4600.0,1843,12668.210736
2900.0,1200,12671.237327
3500.0,1796,12675.210624
3200.0,1609,12684.930722
3000.0,1435,12688.391924
3200.0,1502,12691.736945
4700.0,1759,12695.381752
3200.0,1501,12698.748688
3700.0,1666,12702.404994
3700.0,1668,12706.442909
4100.0,1472,12709.336849
3100.0,1325,12720.487494
3900.0,1750,12724.476636
3500.0,1428,12727.890703
2500.0,1359,12731.038387
4000.0,1511,12734.472195
2900.0,1452,12737.433235
3000.0,1365,12740.560794
3500.0,1443,12743.871325
4400.0,1824,12747.850747
2700.0,1170,12757.769115
3800.0,1778,12761.823889
5000.0,1902,12766.618528
4100.0,1710,12770.408113
3300.0,1573,12773.911175
2600.0,1260,12776.779766
1800.0,940,12778.951522
4600.0,2121,12783.676457
5100.0,2668,12796.672039
1900.0,1146,12799.69759
3300.0,1430,12802.807806
3000.0,1596,12806.980548
3300.0,1291,12809.761211
2700.0,1475,12813.063603
3400.0,1509,12816.540307
3100.0,1619,12820.046566
3800.0,1584,12831.468015
1500.0,813,12833.457814
3700.0,1718,12836.989536
3500.0,1708,12840.698655
3900.0,1829,12845.236626
2600.0,1145,12847.923093
4100.0,1593,12851.457565
3100.0,1557,12854.938716
3800.0,1475,12865.725326
2800.0,1360,12868.585729
3400.0,1336,12871.981278
4200.0,1779,12875.86012
5000.0,2059,12880.444555
7100.0,2817,12887.364483
5000.0,1814,12891.26715
4300.0,1852,12902.119064
2150.0,1333,12904.973707
3200.0,1306,12908.376186
2800.0,1439,12911.934442
4700.0,1717,12915.885662
3700.0,1524,12919.428461
3300.0,1339,12922.281701
3400.0,1354,12925.590389
3100.0,1812,12930.080345
2600.0,1412,12939.195817
3800.0,1488,12942.693308
5900.0,2631,12948.888417
4200.0,1913,12953.423933
3900.0,1755,12957.226895
3600.0,1364,12960.470228
3300.0,1442,12963.7602
2100.0,1059,12972.340886
3500.0,1544,12976.026744
3300.0,1474,12979.52382
4800.0,2280,12984.536445
3900.0,1987,12989.280671
3200.0,1512,12992.904
3800.0,1610,12996.685428
6700.0,2563,13009.933877
3500.0,1646,13013.767047
4000.0,1833,13018.341693
3400.0,1662,13022.255131
4500.0,1657,13026.101002
5600.0,2318,13031.616907
5800.0,2142,13036.564505
3900.0,1651,13046.497955
6000.0,1885,13050.676885
3100.0,1582,13054.497752
4100.0,1791,13059.010428
4900.0,2214,13064.267819
4000.0,1530,13068.162261
3600.0,1622,13071.91103
3300.0,1718,13082.929609
5400.0,2698,13089.490926
7900.0,2724,13095.859813
5000.0,2455,13101.503889
6000.0,2006,13106.291551
6500.0,2243,13111.584835
3500.0,1875,13122.648271
3100.0,1326,13125.381446
3000.0,1282,13128.519599
3100.0,1431,13131.493686
2600.0,1195,13134.54173
4100.0,1771,13138.562775
3500.0,1542,13142.153406
3000.0,1523,13145.669167
3500.0,1832,13157.281236
5500.0,2058,13162.152797
6100.0,2531,13167.670223
2900.0,1295,13170.815208
5000.0,1885,13175.277613
2900.0,1281,13178.087289
3200.0,1382,13181.389847
3700.0,1838,13192.464672
2700.0,1253,13195.78487
2700.0,1465,13198.954849
3500.0,1573,13202.608787
1950.0,1105,13205.470812
2800.0,1276,13208.156386
4900.0,1747,13211.970164
3200.0,1316,13215.124406
3500.0,1497,13218.75159
3400.0,1540,13231.337339
3400.0,1618,13235.015043
4000.0,1571,13238.731783
3600.0,1531,13242.424989
3600.0,1440,13245.748979
3200.0,1340,13248.663588
5600.0,2293,13254.282065
2900.0,1521,13257.768784
2900.0,1308,13268.935066
3400.0,1503,13272.57987
3700.0,1823,13277.218922
5600.0,1798,13281.363077
3700.0,1916,13286.100112
5100.0,2600,13292.018553
2700.0,1254,13294.815326
3100.0,1258,13304.739481
5400.0,1954,13308.989203
3700.0,1444,13312.26014
3500.0,1537,13315.969121
3200.0,1339,13319.328233
2700.0,1390,13322.302522
700.0,713,13324.264233
4400.0,1612,13328.089732
5000.0,1952,13332.558748
9100.0,3565,13347.231484
4300.0,1754,13350.93805
3600.0,1653,13354.626007
4500.0,1665,13358.487698
2700.0,1264,13361.695085
2800.0,1255,13364.542972
2900.0,1553,13368.128754
6300.0,2018,13380.000906
3100.0,1688,13383.723111
2900.0,1398,13386.974931
5400.0,2554,13393.066722
3100.0,1302,13395.945348
2250.0,1235,13399.059615
2900.0,1408,13402.473032
3800.0,1425,13405.549596
2500.0,1346,13415.333467
3200.0,1518,13418.856367
5600.0,2218,13423.835637
4200.0,1733,13427.930946
4000.0,1702,13432.273328
3300.0,1575,13436.230197
3500.0,1634,13440.118181
7700.0,2566,13452.670614
5500.0,1946,13456.930004
4100.0,1827,13460.936907
5500.0,2023,13465.646487
3300.0,1485,13469.151874
4000.0,1719,13473.18882
4800.0,1844,13477.770382
4000.0,1948,13489.665721
4400.0,1753,13493.893575
4600.0,1503,13496.959929
3400.0,1343,13499.627459
6000.0,2086,13504.328188
5100.0,2268,13509.694547
4300.0,1585,13513.464305
4500.0,1923,13526.208508
2800.0,1577,13529.969174
3700.0,1505,13532.969523
4800.0,1938,13537.154238
2900.0,1376,13540.168019
5400.0,2068,13544.791528
2500.0,1243,13547.437545
6300.0,2851,13561.600703
5300.0,1770,13565.663296
4200.0,1550,13569.402191
4100.0,1580,13573.144142
3100.0,1468,13576.451291
3100.0,1510,13579.70455
2500.0,1116,13581.985028
3400.0,1408,13585.149683
3600.0,1971,13595.770295
3600.0,1745,13599.806795
4100.0,1741,13603.905869
3800.0,1622,13607.8163
5100.0,1905,13612.423146
2900.0,1389,13615.747252
7100.0,2602,13621.422052
4300.0,1728,13631.098869
3700.0,1438,13634.568651
3600.0,1479,13638.20189
5600.0,2118,13642.902368
4400.0,1680,13646.829622
7000.0,2742,13653.958353
2450.0,1208,13657.061914
2600.0,1322,13665.400479
2900.0,1124,13668.079883
3000.0,1358,13671.608319
3200.0,1293,13674.560117
7000.0,2758,13681.27297
4300.0,1874,13685.673761
5500.0,2188,13690.941604
2500.0,1507,13694.658271
5200.0,1800,13704.492361
6900.0,2535,13710.504467
3200.0,1900,13715.212994
3100.0,1565,13718.88401
4400.0,1822,13722.922632
5900.0,2299,13728.604954
3500.0,1411,13739.068097
3700.0,1400,13742.049425
1350.0,848,13743.84891
3300.0,1668,13747.319077
3100.0,1399,13750.81199
3800.0,1515,13754.515505
4100.0,1904,13758.809494
3700.0,1637,13762.62046
3900.0,1485,13766.177811
3500.0,1539,13776.048639
3000.0,1294,13779.297832
3100.0,1474,13782.430068
3400.0,1536,13785.581197
3000.0,1446,13788.479549
5800.0,2450,13794.243202
2700.0,1219,13797.083064
1750.0,1179,13800.205808
6000.0,2629,13813.670296
2800.0,1782,13817.816476
6700.0,2740,13823.611877
3700.0,1647,13827.472763
2900.0,1401,13830.305992
7700.0,2666,13836.705155
7000.0,2347,13851.313617
3000.0,1245,13854.081083
8700.0,3125,13861.154703
3100.0,1409,13864.281232
4300.0,1506,13867.530816
2900.0,1442,13870.799426
2600.0,1267,13873.46763
3300.0,1459,13885.622012
5100.0,2384,13891.473658
3500.0,1526,13895.037725
3100.0,1161,13897.813035
5400.0,1895,13901.737685
3300.0,1568,13904.966838
4100.0,1737,13909.114728
3600.0,1545,13912.501674
4400.0,1640,13925.901942
5500.0,2112,13931.001982
3300.0,1630,13934.856498
3300.0,1340,13938.249588
5100.0,1999,13942.552187
3900.0,1414,13945.17452
4500.0,1625,13948.759391
4200.0,2060,13960.762509
3300.0,1467,13964.314938
3400.0,1547,13968.003654
4000.0,1790,13972.485731
3500.0,1442,13976.054794
3400.0,1516,13979.216095
2800.0,1172,13982.01441
5900.0,2004,13986.462546
5400.0,1892,13997.376036
3100.0,1372,14000.791974
3700.0,1818,14004.751418
3700.0,1615,14008.920696
3700.0,1401,14011.912909
4400.0,2189,14016.861918
2500.0,1429,14020.172866
4200.0,1487,14023.396403
3400.0,1755,14035.262903
4400.0,1485,14038.874557
4000.0,2057,14044.083124
4400.0,2174,14049.346936
4200.0,1681,14053.739423
4200.0,2123,14058.785001
3300.0,1528,14062.238764
