#{"t_start": 1678776013.9459763, "env_id": "Asterix-v4"}
r,l,t
4600.0,1941,9.288029
3100.0,1420,13.407429
5000.0,2346,20.280248
5000.0,2126,26.340869
3100.0,1757,31.327405
5600.0,2858,39.353426
5000.0,1673,52.931506
2600.0,1092,56.007738
5900.0,2823,63.569587
5500.0,2096,69.894601
4400.0,1799,74.767605
5300.0,1984,80.326502
4100.0,1819,93.544295
3500.0,1524,97.840863
3300.0,1388,101.890935
650.0,509,103.283056
5200.0,2132,109.235657
1150.0,763,111.148206
4400.0,2221,117.744098
4400.0,1999,123.173649
3700.0,1563,127.240027
5500.0,2363,141.206839
5300.0,2778,149.128281
5400.0,2119,155.102674
1850.0,939,157.207354
3500.0,1532,161.579729
4000.0,1820,167.083989
4200.0,1592,178.809409
4200.0,1524,183.077015
3000.0,1661,187.493706
4700.0,2622,194.799034
4000.0,1688,199.409624
3200.0,1366,203.351573
4000.0,1613,207.7952
5600.0,2572,221.024851
2900.0,1255,224.751674
5300.0,2078,230.287022
5100.0,1811,235.058199
5000.0,1659,239.452223
3700.0,1805,244.591579
3900.0,1575,248.692978
3100.0,1445,252.679116
2800.0,1274,262.973611
5500.0,2332,269.491131
3000.0,1566,273.72636
4400.0,1834,278.364718
3600.0,1468,282.697749
4000.0,2256,288.882874
2900.0,1551,293.218821
3000.0,1351,305.530291
4200.0,1671,309.638055
3400.0,1982,315.210426
4300.0,1727,319.877285
3800.0,1783,324.984444
4300.0,2203,330.743073
3600.0,1965,336.263101
3800.0,1522,346.783827
4900.0,2285,352.702461
4300.0,1440,356.776833
4800.0,2221,362.827986
2800.0,1488,366.924001
2800.0,1390,370.628497
2800.0,1401,373.952188
3100.0,1519,386.043545
2600.0,1882,391.013499
3200.0,1418,394.85605
5100.0,2138,400.208186
4300.0,2018,405.580277
3300.0,1559,409.638499
3700.0,1781,413.948432
4300.0,1773,418.585616
4000.0,1827,431.120092
3200.0,1621,435.307363
3100.0,1490,439.233737
3200.0,1319,442.977792
4100.0,1781,447.438482
1550.0,934,450.019892
3300.0,1355,453.33653
3600.0,1487,457.086888
3300.0,1645,467.884705
2600.0,1615,472.559404
3600.0,1576,476.763763
4000.0,1877,481.540641
3100.0,1374,485.235981
3200.0,1534,489.273704
3200.0,1630,493.394491
3100.0,1301,496.722885
3200.0,1616,507.369231
3300.0,1336,510.756939
3800.0,1489,514.902083
3800.0,1465,518.861975
3100.0,1540,522.997337
5200.0,1985,528.391006
3700.0,1537,532.546145
2600.0,1539,536.543189
3700.0,1624,547.387769
3200.0,1411,550.729974
4100.0,1894,555.850141
2700.0,1471,559.877733
5100.0,2032,565.400589
3500.0,1709,569.677719
3600.0,1606,573.848071
3200.0,1698,578.313511
3900.0,2018,590.903989
3400.0,1458,594.836137
3600.0,1744,599.665241
4100.0,2111,605.234073
3700.0,1576,609.382442
1500.0,1087,612.258173
3100.0,1351,615.583818
3000.0,1710,620.353393
3600.0,1695,632.115478
2900.0,1483,636.119702
3300.0,1762,640.587961
2500.0,1144,643.601496
4400.0,1748,648.68851
2800.0,1607,652.830357
3600.0,1784,656.954828
3600.0,1580,668.102949
3700.0,1834,673.331412
3400.0,1305,676.365239
3000.0,1290,680.048876
3500.0,1761,684.567548
4500.0,1872,689.962778
4500.0,1790,694.479622
2600.0,1330,698.102594
3500.0,2010,710.848052
4200.0,1726,715.333019
3600.0,1418,719.246455
3400.0,1560,723.280731
4500.0,1828,727.709477
4100.0,1934,732.935913
4500.0,2019,738.068022
950.0,572,739.412445
2150.0,1503,750.154595
3900.0,1734,754.380222
4100.0,1840,759.323319
3300.0,1386,763.127602
4000.0,1450,766.593053
3600.0,1786,771.652753
3000.0,1672,775.787248
3200.0,1603,779.720132
3600.0,1490,790.814735
3800.0,1870,795.913815
200.0,341,796.518547
3200.0,1638,800.675794
3000.0,1431,804.585706
3300.0,1381,808.307123
3700.0,1610,812.349504
4500.0,1774,816.546088
3000.0,1518,820.287231
4500.0,2442,833.790451
2900.0,1479,837.681332
2600.0,1263,840.866709
2450.0,1329,844.590691
3000.0,1683,849.021585
3100.0,1244,852.760245
4300.0,2055,857.648279
4100.0,1591,869.090024
3600.0,1507,872.625942
3300.0,1751,877.48948
3900.0,1733,881.904746
3500.0,1532,885.963815
2900.0,1181,888.877422
3500.0,1508,892.832552
3000.0,1394,896.457258
3200.0,1370,900.056331
3600.0,1673,911.724264
3600.0,1672,915.979341
3900.0,1804,921.193017
3100.0,1363,924.500711
4000.0,1823,929.429377
2800.0,1376,932.65572
4700.0,1680,937.106503
2800.0,1557,940.612265
3400.0,1520,952.92079
4100.0,1840,957.969849
3500.0,1356,961.675628
3500.0,1803,966.135078
3200.0,1404,969.796606
4500.0,1861,974.098004
3300.0,1334,977.485689
3200.0,1427,981.309203
3500.0,1426,991.487079
3000.0,1170,994.935901
4200.0,1639,999.265876
3100.0,1502,1003.296852
3200.0,1401,1006.790896
3900.0,1656,1011.650193
3300.0,1227,1014.505509
2900.0,1536,1018.353606
3200.0,1552,1029.828612
3600.0,1656,1033.806393
2700.0,1337,1037.495389
3600.0,1616,1041.758581
3300.0,1583,1045.980545
3600.0,1670,1050.255473
2900.0,1284,1053.657929
4000.0,1886,1058.159991
3400.0,1354,1061.876166
3200.0,1150,1071.256268
1950.0,1385,1075.040898
3600.0,1854,1079.937429
3800.0,1697,1084.88079
1950.0,1215,1087.946324
3900.0,1692,1092.096393
4000.0,1743,1096.605802
2700.0,1410,1099.992407
2050.0,1119,1109.86226
3500.0,1571,1114.420201
3900.0,1618,1118.629713
3900.0,1667,1122.970463
3600.0,1362,1126.201794
3200.0,1692,1130.99388
4000.0,1762,1135.285609
4200.0,1593,1139.442759
3900.0,1590,1150.276067
4300.0,1529,1154.262807
3500.0,1476,1158.316498
4500.0,1635,1162.709849
3500.0,1553,1167.090833
3000.0,1333,1170.874552
3200.0,1456,1174.586297
3200.0,1423,1177.847383
3200.0,1609,1182.181262
4100.0,1689,1193.546571
3000.0,1438,1196.802399
4100.0,1963,1202.045283
2900.0,1496,1205.908138
4400.0,2123,1211.11464
3200.0,1706,1215.079811
3700.0,1555,1219.004225
3000.0,1342,1230.210427
4600.0,1658,1234.374982
3500.0,2055,1239.880998
3900.0,1409,1243.940784
3800.0,1754,1248.605328
3800.0,1440,1252.329092
2900.0,1223,1255.139453
4000.0,1924,1260.488335
4000.0,1806,1272.810209
4100.0,1610,1276.878401
4400.0,1675,1281.318562
3100.0,1344,1284.810074
3300.0,1355,1288.672638
3200.0,1548,1292.528533
3900.0,1528,1296.382162
4300.0,1685,1300.906509
2600.0,1884,1314.848885
3700.0,1517,1318.769481
3300.0,1792,1323.348816
2600.0,1328,1327.160046
3100.0,1311,1330.322187
3800.0,1608,1334.204047
2700.0,1151,1337.580899
3000.0,1337,1340.69434
2900.0,1895,1353.701822
3200.0,1342,1357.104146
4200.0,1744,1361.948775
3100.0,1476,1365.825713
3500.0,1560,1369.766916
3100.0,1470,1372.945977
3100.0,1396,1376.637287
3300.0,1328,1380.434636
3300.0,1446,1383.947277
3300.0,1545,1395.320394
3000.0,1353,1399.085767
2900.0,1516,1403.247166
1900.0,995,1405.982995
2800.0,1592,1410.080142
3400.0,1519,1413.919379
3600.0,1928,1418.561417
4400.0,1689,1423.395458
3300.0,1684,1434.395021
3100.0,1236,1437.402803
3000.0,1361,1441.218238
3400.0,1424,1445.266924
3000.0,1263,1448.390576
3600.0,1573,1452.330278
3700.0,1726,1456.794517
3200.0,1359,1460.63388
4100.0,1772,1465.430185
2900.0,1297,1477.40362
3400.0,1656,1481.741682
3000.0,1384,1485.560478
1150.0,533,1486.891759
3300.0,1435,1490.577828
2800.0,1198,1493.412092
3500.0,1635,1497.626019
3500.0,1498,1501.605096
4000.0,1878,1506.719566
3500.0,1765,1517.410404
3100.0,1879,1522.349718
3200.0,1454,1525.730617
4000.0,1533,1529.583071
3600.0,1599,1533.449497
3800.0,1608,1537.60394
3600.0,1490,1541.75771
3400.0,1369,1545.477815
3700.0,1365,1556.416665
3300.0,1352,1559.706816
3400.0,1501,1563.757835
3800.0,1452,1567.546707
4400.0,1919,1571.898338
3100.0,1488,1576.028257
3700.0,1457,1580.313458
3400.0,1748,1584.875454
3700.0,1498,1596.13803
3600.0,1650,1600.664243
2350.0,1414,1604.100942
3300.0,1460,1608.073539
3300.0,1697,1612.118424
2700.0,1272,1615.597161
3100.0,1324,1618.759779
4100.0,1824,1623.796625
5300.0,2076,1635.760795
3400.0,1259,1638.604507
3400.0,1758,1643.665514
4000.0,1764,1648.302489
2700.0,1488,1652.123651
3400.0,1473,1655.834377
2900.0,1410,1659.826726
3400.0,1333,1663.156363
3300.0,2268,1676.397679
4000.0,1427,1679.569507
3700.0,1456,1683.49783
3200.0,1303,1686.694754
3700.0,1556,1691.136115
3500.0,1999,1695.612833
1250.0,667,1697.6256
3500.0,2087,1703.164192
2350.0,1481,1707.099204
4200.0,1807,1719.627542
3600.0,1783,1724.440332
3300.0,1379,1728.422227
3600.0,1783,1733.515322
3400.0,1391,1736.806188
3800.0,1688,1741.385985
3000.0,1354,1744.643619
3600.0,1451,1748.726391
3500.0,1440,1760.252892
3400.0,1380,1763.575305
3000.0,1578,1767.848795
3500.0,1591,1772.121552
2800.0,1212,1775.425005
2700.0,1237,1778.225276
3700.0,1747,1782.591863
3600.0,1611,1787.119898
3100.0,1349,1799.134736
3300.0,1682,1803.753838
3000.0,1372,1807.743073
3500.0,1791,1812.96517
3000.0,1379,1816.320348
3000.0,1321,1819.92758
3300.0,1642,1824.29764
3500.0,1527,1828.416365
3700.0,1524,1832.731358
3100.0,1495,1843.758505
3000.0,1486,1847.248263
3400.0,1351,1851.047109
2700.0,1170,1853.988667
4600.0,1750,1858.956489
2900.0,1331,1862.320937
4100.0,1604,1866.42778
3200.0,1554,1870.489116
3900.0,1467,1882.143548
3400.0,1580,1886.304489
3300.0,1424,1890.21966
3300.0,1418,1894.098777
3100.0,1341,1897.322704
3300.0,1563,1901.446748
3300.0,1725,1906.382982
3600.0,1469,1909.838325
2450.0,1260,1913.374372
2900.0,1290,1923.071028
4100.0,1670,1927.438695
3300.0,1498,1931.525252
4000.0,1721,1936.276489
3000.0,1361,1939.494379
3900.0,1667,1944.524579
1950.0,1200,1947.683516
2700.0,1367,1951.020009
3600.0,1932,1963.737573
3000.0,1449,1967.821501
2800.0,1185,1971.045441
3100.0,1320,1974.864867
3700.0,1618,1979.059744
4400.0,1848,1983.737361
4200.0,1871,1988.866038
3200.0,1471,1992.71673
2700.0,1485,1996.644702
2900.0,1452,2007.29595
2600.0,1331,2010.662649
3300.0,1601,2015.061614
3500.0,1447,2019.039926
3200.0,1424,2023.038402
3400.0,1544,2027.054493
3300.0,1379,2030.086879
3300.0,1576,2034.07094
2600.0,1191,2044.333059
3200.0,1416,2047.536999
3500.0,1568,2051.699986
3300.0,1384,2055.642308
2700.0,1424,2059.583563
3100.0,1321,2062.790493
3300.0,1478,2066.606047
3200.0,1592,2070.579127
800.0,551,2072.01268
3100.0,1353,2075.859115
3500.0,1275,2086.274914
3100.0,1758,2091.299069
2900.0,1376,2094.643872
3100.0,1337,2098.205413
3100.0,1565,2102.05053
2900.0,1312,2105.087056
3100.0,1453,2108.940318
1300.0,768,2111.15044
3500.0,1366,2114.4118
3700.0,1602,2125.532852
1400.0,907,2127.868155
2900.0,1295,2131.465798
3900.0,1856,2135.984344
3900.0,1423,2139.690423
3400.0,1533,2143.486012
400.0,368,2144.488826
3500.0,1697,2148.839933
1600.0,1058,2151.650673
3100.0,1447,2155.541547
3800.0,1779,2166.951731
3300.0,1456,2170.894423
3700.0,1373,2174.194137
3600.0,1525,2178.029273
3000.0,1251,2181.315477
4100.0,1677,2185.526719
2900.0,1818,2190.087933
3600.0,1913,2195.375425
3300.0,1619,2206.671282
3800.0,1619,2210.692442
3300.0,1519,2214.777097
3300.0,1484,2218.600063
3300.0,1343,2222.02922
3500.0,1387,2225.192091
3300.0,1631,2229.947475
3100.0,1362,2233.248014
3100.0,1390,2244.0083
3300.0,1402,2247.796908
3200.0,1473,2251.084117
3300.0,1451,2254.903735
3100.0,1340,2258.602551
3100.0,1286,2261.703716
1850.0,1028,2264.428436
3300.0,1529,2268.782577
3100.0,1359,2272.641108
2700.0,1134,2275.524542
2150.0,1114,2284.829318
3300.0,1372,2288.32966
2600.0,1181,2291.125725
2800.0,1227,2294.371136
3400.0,1351,2297.926662
3400.0,1854,2302.929043
3300.0,1585,2307.269628
3100.0,1329,2310.697176
3900.0,1563,2315.085033
4200.0,1742,2327.510332
3000.0,1438,2330.773512
3000.0,1694,2335.814927
4100.0,1740,2340.392133
3900.0,1453,2344.144461
3500.0,1426,2348.199672
3200.0,1381,2351.671053
2600.0,1404,2355.708873
3300.0,1427,2366.827648
2900.0,1549,2370.64212
3900.0,1703,2375.241579
3100.0,1335,2378.766851
3300.0,1626,2383.593926
3300.0,1334,2386.989632
4100.0,1648,2391.577493
3400.0,1611,2395.945511
3000.0,1492,2409.092442
4000.0,1708,2414.172654
3800.0,1393,2417.783408
3400.0,1417,2421.815213
3400.0,1860,2426.958676
3100.0,1722,2431.659989
3300.0,1479,2435.885203
4000.0,1666,2440.416028
3800.0,1391,2452.500208
3500.0,1558,2456.375721
3000.0,1382,2459.527887
3700.0,1551,2463.562435
1250.0,941,2465.997284
1850.0,1233,2469.564394
3800.0,1535,2473.18694
3500.0,1748,2478.546344
3700.0,1757,2483.127811
2900.0,1592,2495.092615
1750.0,1105,2497.894787
4400.0,1812,2502.867349
3100.0,1461,2506.53197
3800.0,1528,2510.800345
3600.0,1608,2515.396609
3600.0,1419,2519.245516
600.0,495,2520.620391
3800.0,1610,2525.693572
3400.0,1437,2536.455099
3000.0,1677,2540.809962
3600.0,1649,2545.58486
2800.0,1178,2548.383579
3000.0,1335,2551.885514
4000.0,1891,2556.988262
2700.0,1772,2562.162496
3000.0,1429,2565.888199
4400.0,1769,2578.568794
3000.0,1413,2582.606205
2900.0,1192,2585.816833
3200.0,1450,2589.680491
3800.0,1690,2593.76112
3800.0,1851,2598.434768
3100.0,1383,2602.253181
2700.0,1183,2605.329768
3600.0,1305,2609.200811
3400.0,1518,2620.593534
3900.0,1712,2624.636394
3000.0,1428,2628.415444
3200.0,1452,2632.222793
3700.0,1455,2635.617332
1100.0,538,2636.961407
3900.0,1587,2641.738336
3400.0,1314,2644.942093
4300.0,1670,2649.155013
3500.0,1445,2660.228641
3100.0,1560,2664.387566
3800.0,1831,2669.879819
4300.0,1640,2674.360314
4700.0,1806,2678.718532
3700.0,1471,2682.762809
3800.0,1586,2687.201728
3500.0,1400,2691.285529
3400.0,1492,2702.391251
3700.0,1433,2705.934469
3700.0,1587,2710.205323
3200.0,1467,2714.180881
3500.0,1329,2717.677775
3800.0,1350,2720.660089
3300.0,1424,2724.464207
4000.0,1498,2728.430983
3800.0,1544,2732.574086
2000.0,1250,2743.731112
3300.0,1257,2747.264551
3400.0,1321,2750.628128
2800.0,1339,2754.86428
2900.0,1229,2758.017902
3700.0,1534,2762.039134
2500.0,1562,2766.255708
2700.0,1311,2769.934092
3100.0,1486,2773.940026
3600.0,1425,2785.873359
3700.0,1611,2790.129495
3900.0,1594,2795.067348
3900.0,1490,2798.819319
3700.0,1780,2803.799248
4000.0,1661,2808.264416
3100.0,1289,2811.478086
2800.0,1508,2815.557503
2900.0,1174,2827.531812
3700.0,1513,2831.167319
2900.0,1339,2835.138548
2700.0,1167,2838.288451
3500.0,1584,2842.661415
3700.0,1594,2846.890026
3600.0,1562,2850.996518
3700.0,1712,2855.926792
3400.0,1590,2860.229933
3200.0,1752,2873.024091
3000.0,1279,2876.810704
3400.0,1379,2880.275695
3800.0,1741,2885.404553
3100.0,1422,2888.891534
3800.0,1684,2893.362139
3100.0,1408,2897.318542
3500.0,1359,2901.273407
3800.0,1857,2913.975573
2400.0,1457,2917.998072
1500.0,801,2920.464176
2500.0,1489,2924.722664
3100.0,1523,2928.465429
2800.0,1347,2932.328851
3400.0,1654,2936.733348
3500.0,1395,2940.630311
2700.0,1215,2943.755733
2600.0,1523,2955.871494
3400.0,1599,2960.31204
4900.0,1643,2965.262556
3600.0,1603,2969.385697
2800.0,1182,2972.215393
3200.0,1918,2977.533183
3300.0,1558,2981.861301
4200.0,1483,2985.442028
4600.0,1787,2998.049882
4000.0,1469,3002.43353
4600.0,1722,3007.139489
4900.0,2046,3012.814755
3400.0,1360,3016.88116
2900.0,1407,3020.364655
3700.0,1515,3024.425078
3300.0,1676,3028.912367
3200.0,1705,3041.227756
4700.0,1731,3046.147662
4300.0,1532,3050.54224
4200.0,1854,3055.58294
2800.0,1201,3059.265292
3300.0,1363,3062.710527
3100.0,1246,3066.576109
3600.0,1740,3071.255273
3100.0,1621,3081.404028
2800.0,1226,3085.205284
2450.0,1342,3088.772209
3600.0,1572,3093.216533
3300.0,1517,3097.525445
3000.0,1143,3100.498088
3900.0,1893,3105.656927
2700.0,1149,3108.763572
3200.0,1376,3112.780038
4500.0,1707,3123.75611
2500.0,1119,3126.756834
2350.0,1226,3130.576173
2600.0,1368,3134.183835
3500.0,1628,3138.758155
2900.0,1254,3142.537992
3300.0,1270,3145.598458
3800.0,1454,3149.446626
3900.0,1582,3153.986368
3600.0,1562,3165.389206
2400.0,1262,3169.046792
3500.0,1756,3173.697747
3800.0,1658,3178.300946
4600.0,1663,3182.996145
2800.0,1281,3186.733953
3600.0,1621,3191.179484
4100.0,1917,3196.807354
3900.0,1496,3208.837862
3200.0,1528,3212.554787
3400.0,1800,3217.712084
2800.0,1640,3222.16673
4600.0,1988,3227.387838
3700.0,1467,3231.203503
3500.0,1399,3234.908357
3500.0,1435,3238.363688
4700.0,1814,3250.731899
3600.0,1749,3254.826485
4500.0,1704,3258.845342
4600.0,1829,3263.585474
1250.0,1035,3266.31626
3900.0,1691,3270.832692
2600.0,1493,3274.962378
4500.0,1713,3279.301602
4000.0,1533,3291.260624
3200.0,1334,3294.83953
3100.0,1279,3297.732887
4200.0,1690,3302.17028
4100.0,1685,3306.086247
4000.0,1819,3310.359725
2700.0,1225,3313.634755
3400.0,1989,3319.041077
3100.0,1499,3330.28308
4500.0,1634,3334.706539
5100.0,1724,3338.795559
3400.0,1432,3342.338942
3600.0,1730,3346.764543
3500.0,1285,3349.752944
3200.0,1317,3353.470735
3700.0,1847,3358.435111
3800.0,1440,3369.463641
3700.0,1691,3374.130347
4000.0,1773,3378.821615
4100.0,1488,3383.093747
3600.0,1729,3387.517746
4500.0,1787,3392.65666
3500.0,1419,3396.092537
4200.0,1645,3400.916143
3400.0,1586,3412.75027
1850.0,991,3415.421268
4500.0,1788,3420.169795
3500.0,1493,3424.385233
4700.0,1991,3429.756455
3300.0,1516,3433.597538
3200.0,1477,3436.907651
3900.0,1707,3441.636985
1800.0,956,3451.619289
4600.0,1710,3455.672828
3300.0,1336,3458.543308
3400.0,1581,3462.375087
2600.0,1442,3466.137609
4400.0,2033,3471.264191
4600.0,1852,3476.20573
3200.0,1458,3479.799479
3800.0,1538,3490.661721
3800.0,1630,3494.984036
4300.0,1910,3499.299141
3800.0,1562,3503.251598
3400.0,1672,3508.124993
4300.0,1713,3512.555764
4000.0,1885,3517.842799
3400.0,1582,3521.786833
4100.0,1750,3534.120329
3600.0,1603,3537.978297
2700.0,1675,3542.014858
3800.0,1568,3546.063831
4400.0,1677,3550.30027
4600.0,1807,3555.442606
3400.0,1386,3559.190453
3200.0,1368,3562.321754
3600.0,1272,3573.062716
3500.0,1531,3576.949666
4000.0,1486,3580.5705
3600.0,1495,3584.145797
3500.0,1538,3588.383304
4100.0,1707,3593.338483
3200.0,1486,3597.601367
1500.0,964,3599.697641
4300.0,1802,3613.832778
4300.0,2103,3619.051985
3800.0,1706,3623.199833
4100.0,2107,3628.688711
4800.0,1903,3633.961297
3400.0,1617,3638.202514
2450.0,1535,3642.401462
4900.0,2443,3657.159973
3500.0,1663,3661.092834
3400.0,1328,3664.718256
3600.0,1417,3668.088745
3200.0,1428,3671.888709
3600.0,1499,3675.818836
3600.0,1745,3680.219899
3700.0,1521,3684.177174
4000.0,1611,3696.378439
2700.0,1583,3700.291409
3700.0,1623,3704.801583
3200.0,1400,3708.126497
4300.0,1597,3712.253767
4200.0,1988,3717.670489
4100.0,1673,3722.071436
2900.0,1664,3726.859873
4100.0,1690,3738.701835
4600.0,1727,3743.174492
2150.0,1527,3747.548715
4200.0,1735,3752.026517
4000.0,1568,3756.000473
5400.0,2124,3761.979798
2000.0,1560,3766.07919
3400.0,1841,3778.700861
3900.0,1537,3782.59019
4300.0,1721,3787.025249
6400.0,2484,3793.791241
3900.0,1668,3798.163076
4300.0,1909,3803.462582
4200.0,1748,3807.905224
4500.0,1861,3822.379653
3700.0,1606,3826.613692
4400.0,1772,3831.6722
4200.0,1978,3836.50698
2500.0,1397,3840.470901
3900.0,1650,3844.784279
3300.0,1394,3848.647399
5100.0,2142,3860.521456
4500.0,1689,3864.571526
4700.0,1881,3869.951834
5100.0,1953,3875.220946
4800.0,1682,3879.562905
4300.0,1527,3883.71993
1400.0,669,3885.474101
5800.0,2259,3891.882204
4800.0,1922,3906.176432
4000.0,1462,3910.118286
4000.0,1937,3915.232688
4400.0,1653,3919.628242
3400.0,1685,3924.139139
2800.0,1487,3928.161726
4300.0,1899,3933.235982
4000.0,1762,3946.458965
3200.0,1469,3950.382393
3700.0,1517,3954.473019
3100.0,2022,3960.145731
2800.0,1430,3964.113677
3300.0,1510,3968.349463
3900.0,1728,3972.960031
3100.0,1532,3977.286766
3800.0,1884,3990.353457
4400.0,2076,3995.712785
3700.0,1367,3998.981117
3400.0,1959,4004.615717
4300.0,1647,4009.195087
5300.0,2086,4015.14674
5300.0,2058,4020.808784
4300.0,1743,4035.372583
5400.0,1726,4039.793138
3400.0,1901,4044.878034
4700.0,1745,4049.227303
4800.0,1634,4053.721455
6800.0,2596,4060.939538
4700.0,2016,4074.253631
3900.0,1724,4078.345839
4300.0,1752,4083.059582
4800.0,1775,4087.360525
4600.0,1773,4092.552846
4300.0,1434,4096.125577
3300.0,1272,4099.980568
4100.0,1747,4104.544083
5500.0,2580,4120.339095
4200.0,2065,4125.847124
3700.0,1447,4129.91394
3400.0,1710,4134.441413
4000.0,1465,4138.788192
5000.0,1989,4144.554016
4700.0,1951,4150.195712
4000.0,2004,4163.838132
3400.0,1344,4167.627378
3800.0,1454,4171.454754
4100.0,1625,4175.730017
5300.0,1975,4181.356058
1150.0,647,4183.051852
3000.0,1996,4188.620179
4200.0,1432,4192.68293
4800.0,2287,4204.228301
5300.0,1898,4209.3459
4900.0,2052,4215.105078
4000.0,1659,4219.752217
4400.0,2133,4225.619074
3400.0,1372,4229.643341
4600.0,2051,4244.058282
5100.0,1942,4248.630025
3800.0,1481,4252.485493
3800.0,1511,4256.574285
3900.0,1594,4260.919554
6000.0,3039,4269.496355
4700.0,1840,4274.83677
3700.0,1402,4287.513599
4100.0,2061,4292.936605
3700.0,1748,4298.044248
3500.0,1411,4301.658216
4200.0,1774,4307.092241
3300.0,1472,4310.844918
3600.0,1573,4315.84366
900.0,541,4317.22238
7500.0,3180,4334.967515
5100.0,1776,4339.533777
6100.0,2628,4346.757174
3900.0,1798,4351.994737
1750.0,843,4353.944437
4500.0,2083,4359.32394
6500.0,3224,4376.496364
1400.0,842,4378.524832
3300.0,1424,4382.417106
3500.0,1463,4386.461087
3200.0,1426,4390.391524
3500.0,1550,4394.52025
2800.0,1442,4397.998523
3600.0,1616,4402.033689
3500.0,1563,4405.7692
3800.0,1818,4419.86115
3400.0,1410,4423.783756
4500.0,2013,4429.17891
4400.0,1697,4433.661427
3800.0,1491,4437.878859
5000.0,1806,4442.478816
7200.0,2488,4448.573573
4600.0,1908,4462.48603
4100.0,1640,4467.022275
4500.0,1848,4471.913384
2900.0,1287,4475.598924
3000.0,1596,4479.813838
3600.0,1643,4483.967648
2150.0,1246,4487.36237
4300.0,1754,4500.85627
5300.0,2207,4507.055093
1950.0,1060,4509.892382
3600.0,1558,4514.064
3400.0,1515,4518.211203
400.0,351,4519.360123
3400.0,1586,4523.345029
5000.0,2429,4529.579009
4100.0,2067,4543.978208
3300.0,1748,4548.813114
3300.0,1575,4553.022699
3400.0,1687,4557.398049
3800.0,1727,4562.289886
3100.0,1807,4566.819929
2900.0,1172,4569.61826
5400.0,2782,4586.996529
3700.0,1536,4591.325313
3700.0,1772,4596.174176
3000.0,1256,4599.464164
2900.0,1659,4604.435859
3000.0,1421,4607.96854
3500.0,1686,4612.653481
5100.0,2476,4618.759194
3100.0,1424,4630.280884
2500.0,1390,4633.924119
3800.0,1729,4638.683963
5100.0,2035,4644.185679
5300.0,2178,4649.585762
1650.0,992,4651.89222
2900.0,1447,4655.574392
350.0,390,4656.648249
3300.0,1357,4659.915384
4500.0,2025,4675.560616
1900.0,1314,4679.371311
5600.0,2380,4685.430936
5200.0,2170,4690.879053
3500.0,1530,4694.572029
4800.0,1803,4699.62678
4900.0,1777,4704.007798
3500.0,1609,4716.478698
3100.0,1415,4720.411849
3400.0,1477,4724.416748
3100.0,1483,4728.379227
2900.0,1287,4731.260735
4500.0,1716,4735.764339
1900.0,843,4737.480808
3900.0,1738,4742.339885
4500.0,1517,4753.949384
5700.0,1998,4759.508026
5500.0,2277,4765.919171
3700.0,1374,4769.257633
4800.0,1684,4773.885538
3400.0,1925,4778.622621
5400.0,2039,4784.033943
4700.0,1978,4797.446109
4700.0,2460,4804.132012
3700.0,1598,4808.426208
3900.0,1491,4812.417965
4200.0,1537,4816.196362
4900.0,1955,4820.714005
3600.0,1910,4825.634096
3200.0,1614,4838.641962
4100.0,1560,4842.818219
3600.0,1330,4846.587682
3500.0,1414,4850.459628
5000.0,1842,4854.812042
3400.0,1391,4858.484977
2900.0,1276,4861.715872
3900.0,1954,4867.036415
4400.0,1545,4878.640645
4100.0,1955,4883.775361
3700.0,1757,4888.237685
2800.0,1592,4892.386187
3300.0,1331,4895.703536
4500.0,1743,4899.947807
1550.0,1002,4902.710276
4700.0,2166,4908.002976
4700.0,1764,4920.390528
3500.0,1500,4924.360648
3300.0,1402,4927.845724
3300.0,1314,4931.64063
2800.0,1393,4934.793296
3700.0,1753,4939.991469
4200.0,1684,4944.271083
4100.0,1633,4948.542544
2700.0,1361,4959.516893
3500.0,1915,4964.645895
3800.0,1882,4969.385497
2900.0,1378,4973.005011
2700.0,1311,4976.103347
3300.0,1624,4980.389586
2350.0,1355,4984.252824
4700.0,2152,4989.649426
4100.0,2033,5002.604326
3000.0,1522,5006.499583
4300.0,2235,5012.039651
4300.0,1918,5016.940652
3300.0,1648,5021.129508
4600.0,1805,5026.10061
3400.0,1759,5030.264354
2800.0,1466,5041.822693
2100.0,1178,5044.844576
3900.0,1707,5049.165418
3900.0,1675,5053.888922
1450.0,1037,5056.542337
3900.0,1666,5061.184117
1900.0,1294,5064.656804
4200.0,1754,5069.543641
3500.0,1530,5082.318917
4200.0,1545,5086.681887
5000.0,2241,5092.288149
4000.0,1483,5096.076634
5300.0,2122,5101.465106
3700.0,1582,5105.679766
3700.0,1487,5109.707585
4900.0,2198,5122.017362
2800.0,1424,5125.772358
3400.0,1596,5129.838716
3500.0,1709,5133.89656
3100.0,1454,5137.284892
2900.0,1403,5140.887577
4100.0,1748,5145.244638
3300.0,1547,5149.337977
3100.0,1323,5152.932825
3000.0,1475,5163.2378
5500.0,2016,5168.544965
2100.0,1165,5171.473068
4400.0,1675,5175.940862
3800.0,1547,5179.760748
3900.0,1390,5183.082126
3800.0,1726,5188.078006
3400.0,1813,5192.618166
3200.0,1363,5204.151201
2200.0,1072,5206.790876
3600.0,1446,5210.569489
4100.0,1751,5214.522865
5100.0,1771,5218.933266
2900.0,1571,5222.680064
5700.0,2392,5228.313303
5000.0,1842,5241.305595
4600.0,1830,5245.959573
3200.0,1510,5250.1489
3200.0,1793,5255.040582
5300.0,1887,5259.593527
5500.0,2281,5265.996733
1100.0,641,5267.587761
4700.0,1700,5272.066234
4100.0,1639,5284.970037
3300.0,1860,5290.07787
3500.0,1623,5294.420702
4200.0,1778,5298.985232
4800.0,1802,5303.280499
3900.0,1484,5307.212872
4800.0,1662,5311.562935
3900.0,1542,5323.571419
3200.0,1538,5327.690624
3800.0,1732,5332.109215
3400.0,1523,5336.030388
3800.0,1861,5340.805462
3800.0,1574,5344.91914
4100.0,1589,5349.125664
4200.0,1723,5353.397159
3800.0,1755,5366.474205
2800.0,1186,5369.519818
4800.0,1683,5373.901774
3500.0,1680,5378.672712
3900.0,1670,5382.656637
3400.0,1478,5386.472753
1200.0,619,5387.972219
3800.0,1627,5392.153213
3500.0,1529,5395.884709
4100.0,1627,5407.976876
4100.0,1454,5411.943984
4900.0,1941,5417.219887
3200.0,1380,5420.576309
4100.0,1658,5424.664698
3700.0,1738,5429.699575
4100.0,1664,5433.904302
4300.0,1533,5437.715691
3800.0,1596,5447.7693
3200.0,1481,5451.769597
4000.0,1587,5455.760044
4000.0,1627,5459.589614
3800.0,1604,5463.572635
1700.0,1082,5466.33705
3600.0,1420,5470.048602
3500.0,1526,5473.913934
3800.0,1689,5485.84161
4100.0,1887,5490.835909
3700.0,1516,5494.785766
4400.0,1585,5498.777703
3600.0,1443,5502.798579
5000.0,1682,5507.266769
4300.0,1586,5511.537694
2800.0,1484,5515.779689
3200.0,1427,5525.875674
3600.0,1367,5529.690264
2450.0,1340,5533.426133
4100.0,1830,5537.973002
4200.0,1598,5541.885551
4200.0,1851,5546.775759
2600.0,1313,5549.875192
3500.0,1536,5553.979531
3700.0,1719,5565.789568
4100.0,1866,5570.337661
3900.0,2103,5575.96031
4100.0,1565,5579.864788
3700.0,1529,5583.868188
3900.0,1695,5588.552173
3900.0,1584,5592.830094
4200.0,1640,5597.450882
3400.0,1422,5608.807226
4200.0,1587,5613.013813
4200.0,1823,5617.971896
3800.0,1619,5622.003067
3700.0,1497,5626.100857
4100.0,1725,5630.769411
3000.0,1536,5635.000862
3200.0,1468,5639.079283
2800.0,1332,5649.501425
3800.0,1324,5652.733414
4000.0,1418,5656.580398
3900.0,1860,5661.105528
3300.0,1856,5665.859719
1550.0,729,5667.453962
3900.0,1504,5671.26733
3900.0,1453,5674.901353
2800.0,1385,5685.97934
4500.0,1744,5690.27606
4400.0,1747,5694.958707
3700.0,1528,5698.265667
1250.0,669,5700.338468
3400.0,1391,5703.356731
4400.0,1647,5707.845127
4100.0,1891,5712.561012
4000.0,1846,5717.446844
3500.0,1481,5729.532435
800.0,546,5730.968915
4300.0,1450,5734.515749
3500.0,1391,5738.470271
3900.0,1714,5742.904435
4200.0,2050,5748.152085
3900.0,1958,5753.406723
3200.0,1280,5757.098843
3300.0,1536,5768.730778
4000.0,1710,5773.131462
2600.0,1210,5776.252748
3400.0,1648,5780.478285
3600.0,1794,5785.273754
3000.0,1362,5788.411888
3900.0,1758,5793.121926
4000.0,1561,5797.184426
4100.0,1773,5808.761283
3100.0,1302,5812.257663
3700.0,1520,5816.41757
3300.0,1277,5819.466478
2800.0,1361,5822.958171
2600.0,1578,5826.903491
4200.0,1593,5831.084054
4500.0,1949,5835.820681
3500.0,1528,5847.522097
3900.0,1496,5851.360448
4200.0,1629,5855.446995
4600.0,1835,5860.252771
3900.0,1508,5863.943616
4000.0,1913,5868.607147
1600.0,943,5871.180939
4200.0,1818,5876.356125
3200.0,1595,5887.780815
3100.0,1324,5891.070316
3400.0,1320,5894.922529
3900.0,1513,5899.076131
3300.0,1429,5902.872647
3600.0,1485,5906.244102
3700.0,1383,5910.092452
5000.0,2027,5915.512802
4300.0,1821,5919.882867
4700.0,1729,5932.835518
3400.0,1313,5936.108904
4900.0,1874,5941.074828
4200.0,1733,5945.163357
2900.0,1213,5948.687767
5100.0,1853,5953.220028
3700.0,1576,5957.531543
4800.0,1960,5970.574949
4800.0,1696,5974.778322
3900.0,1701,5979.492097
1300.0,913,5981.276511
5300.0,2091,5986.36629
1350.0,940,5988.873191
3900.0,1450,5992.792728
3600.0,1461,5996.597507
2900.0,1275,5999.634594
4400.0,1798,6012.499547
5000.0,1949,6017.123027
4600.0,1621,6021.675871
4500.0,1707,6025.794444
5800.0,1964,6031.117172
2700.0,1303,6034.211886
5300.0,1698,6038.604054
3600.0,1436,6042.610594
4800.0,2141,6057.880874
3300.0,1586,6062.035615
4600.0,1821,6066.965451
3400.0,1298,6070.124766
3900.0,1854,6075.315912
4300.0,1651,6079.533698
5500.0,2259,6085.698204
4700.0,1819,6097.757532
5300.0,2040,6102.977776
4700.0,1556,6106.770434
4800.0,1843,6111.622522
4600.0,2160,6117.279837
3700.0,1474,6121.273477
5000.0,2042,6133.449928
4600.0,2328,6139.37838
3200.0,1371,6142.835312
5200.0,1697,6147.212739
2700.0,1196,6150.145811
5400.0,1944,6155.561
4400.0,1605,6159.884743
4500.0,1819,6164.820793
3900.0,1699,6177.523844
4500.0,1703,6181.944583
4700.0,1610,6185.953685
3600.0,1523,6190.125321
4500.0,1716,6195.178017
6500.0,2329,6201.12687
1600.0,1155,6204.094069
4700.0,1716,6216.625822
3800.0,1681,6221.279902
2900.0,1536,6225.465724
3400.0,1582,6229.487005
4600.0,1830,6234.012069
4200.0,1720,6238.824272
2100.0,1155,6241.705022
4300.0,1572,6245.968748
2150.0,1199,6249.104851
4600.0,1769,6262.100687
4600.0,1817,6266.638808
2600.0,1190,6269.742368
4000.0,1361,6273.746698
4500.0,1529,6278.074288
3700.0,1524,6282.382528
900.0,725,6284.140928
4300.0,2071,6289.743325
4000.0,1766,6301.150046
3300.0,1484,6304.539827
2500.0,1583,6309.120784
3600.0,1465,6312.671698
4900.0,1808,6317.880026
4600.0,2194,6323.43328
4300.0,2082,6328.912541
4200.0,1673,6342.031315
4600.0,1672,6346.797383
6000.0,2138,6352.168752
800.0,643,6353.770239
4400.0,1507,6357.77017
2800.0,1325,6361.021037
4300.0,1907,6366.149661
5400.0,2187,6371.640742
5300.0,1747,6384.246889
3900.0,1699,6388.589038
900.0,693,6390.121753
2900.0,1312,6393.705154
5100.0,1769,6398.16089
3800.0,1591,6402.212146
3600.0,1431,6405.969157
4100.0,1417,6409.675859
4100.0,1442,6413.180351
4600.0,1879,6426.457471
5200.0,1946,6431.431087
4100.0,1790,6436.125737
3000.0,1531,6440.164094
3400.0,1810,6445.108039
3000.0,1518,6449.122653
3900.0,1702,6453.554608
4500.0,1756,6465.877389
3800.0,1596,6469.718348
4300.0,1543,6473.559451
4100.0,1681,6478.481346
4100.0,1451,6481.899389
3500.0,1530,6485.832756
4100.0,2153,6491.919098
3000.0,1304,6495.034056
4500.0,1709,6507.099406
3900.0,1723,6511.80072
3900.0,1783,6516.167522
1850.0,993,6518.796357
3300.0,1369,6522.565789
2200.0,1296,6525.685867
4000.0,1450,6529.438602
4500.0,1478,6533.333279
3800.0,1703,6544.75157
4000.0,1459,6548.44685
4400.0,1846,6552.82961
3400.0,1602,6557.45726
3300.0,1546,6561.494669
3700.0,1531,6564.924221
4000.0,1701,6569.623065
3500.0,1686,6573.856454
4000.0,1828,6585.465337
3800.0,1777,6590.135115
4100.0,2078,6595.539719
3700.0,1893,6600.705382
4500.0,1562,6604.901908
3400.0,1253,6607.958435
4200.0,1718,6612.306026
4100.0,1616,6623.589759
2350.0,1336,6627.126822
2900.0,1322,6630.603029
4300.0,1634,6634.938488
3900.0,1687,6639.223773
4900.0,1788,6643.633446
4000.0,1504,6647.569338
2900.0,1470,6651.463503
2600.0,1620,6655.37715
5200.0,1901,6668.952667
3900.0,1770,6673.336309
4100.0,1596,6677.439869
4700.0,1715,6682.505584
3900.0,1577,6686.823874
3500.0,1658,6691.210276
3400.0,1655,6695.488352
3500.0,1975,6709.133077
3300.0,1391,6712.831183
3900.0,1614,6717.05928
4400.0,1696,6721.458976
4100.0,1715,6726.036915
3900.0,1780,6731.162199
4200.0,1546,6735.180836
4900.0,1797,6739.380988
4900.0,1689,6752.146752
2500.0,1539,6755.999314
1600.0,1070,6758.696098
3000.0,1363,6762.491584
5400.0,1777,6766.986355
5800.0,1816,6772.100549
5200.0,1829,6776.966277
4000.0,1377,6780.24636
2350.0,1492,6792.279711
5200.0,1756,6796.635345
4900.0,1908,6801.755941
4400.0,1825,6806.803698
4900.0,1685,6811.032655
6300.0,2001,6816.110141
5100.0,1691,6820.400147
5200.0,1748,6833.220929
6500.0,2054,6839.184384
3100.0,1564,6843.52479
2300.0,1427,6847.571806
3600.0,1447,6851.545244
4700.0,1923,6856.421989
5100.0,1972,6860.81208
2800.0,1161,6864.392008
5500.0,2289,6878.599578
3500.0,1486,6882.712266
4400.0,1760,6887.274065
5300.0,2105,6892.965153
4000.0,1725,6897.49948
3300.0,1343,6900.74263
3500.0,1485,6905.162606
2900.0,1310,6918.823266
3000.0,1773,6923.75734
4400.0,1541,6928.256659
1950.0,1429,6932.391616
5400.0,1687,6936.747501
4300.0,1705,6940.804855
3400.0,1318,6944.230346
5200.0,2017,6949.523703
3300.0,1492,6962.423199
5400.0,2535,6969.80625
4000.0,1745,6974.456585
6100.0,2215,6980.352224
4700.0,1660,6984.649889
4300.0,1723,6989.506121
1700.0,1155,6992.481874
5000.0,2264,7006.600013
3700.0,1484,7010.845743
3700.0,1785,7015.968866
3000.0,1318,7019.461093
2400.0,1867,7024.650524
4000.0,1631,7028.96721
5600.0,1842,7034.049657
4900.0,1810,7047.192183
3700.0,1413,7051.350478
4500.0,1907,7056.215519
3300.0,1896,7061.676903
2700.0,1336,7065.638727
3900.0,1676,7069.935329
4400.0,1487,7074.04883
3400.0,1724,7078.515739
3700.0,1837,7091.883482
4100.0,1453,7095.216181
3700.0,1463,7099.162605
4000.0,1649,7103.495355
2700.0,1403,7107.358748
4800.0,2071,7112.80276
4200.0,2032,7118.312757
4200.0,2103,7132.07433
3800.0,1640,7136.351269
4800.0,2025,7141.94683
3600.0,2095,7147.679651
4400.0,1795,7152.801172
4900.0,2239,7158.697109
6200.0,2317,7172.041976
3600.0,1224,7174.819245
4600.0,2087,7180.030318
4300.0,1667,7184.309677
6300.0,2198,7189.75849
5600.0,1903,7194.488412
5900.0,2314,7200.472808
3200.0,1243,7212.815826
4800.0,1951,7218.136988
5400.0,1882,7222.574511
4500.0,2250,7228.813602
4400.0,1627,7233.269949
3800.0,1674,7237.483663
4200.0,1537,7241.448487
3600.0,1564,7253.036632
4400.0,1703,7257.278355
5000.0,2045,7262.335867
3200.0,1827,7267.105178
5000.0,2098,7272.564905
3800.0,1838,7277.216894
4800.0,1642,7282.02593
5700.0,1883,7295.259148
5200.0,1867,7300.187636
5400.0,1968,7305.4127
5700.0,1980,7309.862742
5300.0,1902,7315.000704
4700.0,2542,7321.752605
5600.0,1909,7334.516525
3500.0,1378,7337.860895
5800.0,2420,7344.623102
4200.0,1828,7349.474795
3900.0,1612,7353.352078
3800.0,1594,7357.395994
4100.0,1741,7361.739037
4900.0,1672,7365.949669
4800.0,1732,7379.404386
5100.0,1815,7383.902561
5000.0,2315,7389.967402
3900.0,1635,7394.007499
4800.0,1973,7399.284432
4500.0,2036,7404.798835
6300.0,2918,7420.926993
5000.0,1916,7426.05518
4400.0,1757,7430.356366
2900.0,1158,7433.30712
4600.0,1698,7438.144568
3700.0,1508,7442.001682
4000.0,1848,7446.570546
5300.0,1850,7461.10514
3800.0,1646,7465.413701
3700.0,1609,7469.702751
2900.0,1740,7474.305053
5600.0,1973,7479.613486
2600.0,1829,7484.487229
3800.0,1696,7488.705713
3900.0,2193,7504.021601
3700.0,1480,7508.167852
3800.0,1743,7512.649991
5100.0,2647,7520.222642
3900.0,1547,7524.256854
3800.0,1607,7528.503945
5000.0,1777,7532.8612
4100.0,2444,7547.52574
5300.0,2513,7554.332545
4900.0,2093,7559.865455
4700.0,2035,7565.177305
5400.0,1785,7569.285953
5100.0,1765,7573.574584
4600.0,1594,7587.760637
5000.0,1953,7592.590058
5500.0,2425,7599.350059
5100.0,1992,7604.653838
4900.0,2503,7610.624896
5200.0,2071,7615.578936
5400.0,1989,7629.407193
3100.0,1662,7634.330111
3900.0,1404,7637.88098
4600.0,2145,7643.365137
4700.0,1743,7648.340028
4300.0,1843,7652.578454
2050.0,898,7654.806497
5000.0,2073,7660.202399
5400.0,2058,7674.905858
4800.0,2041,7680.542174
3300.0,1764,7685.218855
2800.0,1467,7689.12858
4200.0,1885,7693.715476
2800.0,1258,7696.673602
4700.0,1769,7701.558296
4800.0,1756,7713.844291
5200.0,1773,7718.497772
3900.0,1537,7722.596575
3200.0,1389,7726.371027
3800.0,1706,7730.975045
5900.0,2725,7737.84997
3300.0,1409,7740.95572
3200.0,1504,7753.627505
3000.0,1634,7757.850838
6200.0,2147,7764.096771
3500.0,1917,7768.956423
4100.0,1832,7773.726628
5000.0,2121,7778.715803
3700.0,1600,7782.764894
5200.0,1983,7796.626422
4900.0,1811,7801.325263
2700.0,1475,7805.267789
4800.0,1844,7810.304355
4200.0,1781,7814.49222
5400.0,1989,7819.272431
4900.0,1838,7823.938129
4700.0,1762,7838.318925
4100.0,1951,7843.58258
5000.0,1957,7848.825811
5200.0,2025,7853.68398
5200.0,1725,7858.802208
3500.0,1641,7863.200508
4700.0,1700,7867.607639
4800.0,2150,7881.513588
4200.0,2430,7888.045645
3000.0,1335,7891.601747
3400.0,1397,7894.650127
4700.0,1556,7898.610342
4600.0,1787,7903.402319
5000.0,2129,7908.70819
3700.0,1743,7921.20192
3400.0,1568,7925.565132
4000.0,1712,7930.021834
4500.0,2225,7935.990001
5300.0,1793,7940.55215
4100.0,1506,7944.564082
4800.0,1979,7949.647455
2800.0,1525,7961.283082
4600.0,1661,7965.677116
3700.0,1660,7970.105469
5600.0,1765,7974.907995
4600.0,1882,7979.747962
4000.0,1625,7984.668869
3300.0,1496,7988.11149
3300.0,1803,8001.023459
2200.0,1343,8004.238711
4600.0,1925,8009.415773
750.0,533,8010.707283
3100.0,1221,8014.120245
5900.0,2004,8018.942845
5000.0,1760,8023.857372
5100.0,1641,8028.088128
5200.0,1741,8032.291081
4700.0,1945,8045.776471
3700.0,1695,8050.216429
3600.0,1546,8054.1427
4500.0,1924,8059.19454
3800.0,1886,8064.414349
1600.0,765,8066.161448
3500.0,1525,8070.177618
1200.0,636,8071.622362
5400.0,2100,8084.839879
5400.0,2118,8090.566264
3300.0,1514,8094.327643
3300.0,1640,8098.361841
4400.0,2085,8104.332552
4800.0,1987,8109.67481
3600.0,1422,8113.520927
6400.0,2514,8128.478048
4300.0,1910,8133.730207
1350.0,829,8135.491351
5500.0,2019,8140.731038
3300.0,1324,8144.553433
3600.0,1519,8148.583052
1000.0,747,8150.39844
4600.0,1812,8155.305014
5100.0,2025,8168.23647
4000.0,1605,8172.447743
2900.0,1437,8176.226682
4200.0,2041,8181.623237
3400.0,1263,8185.092413
3800.0,1587,8189.224254
4400.0,1576,8193.453217
5000.0,1925,8198.521421
3200.0,1758,8210.500492
4600.0,1784,8214.721359
4500.0,1705,8218.783343
6600.0,2130,8224.829618
4000.0,1433,8228.27878
3000.0,1738,8233.293389
4600.0,1577,8237.562063
3400.0,1447,8248.34077
4500.0,1746,8252.453221
2700.0,1226,8255.268396
3100.0,1603,8259.141321
3900.0,1501,8262.997726
4700.0,1852,8267.963298
5200.0,1864,8272.493903
3000.0,1539,8276.609287
1700.0,844,8287.275351
1550.0,972,8289.840496
3400.0,1583,8293.700803
5500.0,1854,8298.394382
3000.0,1417,8301.68629
4000.0,2285,8308.054412
4100.0,1448,8311.433934
5300.0,2194,8317.654702
5400.0,2006,8333.083937
2700.0,1446,8336.398649
4400.0,1698,8340.876724
3000.0,1546,8345.046076
2700.0,1334,8348.450439
4900.0,2062,8354.029645
5000.0,1817,8359.190506
6600.0,1989,8374.157303
3200.0,1487,8377.425887
5000.0,1621,8381.854333
4800.0,2272,8387.598647
5800.0,2260,8393.609829
2700.0,1373,8397.429487
4200.0,2012,8402.867332
4000.0,1684,8416.202205
2900.0,1424,8419.709339
6500.0,1952,8424.559673
5300.0,2008,8429.068733
4500.0,1779,8434.1747
3400.0,1572,8438.355762
5100.0,1974,8443.699938
4600.0,2242,8457.769565
1750.0,974,8460.152861
3900.0,2054,8465.238509
5400.0,1904,8470.652378
5200.0,1928,8475.571067
3900.0,1594,8479.999483
5700.0,2165,8486.101938
4300.0,2117,8498.966033
4300.0,2257,8504.492145
3600.0,1488,8508.924052
3800.0,1562,8513.279201
7000.0,2137,8519.187897
5800.0,1891,8524.64941
4900.0,1824,8529.161708
3800.0,1587,8541.009233
4800.0,2044,8546.203012
6100.0,1946,8551.747716
5000.0,1774,8556.457452
4800.0,1854,8561.35921
4500.0,1859,8566.052147
3400.0,1427,8569.271738
4300.0,1775,8582.652129
3700.0,1651,8586.670016
4900.0,1982,8592.150742
5800.0,1798,8596.901774
3200.0,1459,8600.886901
1650.0,934,8603.396664
5000.0,1774,8607.810485
5100.0,2209,8622.279373
4300.0,1609,8625.937782
4500.0,1771,8630.195706
950.0,788,8632.513713
5400.0,1884,8637.037994
5200.0,1839,8641.969862
4900.0,1783,8646.360003
3400.0,1458,8650.313749
4900.0,2206,8664.812114
2900.0,1456,8668.444656
4000.0,1813,8673.394188
4700.0,1579,8677.531526
6100.0,2464,8683.998694
5700.0,1797,8689.159903
5300.0,1956,8694.767227
4200.0,2130,8708.795928
5400.0,1777,8713.285102
5600.0,2148,8719.277372
5100.0,1864,8724.789479
4400.0,1964,8730.560158
5100.0,2096,8736.481375
4800.0,1869,8748.340183
5800.0,1717,8752.762107
4600.0,1854,8757.147502
3400.0,1417,8761.255244
3500.0,1450,8765.329829
4800.0,2011,8770.668662
4200.0,1934,8775.406878
4300.0,2012,8788.318631
1950.0,1010,8790.80598
3000.0,1454,8794.366794
3700.0,1657,8798.226115
5800.0,2297,8804.499598
4600.0,1980,8809.402203
3900.0,1708,8814.286578
3500.0,1650,8818.478761
4200.0,1906,8831.575584
4800.0,1880,8836.022325
5200.0,1701,8840.568039
1550.0,898,8842.490042
5300.0,2216,8848.51231
3600.0,1573,8852.725971
4100.0,1871,8857.523987
4000.0,1632,8870.124922
3700.0,1575,8874.117717
7200.0,2705,8881.092355
3400.0,1770,8885.383041
3800.0,1707,8889.727778
4800.0,1770,8894.776202
5400.0,1887,8899.341482
4200.0,1829,8912.862212
4200.0,1692,8917.549681
5400.0,1833,8922.50566
2800.0,1281,8925.477564
3200.0,1433,8929.295451
3900.0,1349,8933.028397
4400.0,2057,8938.604924
4000.0,1727,8942.987155
5000.0,1803,8955.48151
3100.0,1538,8959.517059
5800.0,1825,8964.324899
6200.0,2241,8969.909852
4600.0,1786,8974.945468
5100.0,2212,8980.576061
4400.0,1700,8992.598425
1300.0,781,8994.863003
2700.0,1469,8998.929383
5600.0,1943,9003.515494
5900.0,1851,9008.226824
6800.0,2429,9014.474844
3600.0,1495,9017.880688
4800.0,1720,9022.841936
5300.0,2025,9035.692038
5800.0,1983,9040.562943
5300.0,1757,9045.329355
3200.0,1281,9048.257704
5200.0,2069,9053.659011
4700.0,1839,9058.700943
4700.0,1785,9063.179487
5400.0,1625,9075.477509
4600.0,2226,9081.678231
4800.0,1966,9086.774485
2250.0,1275,9089.652525
6400.0,2054,9094.933809
4500.0,1788,9099.543695
5100.0,1766,9104.883534
5300.0,1975,9119.076192
4400.0,1532,9123.177447
4000.0,1574,9127.127343
4200.0,1757,9131.169283
5300.0,1849,9136.049699
4600.0,2082,9141.471076
5500.0,2302,9147.239004
5600.0,2025,9161.441478
5100.0,2095,9166.873487
5300.0,2038,9171.913235
3700.0,1723,9176.318138
5900.0,2315,9182.82622
4800.0,2092,9188.385315
4500.0,1676,9201.055847
5100.0,2087,9206.807637
5300.0,1920,9211.771392
4800.0,1776,9215.955008
3900.0,1758,9220.885408
6300.0,2260,9226.48533
5400.0,2141,9239.214179
5100.0,2069,9244.814679
4600.0,1807,9249.89234
4500.0,1735,9254.285526
4600.0,2213,9260.019472
5500.0,2489,9267.330122
4900.0,1953,9282.009005
5300.0,1685,9286.770679
4500.0,1594,9291.042315
4800.0,2217,9296.834432
3500.0,1589,9300.841346
4700.0,1609,9305.229228
4600.0,1751,9310.291219
5400.0,2008,9315.598675
4700.0,1996,9330.424635
4800.0,1814,9334.804008
4700.0,1556,9338.581741
4800.0,2219,9343.939549
5100.0,1946,9349.111347
5100.0,2108,9354.56801
5000.0,1750,9367.394493
4200.0,1437,9370.850535
5500.0,1878,9375.772042
4800.0,1798,9379.932503
4600.0,2113,9385.356217
1950.0,1130,9388.884354
5600.0,1850,9393.478923
4500.0,1833,9398.507532
4400.0,1446,9410.748564
4400.0,1558,9415.184871
2600.0,1308,9418.735586
4800.0,1767,9423.086953
3600.0,1890,9428.155428
3000.0,1399,9432.23105
2700.0,1536,9436.441056
3900.0,1852,9440.905409
3900.0,1670,9454.320673
4900.0,1747,9459.47265
3000.0,1417,9463.421702
3900.0,1964,9468.251184
3700.0,1768,9473.303722
7700.0,2406,9479.723019
6400.0,2177,9496.29473
6600.0,2706,9503.845694
4400.0,1760,9508.228185
5800.0,1765,9513.046942
4000.0,1645,9517.527963
3300.0,1377,9521.048861
3900.0,1632,9525.810771
4800.0,1687,9541.057789
5800.0,1913,9545.876501
5400.0,1933,9551.029546
5100.0,1868,9556.200578
6300.0,2227,9562.275032
4700.0,2115,9567.963996
1050.0,532,9569.38757
3900.0,1532,9573.781054
3000.0,1288,9587.214234
4000.0,1512,9591.448142
6700.0,2062,9597.170655
5500.0,2299,9603.494841
5500.0,2029,9609.234824
3500.0,1679,9613.655835
3800.0,2052,9627.493539
4600.0,1915,9633.25652
3600.0,1395,9637.471942
2600.0,1584,9641.966459
4600.0,1866,9646.979424
800.0,863,9649.631338
5300.0,2066,9655.069489
3900.0,1669,9659.243153
2250.0,1490,9672.74804
4600.0,1900,9678.199368
4600.0,1829,9682.851727
4000.0,1491,9686.682343
4800.0,1743,9691.113949
1800.0,1264,9694.637242
6800.0,2155,9700.225441
5300.0,2002,9705.750937
4800.0,2096,9719.775822
4300.0,1570,9724.201658
3300.0,1373,9727.327032
4100.0,1786,9732.66785
4900.0,1822,9737.574973
5700.0,2088,9743.037529
5300.0,1995,9759.059393
4900.0,1709,9763.722667
6200.0,2122,9769.487508
5500.0,2221,9775.746628
2350.0,1072,9778.662325
2500.0,1240,9782.070127
4300.0,2120,9788.558165
5700.0,2073,9794.121472
5000.0,2196,9811.786405
4000.0,1737,9816.407534
4500.0,1794,9821.653326
4900.0,2034,9827.272502
2500.0,1670,9831.510783
5500.0,2298,9837.502851
5300.0,2084,9853.076447
3000.0,1485,9857.148542
4100.0,1959,9862.708941
5000.0,2211,9868.408543
5600.0,2499,9875.23555
2000.0,1118,9878.188711
3200.0,1369,9882.03426
4000.0,1653,9896.395233
5000.0,1972,9902.046023
4100.0,1595,9905.889874
5800.0,2230,9911.763482
5700.0,1721,9915.994355
4700.0,1875,9921.037953
2600.0,1226,9924.001605
5700.0,1940,9937.012455
4600.0,1886,9941.984418
4700.0,1763,9946.603063
4500.0,2371,9953.390327
6000.0,2580,9960.430272
350.0,272,9960.911347
6100.0,1931,9966.241105
5100.0,2018,9980.226524
5500.0,1803,9985.22467
5700.0,1943,9990.066604
5700.0,2002,9995.399199
4800.0,1762,10000.385534
3800.0,1706,10004.743161
3200.0,1352,10007.788292
3500.0,1476,10019.822594
5200.0,1620,10024.048702
4600.0,1916,10029.541446
6800.0,2124,10035.175685
4900.0,1825,10040.255935
3100.0,1356,10043.494777
5700.0,2046,10048.81983
3600.0,1517,10061.692127
6100.0,2263,10068.104611
5600.0,2058,10073.692536
5300.0,1926,10078.200405
2700.0,1494,10081.962885
4400.0,1688,10086.510775
5100.0,1777,10091.575253
4300.0,1693,10104.293764
3300.0,1624,10108.516822
4100.0,1718,10112.723109
5600.0,1907,10117.681154
4400.0,1783,10122.69379
4800.0,1892,10127.422663
4000.0,1768,10132.454084
4400.0,1614,10136.588568
3100.0,1801,10148.982145
5300.0,1734,10153.96695
4500.0,1853,10158.743336
3200.0,1411,10162.662456
5400.0,1856,10167.254785
3700.0,1615,10172.089792
4300.0,1952,10177.122183
4000.0,1382,10189.846035
4800.0,2124,10195.490606
7200.0,2459,10202.393908
5000.0,1738,10206.918914
3500.0,1734,10211.266261
5500.0,1847,10216.535633
4500.0,1744,10221.056839
2900.0,1479,10234.466877
3800.0,1849,10239.72896
6300.0,2610,10246.951924
550.0,462,10248.222604
4700.0,1852,10252.682639
5500.0,2159,10258.371391
4100.0,1672,10263.149601
5400.0,1997,10276.758546
2700.0,1496,10280.327406
4100.0,1751,10285.184207
1500.0,1164,10287.85639
6600.0,2021,10292.896585
5600.0,1770,10297.368149
3800.0,1581,10301.525754
4500.0,2082,10314.732827
4000.0,1444,10318.691754
3900.0,1819,10323.575112
5700.0,1902,10328.145486
4700.0,1791,10333.127715
4400.0,1683,10337.418262
4600.0,2108,10342.972173
5100.0,1931,10356.537454
5200.0,2071,10361.906225
3100.0,1726,10366.538212
4400.0,2076,10372.186574
2600.0,1266,10375.857325
4400.0,1745,10380.314569
5200.0,1826,10384.989512
5000.0,1951,10398.566369
5500.0,1954,10403.832186
4600.0,1884,10409.152244
5700.0,2303,10415.137987
5500.0,1842,10420.361692
4600.0,1911,10424.861881
3500.0,1241,10428.307923
5100.0,2086,10442.096949
4200.0,1681,10446.621852
3300.0,1365,10450.548171
4100.0,1714,10454.968736
4800.0,1728,10459.447159
4900.0,1667,10463.541909
3400.0,1525,10467.264815
5300.0,1992,10472.757053
4000.0,1743,10486.742249
3800.0,1578,10491.009121
5500.0,1698,10495.287627
5600.0,2409,10501.512604
6200.0,2375,10507.18246
3400.0,1615,10511.335512
5500.0,1896,10525.781007
5400.0,2368,10532.276589
3900.0,1985,10537.138599
5300.0,1826,10542.278562
1000.0,537,10543.635223
5300.0,1968,10548.887116
3800.0,1455,10552.952397
4300.0,1798,10557.621408
4500.0,1856,10571.404316
6100.0,2157,10576.878217
4300.0,1519,10581.077946
4700.0,1756,10585.879125
4200.0,1840,10591.198508
3100.0,1727,10595.75477
5800.0,1928,10610.407391
3700.0,1571,10614.39251
3900.0,1565,10618.514162
4500.0,1987,10623.82552
6400.0,1961,10628.730552
3500.0,1604,10633.406329
4200.0,1697,10637.718327
5200.0,2283,10652.600987
5000.0,1747,10657.595981
5000.0,2359,10663.813629
6000.0,2195,10669.920254
4900.0,2573,10677.032049
4600.0,1865,10681.800912
2350.0,1356,10685.541888
4800.0,1834,10697.564593
2250.0,1063,10700.428876
5100.0,1929,10705.922014
3600.0,2044,10711.333359
6300.0,2705,10717.83305
5500.0,2076,10723.424516
3100.0,1635,10736.650992
4300.0,1936,10741.649614
4700.0,1833,10746.450101
5000.0,1854,10751.402014
4600.0,1741,10756.014436
5100.0,1822,10761.201298
3500.0,1482,10765.189182
3400.0,1813,10778.242288
4900.0,2019,10783.608853
4800.0,1913,10788.417819
4700.0,2067,10793.865303
5400.0,1920,10799.178868
4200.0,1705,10803.562384
4700.0,1620,10807.815085
5200.0,1884,10822.595475
5400.0,2175,10828.417657
5500.0,2370,10834.557881
4900.0,1889,10840.064975
4700.0,1757,10845.36642
4600.0,1807,10850.058445
5000.0,1989,10855.466951
3700.0,1875,10869.271968
4200.0,1626,10874.051407
4600.0,2351,10880.443836
3800.0,1691,10885.100747
3200.0,1305,10888.914057
1050.0,831,10890.904893
3200.0,1400,10894.630288
4700.0,1842,10908.773722
6600.0,2307,10914.619332
5000.0,1812,10919.91608
5700.0,2312,10925.981722
5500.0,2389,10932.159526
6300.0,2144,10938.044584
4000.0,1657,10952.562068
3200.0,1717,10957.108424
5200.0,2096,10962.611069
3200.0,1796,10967.594274
2700.0,1290,10971.030516
5100.0,1777,10976.112992
5700.0,2575,10982.96831
4800.0,1991,10997.367562
3900.0,1772,11001.496866
4500.0,1742,11005.663617
3500.0,1808,11010.84589
5100.0,2047,11016.479483
4000.0,1579,11020.739969
3600.0,1728,11025.207299
750.0,471,11026.461075
5300.0,2107,11041.556442
4600.0,2151,11047.122194
5200.0,1810,11052.250329
3300.0,1799,11056.838077
4600.0,1615,11061.170002
5200.0,2074,11066.747207
6600.0,2293,11081.384186
5500.0,2225,11087.346321
5500.0,2245,11093.091723
4400.0,1841,11098.181304
4900.0,1847,11103.091618
4200.0,1592,11107.053774
5400.0,2197,11112.418251
5800.0,2036,11127.963462
5000.0,1716,11132.468936
4500.0,2020,11138.009634
5100.0,1603,11141.901777
5200.0,1949,11146.950366
3000.0,1513,11150.935151
5000.0,1774,11155.320355
5600.0,2108,11172.447815
6400.0,2546,11178.824363
7300.0,2243,11185.282431
6100.0,2166,11190.82083
5300.0,1703,11194.968438
6000.0,2149,11200.445537
3100.0,1385,11212.524643
4900.0,1937,11217.658
5400.0,2453,11223.988939
5700.0,2046,11229.383581
5400.0,2228,11235.369482
3400.0,1510,11239.233857
5500.0,2123,11253.851036
5700.0,1914,11258.542744
4100.0,2035,11263.949843
4800.0,1502,11267.973403
4900.0,1748,11272.834513
1000.0,562,11274.333708
5300.0,1994,11279.213428
3200.0,1403,11283.112216
5900.0,2100,11298.375549
5500.0,2202,11304.481967
4700.0,1943,11309.81788
4300.0,1715,11314.09861
5300.0,2034,11319.263053
6700.0,2285,11325.374997
6000.0,2227,11342.405351
7700.0,2451,11349.055004
4700.0,1829,11353.434328
5400.0,1910,11358.219301
4700.0,1820,11363.285992
2100.0,1211,11366.271902
6400.0,2442,11383.575731
5800.0,1902,11388.225536
6100.0,2481,11394.356315
3500.0,1571,11398.542538
3800.0,1276,11402.270056
6900.0,2454,11407.992154
5500.0,2273,11414.776193
5100.0,1981,11431.010921
6000.0,2350,11437.045681
4400.0,1812,11442.111163
5700.0,2486,11447.953547
6500.0,2917,11455.423865
6100.0,2138,11471.415578
3600.0,1728,11475.97733
5700.0,2066,11481.55227
3200.0,1366,11485.402034
5400.0,2518,11491.969657
6500.0,2283,11497.215425
5700.0,2450,11513.461162
5700.0,2255,11519.407261
3600.0,1607,11523.712109
5800.0,2341,11529.751448
5000.0,1770,11533.66024
5300.0,2265,11539.765051
4500.0,1695,11544.137803
3900.0,1571,11559.748474
5200.0,1838,11565.024068
3400.0,1789,11569.170876
1250.0,851,11571.386366
6500.0,2457,11577.329947
4700.0,2080,11582.723533
4400.0,2068,11588.39
6400.0,2174,11604.418261
3500.0,1642,11608.90451
5400.0,2128,11614.178816
4200.0,1907,11619.472284
6300.0,1959,11624.500775
6000.0,2122,11630.427663
6900.0,2692,11648.282306
5900.0,2041,11653.790675
4200.0,1822,11658.099473
4900.0,1922,11662.991602
4600.0,1795,11667.67784
3300.0,1443,11671.325706
3200.0,1426,11674.998979
5600.0,2064,11690.546573
1750.0,1189,11693.48988
4200.0,1565,11697.456033
5300.0,1919,11702.24517
6000.0,2123,11707.620179
5700.0,1981,11712.844773
6600.0,2168,11718.376178
3700.0,1317,11730.577655
4700.0,1896,11735.875929
5500.0,2090,11741.354142
5700.0,1926,11746.057163
2100.0,1359,11749.548815
5500.0,1738,11754.526225
7400.0,2516,11771.289479
5300.0,1920,11776.154587
4800.0,1680,11780.785904
4500.0,1831,11785.097419
6200.0,2136,11790.429518
4700.0,2091,11796.167433
1550.0,901,11798.684358
4200.0,1726,11803.101694
6600.0,2818,11822.790832
3500.0,1735,11827.107394
5800.0,2200,11832.745852
5500.0,2295,11839.085251
4700.0,1874,11844.170903
5300.0,2012,11848.842991
6200.0,2055,11863.675255
6800.0,2466,11870.163007
4700.0,1757,11875.136522
6100.0,2270,11880.980868
6100.0,2658,11887.615201
6600.0,2425,11904.47182
5100.0,2141,11909.729658
2600.0,2018,11915.145192
4100.0,1575,11919.046744
4700.0,2124,11924.525548
7200.0,2235,11930.460246
4800.0,1664,11947.769729
7500.0,2766,11954.482045
7700.0,2765,11961.07032
5500.0,1956,11966.486764
4100.0,1678,11971.067331
3800.0,1429,11975.367195
6100.0,2318,11990.364663
4800.0,1765,11994.265564
4600.0,1911,11999.242003
5000.0,2132,12004.84574
3900.0,2057,12010.236641
5100.0,1811,12014.867221
1600.0,987,12017.53271
4100.0,1752,12030.158037
4000.0,1546,12034.084426
4000.0,1673,12038.859504
6000.0,2300,12044.741113
6000.0,2283,12050.695993
7500.0,2504,12057.6
3100.0,1401,12061.224404
5400.0,2075,12075.436679
6600.0,2229,12080.850316
5300.0,1780,12085.494932
6500.0,2491,12092.160219
4100.0,1754,12096.474912
4800.0,1582,12100.465897
4200.0,1623,12114.918315
4900.0,1865,12119.989699
5800.0,2021,12124.965837
3000.0,1705,12129.232022
6500.0,2456,12135.849064
6500.0,2255,12141.825013
7500.0,3087,12161.229217
5400.0,2072,12166.187155
4800.0,2003,12170.99657
3600.0,1584,12175.252652
5000.0,2306,12181.427726
5000.0,1791,12186.565866
6000.0,2375,12202.709361
3900.0,1855,12206.774312
5400.0,1876,12211.555141
3700.0,1673,12215.757875
5200.0,1903,12220.965713
4100.0,1486,12224.42586
6300.0,2267,12230.691136
4600.0,1943,12246.940147
6500.0,2121,12252.173547
3500.0,1993,12257.160475
5700.0,2548,12263.407353
1500.0,1014,12266.13895
6300.0,2320,12272.633241
5800.0,2098,12286.572308
2000.0,932,12289.115297
5200.0,2350,12294.911619
6300.0,2279,12300.960638
6600.0,2391,12306.920537
3300.0,1784,12311.604236
5300.0,1929,12316.098873
4100.0,1685,12331.156322
6500.0,2386,12336.9808
6000.0,2349,12343.484368
4100.0,1658,12347.41204
2900.0,1462,12351.191164
4900.0,1745,12355.571363
4300.0,1996,12361.015892
4400.0,1890,12375.107037
3800.0,1587,12378.924739
4700.0,1804,12383.185472
4000.0,1835,12387.964671
4900.0,2047,12393.261222
7100.0,2666,12400.419543
6300.0,2504,12416.532812
4700.0,1779,12420.525054
4600.0,1650,12424.757948
1850.0,1182,12428.330915
5400.0,2318,12434.369234
4200.0,1964,12439.573561
2600.0,1518,12443.785082
4800.0,1750,12457.859747
5000.0,2028,12463.137322
6500.0,2913,12471.104681
3600.0,1550,12475.298412
6400.0,2253,12481.465779
4700.0,1849,12486.693372
2800.0,1803,12499.671689
4600.0,1702,12503.68865
3500.0,1745,12508.585031
6100.0,2611,12515.688893
1150.0,617,12517.234117
5900.0,2117,12522.883661
5700.0,2187,12528.235062
5900.0,2771,12545.794891
5400.0,1943,12550.520983
4700.0,1691,12555.42893
3800.0,1255,12558.269965
4500.0,1924,12563.335873
3300.0,1283,12566.631224
5100.0,2343,12573.153587
6500.0,2779,12591.165345
3300.0,1866,12595.802329
5500.0,2086,12601.028481
5500.0,3150,12609.571117
6400.0,1970,12614.891995
3800.0,1842,12628.270477
7900.0,2693,12634.981852
4500.0,1991,12640.286937
6400.0,3161,12648.513882
7900.0,2565,12655.49176
3300.0,1380,12659.299209
3500.0,1570,12672.593317
5800.0,2362,12679.137091
4600.0,1848,12683.704354
5800.0,2292,12690.085559
5700.0,1882,12695.05523
5000.0,1830,12699.905337
5100.0,2072,12715.188453
5600.0,2116,12720.912655
4200.0,1382,12724.784785
5000.0,2031,12729.742041
6100.0,2093,12735.734453
3300.0,1261,12738.775007
6000.0,2176,12744.281322
6100.0,2139,12757.579277
5900.0,2324,12764.024781
5300.0,2102,12769.582744
7500.0,2732,12776.337463
7300.0,2557,12783.155357
2200.0,1243,12786.000285
6400.0,2539,12801.455055
4400.0,1804,12806.406208
5500.0,2202,12811.72259
6100.0,2508,12818.703137
1150.0,629,12820.222961
4700.0,1836,12825.303862
1700.0,1147,12828.262319
4400.0,2025,12843.202556
5500.0,1936,12847.598017
4000.0,1781,12852.722457
6900.0,2543,12859.433192
3800.0,1619,12863.746178
5100.0,2408,12870.262088
3900.0,1685,12884.941485
3600.0,1460,12889.122725
7500.0,2380,12895.397456
5500.0,2132,12901.321501
4300.0,1514,12905.688755
4600.0,1840,12911.271215
7500.0,2390,12927.244513
3600.0,1744,12932.277237
4300.0,1852,12937.0271
3400.0,1844,12942.238135
6600.0,2963,12950.791287
6300.0,2774,12957.76931
6700.0,2392,12976.384371
6900.0,2688,12983.503061
6300.0,2162,12989.231387
4600.0,1886,12994.667937
5200.0,2092,13000.494447
2450.0,1443,13004.442312
1750.0,860,13006.438826
3500.0,1321,13020.71495
6400.0,2586,13027.582577
7500.0,2748,13034.539371
6100.0,2325,13041.219144
3900.0,1836,13046.059055
5900.0,2319,13063.867355
6000.0,2347,13069.579839
6000.0,2511,13076.185612
5800.0,2167,13081.857527
5100.0,2288,13088.058111
4300.0,2328,13093.698208
3100.0,1353,13107.57534
4700.0,1776,13112.554971
6500.0,2230,13118.449389
5600.0,2308,13125.184697
4100.0,1689,13129.842647
6100.0,2238,13136.408721
6300.0,2328,13151.880752
4400.0,1696,13156.464706
5600.0,1818,13161.537782
5600.0,2250,13167.417886
4800.0,2150,13173.286486
3500.0,1875,13178.308631
3300.0,1330,13182.343192
6900.0,2854,13199.640909
3900.0,1666,13203.964442
6900.0,2766,13211.605391
7400.0,2461,13218.084098
3500.0,1583,13222.687816
3800.0,1967,13228.488007
6400.0,2519,13245.605667
3600.0,1709,13250.127788
5400.0,1908,13255.357697
5800.0,1762,13260.453708
5000.0,2042,13266.303713
5500.0,1895,13271.438501
6700.0,2303,13287.174395
3400.0,1458,13290.861989
3500.0,1663,13296.01794
4300.0,1862,13300.8272
6900.0,2172,13306.844394
4600.0,2242,13313.543289
4400.0,2262,13330.945514
5900.0,2400,13337.823153
3100.0,1289,13341.044197
2900.0,1433,13345.074068
6000.0,2094,13350.892658
3900.0,1843,13356.238259
5000.0,2110,13362.333385
5600.0,2050,13378.747051
950.0,606,13380.372493
1700.0,951,13383.006918
6200.0,2499,13389.329037
4000.0,1786,13394.728306
5900.0,2082,13400.773143
4500.0,2082,13406.678179
4500.0,1710,13411.38582
5300.0,1980,13427.861443
4000.0,1651,13432.170614
5800.0,2553,13439.247072
6100.0,2127,13445.158133
5300.0,1955,13450.861269
5600.0,2369,13457.554461
8300.0,2576,13475.082854
4900.0,1963,13480.344742
1050.0,884,13482.933532
6800.0,2442,13489.852905
7500.0,2725,13497.152881
3500.0,1804,13501.818306
3500.0,1755,13514.569344
5500.0,2286,13520.606717
5500.0,2294,13527.295676
6400.0,2516,13534.538106
3900.0,1455,13538.231127
4900.0,2220,13544.609877
1850.0,854,13557.653392
6700.0,2337,13564.162988
5400.0,1821,13568.833586
4400.0,2221,13575.533841
4300.0,1763,13580.272736
7500.0,2691,13587.258472
5000.0,1960,13602.232569
4200.0,1482,13606.407911
3500.0,1529,13610.565845
4000.0,1781,13615.271074
7300.0,2966,13623.577554
6400.0,2353,13630.321767
4200.0,1634,13634.606184
3300.0,1350,13645.622422
6500.0,2427,13652.271128
7500.0,2954,13660.544244
6400.0,2718,13667.841839
3000.0,1373,13671.189216
6800.0,2425,13688.720189
7500.0,3459,13698.238317
4800.0,1720,13702.638313
6000.0,2148,13708.363394
4700.0,1947,13713.901165
2700.0,1374,13717.812763
5500.0,2650,13735.488199
5100.0,1822,13739.911087
4500.0,1668,13744.797138
4200.0,1720,13749.119017
4800.0,1866,13754.562251
6000.0,2068,13760.067897
5400.0,1953,13765.199196
6200.0,2653,13783.701083
3200.0,1605,13787.924264
4300.0,1664,13792.143942
4400.0,1859,13796.917467
4800.0,1619,13801.658796
3300.0,1393,13805.072696
5700.0,2051,13810.924159
650.0,587,13821.711395
6400.0,2531,13828.616077
6200.0,2151,13834.26649
4800.0,1580,13838.392203
5400.0,2188,13844.338029
6900.0,2316,13850.343491
5500.0,2179,13866.142164
3100.0,1496,13870.141714
2150.0,1203,13873.543038
3700.0,1194,13876.696034
4400.0,1764,13881.172158
4400.0,1541,13885.048481
6200.0,2632,13891.579669
5800.0,2084,13897.486675
1000.0,612,13908.903402
4100.0,2059,13914.469872
3400.0,1875,13919.089014
6200.0,2523,13925.808458
4400.0,1592,13929.80656
6400.0,2228,13935.913255
5100.0,2029,13941.447123
3700.0,1741,13957.293819
7500.0,2622,13963.990422
1200.0,939,13966.431279
4100.0,1769,13970.827142
6500.0,2677,13977.935928
6400.0,2266,13984.159816
3200.0,1784,13998.815217
5100.0,1956,14003.779247
4700.0,1692,14007.799728
3700.0,1806,14012.744049
5100.0,2081,14018.335283
3400.0,1410,14021.506587
4700.0,1983,14026.689999
6500.0,2158,14040.450634
5500.0,2036,14045.382837
5500.0,1988,14050.161729
6900.0,2521,14056.606194
3500.0,1758,14060.777174
4300.0,1720,14065.141989
6600.0,2408,14080.352085
4600.0,2205,14086.095895
3300.0,1536,14089.89628
5700.0,1896,14094.35236
5800.0,2438,14100.702644
6700.0,2251,14106.04813
4500.0,1637,14121.979468
4800.0,2066,14127.062199
4200.0,1689,14131.553305
7500.0,3489,14140.281304
3200.0,1522,14144.191619
7500.0,2520,14150.797055
4300.0,1738,14164.560088
2900.0,1691,14168.553539
3600.0,1519,14172.267837
4200.0,1822,14176.750421
4000.0,1716,14181.624168
5000.0,1872,14185.95779
4800.0,2204,14191.542521
3700.0,1534,14205.73085
4600.0,1700,14210.193505
4900.0,1768,14214.359714
7700.0,2507,14220.919881
4800.0,2135,14226.153908
4800.0,1744,14230.42665
4000.0,1752,14235.284087
2450.0,1445,14248.136846
4000.0,1757,14252.135919
3900.0,1639,14256.08137
5300.0,2071,14261.279621
7500.0,2528,14267.486676
6100.0,2293,14273.788585
4500.0,2355,14288.365892
3300.0,1831,14293.030986
7500.0,2923,14299.951322
4200.0,1710,14304.39743
4800.0,2052,14309.547011
2800.0,1658,14313.893105
3500.0,1879,14329.152912
2400.0,1442,14332.688095
4900.0,1731,14337.174785
7700.0,2973,14344.195349
5600.0,2322,14350.427573
4600.0,1756,14354.724944
7500.0,2467,14371.015829
5200.0,2071,14376.132635
950.0,619,14377.549889
6300.0,2535,14383.718982
6200.0,2408,14390.00739
7400.0,3001,14397.996566
5800.0,2148,14413.214351
5200.0,2272,14418.617424
6800.0,3089,14426.28538
6000.0,2128,14431.766843
4800.0,2117,14437.381453
6800.0,2193,14452.082843
5300.0,1783,14456.203315
2050.0,1088,14458.693681
3800.0,1568,14462.456002
3400.0,1504,14466.357261
1350.0,923,14468.909281
5300.0,2344,14474.729668
6400.0,2475,14481.445603
4800.0,2198,14494.800319
3400.0,1449,14498.332151
6000.0,2368,14504.311757
5200.0,2136,14510.074023
5900.0,2766,14517.265641
4800.0,1760,14521.746063
6300.0,2211,14536.960379
7900.0,2574,14542.837498
5700.0,1764,14547.079401
4100.0,1510,14551.055138
6800.0,2076,14556.423868
3700.0,1274,14559.558815
5800.0,1851,14564.47976
6300.0,2134,14579.695511
6100.0,2357,14585.405348
5800.0,1897,14590.00402
2400.0,1503,14593.975242
4800.0,2068,14599.436673
4200.0,1970,14604.662072
6600.0,2489,14620.706012
5100.0,2151,14625.770835
6800.0,2463,14632.361545
6800.0,2925,14639.674981
5800.0,2105,14645.539374
7500.0,2404,14660.624358
5600.0,2248,14666.332108
1250.0,795,14668.104394
5300.0,1780,14672.405386
2800.0,1260,14675.830068
5300.0,2120,14681.203487
3500.0,1587,14685.321322
6000.0,2373,14698.07684
4200.0,1817,14701.991417
5900.0,2061,14706.934824
6100.0,2040,14712.32221
5600.0,1737,14716.596524
5700.0,2457,14723.030421
2900.0,1535,14727.033638
7200.0,2281,14741.396835
6400.0,2367,14747.206365
5000.0,1925,14752.264474
4800.0,2062,14757.812922
6400.0,2864,14765.048805
6600.0,3075,14783.3558
4400.0,1990,14788.334454
4600.0,2395,14794.846022
6500.0,2372,14800.753788
4300.0,1654,14804.99857
4900.0,2177,14811.086597
5600.0,1976,14825.401324
6200.0,2193,14831.108837
4400.0,1767,14835.515891
5900.0,2108,14840.849266
4400.0,1834,14845.922673
6300.0,2378,14852.027134
4300.0,1772,14867.985275
4400.0,1777,14872.36704
6600.0,2316,14878.804356
4100.0,1775,14883.401682
4900.0,1994,14888.871462
2600.0,1385,14893.034561
3100.0,1602,14897.430349
3900.0,1561,14910.261701
2700.0,1277,14913.134447
6400.0,2110,14918.751064
5400.0,2387,14925.219849
5200.0,1561,14929.285356
7300.0,2905,14937.246562
5100.0,2281,14951.199563
3600.0,1536,14955.040764
6200.0,2022,14960.304087
3200.0,1428,14963.998821
6100.0,2170,14969.671278
5300.0,2111,14975.268612
6100.0,2679,14981.784699
3800.0,1560,14994.304598
7200.0,2840,15001.927347
6900.0,2325,15007.935204
3400.0,1464,15011.962225
4500.0,1593,15016.106493
4000.0,1956,15021.251508
3300.0,1595,15031.606418
3100.0,1263,15034.45907
5800.0,2249,15040.499
3600.0,1375,15043.720049
6500.0,2164,15049.210973
4400.0,1924,15054.508836
5500.0,1950,15059.641749
4300.0,1738,15072.607378
5500.0,2247,15078.382945
5500.0,2118,15083.99212
5000.0,2143,15089.488986
4000.0,1406,15093.305818
5800.0,2062,15098.59048
5600.0,1743,15102.807522
4900.0,1804,15116.715127
3700.0,1542,15120.444928
4700.0,1856,15125.360097
3400.0,1439,15129.221771
5500.0,2052,15134.462003
5600.0,2095,15139.435455
4900.0,2084,15144.691948
6000.0,2315,15158.211332
6300.0,2656,15164.73649
5300.0,2046,15169.874698
2150.0,1169,15173.187241
6000.0,2655,15179.601122
3800.0,1833,15183.791924
6700.0,2207,15199.699214
1000.0,532,15200.954058
5500.0,1897,15205.405268
4900.0,1869,15210.45298
5200.0,1651,15214.578433
6200.0,2419,15220.641381
3400.0,1832,15225.072198
3400.0,1536,15237.978892
1950.0,936,15240.330379
3200.0,1492,15243.965663
4000.0,1547,15247.963901
6400.0,2527,15254.792182
4200.0,2013,15259.771222
5600.0,2308,15265.306045
6100.0,2607,15280.41048
4900.0,2277,15285.93031
3200.0,1573,15290.045375
6200.0,2040,15295.534686
4500.0,2094,15300.542964
4300.0,2034,15305.733011
5000.0,2160,15322.075617
4200.0,2151,15327.637254
5600.0,2509,15334.193821
5700.0,2458,15339.944325
4900.0,1840,15344.779953
5200.0,1917,15349.818744
6000.0,2387,15364.429043
4000.0,1564,15368.511065
6100.0,2025,15373.869573
5300.0,1729,15378.015274
3700.0,1827,15383.009067
5300.0,1758,15387.458115
4900.0,1757,15392.293221
5500.0,2189,15407.644913
4200.0,2046,15412.987711
5000.0,2024,15418.439369
3800.0,1740,15422.622643
4700.0,1902,15427.785818
5700.0,2912,15444.885836
3600.0,1444,15448.765504
5200.0,1906,15453.980574
5800.0,2267,15459.652781
3900.0,1846,15464.653859
4200.0,1665,15468.903902
4700.0,1996,15474.227492
5500.0,1939,15489.746183
1450.0,888,15491.668047
5300.0,2171,15497.448281
6000.0,2128,15502.912842
5400.0,2060,15508.402357
5500.0,2237,15514.19589
6300.0,2344,15520.864013
6800.0,2120,15535.348481
3200.0,1730,15539.466006
7400.0,2420,15546.174023
5100.0,2078,15551.790164
5600.0,2310,15557.614869
5100.0,2101,15563.041776
5000.0,1876,15576.950041
4800.0,2040,15582.14446
5200.0,1988,15587.554702
6300.0,2399,15593.54513
5000.0,1948,15598.796993
4500.0,2041,15604.202543
4200.0,1676,15617.642886
5800.0,2544,15624.318745
5100.0,2091,15629.768356
5600.0,1957,15634.934594
3400.0,1396,15638.592861
4700.0,1874,15643.029927
5400.0,1716,15655.994753
4000.0,1849,15660.247112
5700.0,2288,15666.353039
5500.0,2045,15671.507041
3800.0,1709,15675.536093
3000.0,1790,15679.705282
5900.0,2094,15685.074514
6200.0,2353,15699.455237
5200.0,2310,15705.477245
5400.0,2126,15711.510487
5900.0,2347,15717.067282
4400.0,1659,15721.116805
7000.0,2667,15736.282169
4400.0,1534,15740.220593
5600.0,2054,15745.581513
5400.0,1889,15750.636097
4300.0,1486,15754.327832
5500.0,2107,15759.540806
2700.0,1243,15762.426093
6000.0,2275,15775.580584
5500.0,1979,15780.751925
5800.0,2118,15786.132195
2050.0,924,15788.092244
3300.0,1374,15791.802175
3700.0,2103,15797.171897
1700.0,1002,15799.771469
6700.0,2171,15805.514632
6000.0,2245,15820.010165
6300.0,2177,15825.718055
4700.0,2141,15831.194858
5000.0,2042,15836.443088
5100.0,1941,15841.700719
4400.0,1889,15846.382497
6200.0,2245,15862.074388
4100.0,1894,15866.629203
3800.0,1730,15871.55102
2000.0,1034,15874.209192
4300.0,1694,15878.432842
2350.0,1283,15881.500133
5600.0,2042,15886.86057
4300.0,1716,15891.489102
5900.0,2120,15906.060112
4600.0,1661,15910.325664
4000.0,1966,15915.777311
5300.0,1850,15920.524694
4400.0,1595,15924.727715
2900.0,1539,15928.658293
3300.0,1508,15932.400839
6000.0,2468,15947.47114
5600.0,2457,15954.119383
4200.0,1732,15958.526057
7100.0,2400,15964.905778
3700.0,1459,15968.876792
6000.0,2264,15974.651889
1950.0,1031,15986.49948
1200.0,800,15988.264383
6400.0,1986,15993.391999
5000.0,1901,15998.367844
5300.0,1978,16003.621675
4100.0,1685,16007.597148
5200.0,2121,16013.044137
5300.0,2228,16026.25506
6200.0,2223,16032.185594
5000.0,1814,16036.452029
1700.0,893,16038.923115
3500.0,1683,16043.36335
5000.0,1917,16048.574791
6500.0,2710,16055.151609
3800.0,1728,16068.813596
6200.0,2271,16074.87975
5300.0,2383,16080.706869
4500.0,1688,16085.357546
4100.0,2172,16090.792254
4000.0,1523,16094.471641
3000.0,1352,16097.386822
3400.0,1433,16108.786028
5900.0,2350,16114.96012
6100.0,2798,16122.075261
6400.0,2550,16128.747447
5100.0,2113,16133.897226
5600.0,1956,16148.127683
5900.0,2710,16155.000765
3400.0,1544,16159.267611
4200.0,1714,16163.676593
2200.0,1022,16166.392428
5700.0,2109,16171.579488
6100.0,2320,16177.423549
5500.0,2114,16192.466292
6000.0,2136,16197.902782
6100.0,2114,16203.229178
5800.0,2463,16209.783593
6600.0,2533,16215.991143
5800.0,2106,16221.100693
4300.0,1797,16234.140247
4200.0,1787,16238.371899
4000.0,1754,16242.394936
6200.0,2148,16247.383099
3400.0,1255,16250.542748
4100.0,1917,16255.087747
1700.0,1224,16257.780035
4800.0,2455,16271.807068
4400.0,2025,16276.724748
3400.0,1485,16279.848309
5900.0,2856,16286.929383
5800.0,2274,16292.140882
5800.0,2359,16297.935531
4200.0,1669,16310.96043
3800.0,1416,16314.404041
4200.0,1666,16318.182784
4500.0,1804,16322.637133
1200.0,885,16324.336616
4800.0,2078,16329.210301
5400.0,1771,16333.511282
5700.0,2343,16348.505967
5900.0,2890,16355.510783
4100.0,1663,16359.292055
5600.0,1918,16363.927161
5400.0,2044,16368.796483
1300.0,798,16370.342577
3100.0,1509,16373.842561
4000.0,1701,16384.598342
5600.0,1756,16388.981235
6000.0,2061,16393.708279
5000.0,1930,16397.796505
5100.0,2045,16402.58014
5400.0,2303,16408.213449
2700.0,1443,16411.658965
4000.0,1880,16425.973741
5400.0,2388,16431.770446
2900.0,1450,16435.201605
5500.0,2082,16440.099561
6100.0,1903,16444.289684
5400.0,1966,16448.901507
7100.0,2435,16463.391249
6300.0,2705,16469.66233
6700.0,2334,16475.518158
5200.0,2148,16480.578069
4300.0,1844,16484.657835
4200.0,1806,16489.002564
4100.0,1707,16502.445054
5900.0,2360,16508.009601
2050.0,991,16510.236278
2200.0,1158,16512.770925
4100.0,1693,16516.495188
4500.0,1802,16520.856016
6900.0,2169,16525.687038
5600.0,2071,16538.635799
5900.0,2199,16543.408938
5000.0,2122,16548.234293
4400.0,1706,16552.486847
5400.0,1717,16556.268835
3200.0,1521,16559.806275
1400.0,945,16562.015804
6200.0,2203,16574.274337
5800.0,2259,16579.085856
5600.0,2251,16584.465133
3200.0,1361,16587.27911
4500.0,1890,16591.720025
3800.0,1416,16595.093716
5200.0,1928,16599.208102
3700.0,1682,16611.054827
5800.0,2903,16617.297457
5600.0,1773,16621.519836
7200.0,2262,16626.461443
5900.0,2510,16632.260695
3600.0,1446,16635.611009
1300.0,899,16637.293445
4000.0,1768,16650.9938
4600.0,2290,16655.92527
5000.0,1921,16660.365075
6100.0,2279,16665.365572
4800.0,2186,16670.709433
7400.0,2338,16675.887589
