#{"t_start": 1680701864.2515752, "env_id": "Frostbite-v4"}
r,l,t
8800.0,2194,9.454632
8650.0,2287,14.954115
4770.0,1627,18.901313
8160.0,2100,23.931743
8610.0,2202,29.171545
8180.0,1999,34.302948
6010.0,1960,49.690188
8470.0,2151,54.951851
8390.0,2137,60.158186
8570.0,2177,65.279843
8400.0,2371,70.76464
8480.0,2198,76.624578
8660.0,2287,186.489036
4750.0,1838,190.921142
8230.0,2211,196.833934
2920.0,1404,200.004055
8630.0,2100,205.225966
8000.0,2143,210.461562
8480.0,2269,226.687909
8090.0,2200,232.194307
8140.0,2158,237.627134
8750.0,2208,243.032526
8530.0,2342,248.582876
8700.0,2388,254.518815
5610.0,1976,270.190929
8760.0,2142,275.734493
8230.0,2160,281.28049
5470.0,2088,286.862327
5600.0,1950,291.33059
8160.0,2066,296.423922
8210.0,2236,312.008256
7930.0,2059,316.887013
8470.0,2063,322.27462
8720.0,2184,327.603704
8640.0,2155,333.275336
5490.0,1938,337.88919
8720.0,2143,354.181071
8050.0,2273,360.59176
7830.0,2121,366.268544
8410.0,2124,371.840002
4860.0,1578,375.490286
8010.0,2124,381.156131
8300.0,2204,396.577581
8150.0,2194,402.142943
8830.0,2240,408.002435
8320.0,2131,413.492175
8150.0,2223,419.201202
8250.0,2416,425.775921
8680.0,2152,442.390034
8240.0,2519,448.837217
8150.0,2203,454.564164
8410.0,2466,462.042904
7960.0,2125,467.71382
9060.0,2112,473.607463
8310.0,2180,489.801042
8470.0,2249,495.459065
9160.0,2441,501.95626
8500.0,2347,507.696221
8250.0,3013,515.641474
7920.0,2108,532.625715
8050.0,2071,538.14683
4970.0,1667,542.455077
6090.0,1993,548.215044
8180.0,2105,553.589679
5960.0,2184,559.297716
3180.0,1742,564.067775
8580.0,2178,581.013173
7570.0,2313,587.572867
8650.0,2252,593.531391
7980.0,2167,599.422918
3140.0,1570,603.602448
7840.0,2055,609.240345
8450.0,2570,628.333623
8690.0,2151,634.526057
8290.0,2198,640.781595
3060.0,1512,645.109029
5750.0,1994,650.192069
3050.0,1463,654.52028
8250.0,2165,670.990021
8590.0,2138,676.779831
7960.0,2093,682.308447
8500.0,2142,688.311735
8790.0,2225,695.024364
7770.0,2098,700.827623
5800.0,1985,706.103186
4790.0,1662,722.70907
3110.0,1350,726.674776
8120.0,2365,733.049654
5770.0,1983,739.312792
8560.0,2339,746.070508
8530.0,2267,752.561735
2550.0,1462,769.076692
8800.0,2269,775.448505
8430.0,2235,781.838875
7780.0,2101,787.701171
8450.0,2283,793.910485
7780.0,2015,799.729716
5790.0,2073,816.021882
4940.0,1717,820.6882
8650.0,2310,827.186965
6240.0,2032,832.710112
8280.0,2204,838.763084
7930.0,2281,844.782637
8730.0,2254,862.990229
8760.0,2261,870.160199
7630.0,2168,876.390717
8520.0,2259,882.138968
8010.0,2363,888.438462
8270.0,2160,894.329358
4830.0,1645,908.714889
8600.0,2238,916.050911
7950.0,2111,922.133902
3120.0,1498,926.39522
4570.0,1841,931.156862
7890.0,2367,938.036525
2640.0,1433,941.646505
7910.0,2068,958.566481
8130.0,2055,964.487209
7920.0,2112,970.758058
8220.0,2140,977.242156
8200.0,2174,983.311036
5740.0,1932,988.862646
8380.0,2221,1006.037032
8820.0,2207,1012.590867
5940.0,1988,1019.105246
8220.0,2258,1025.730819
5730.0,1941,1031.404692
5670.0,1978,1036.602087
8630.0,2123,1054.971692
8710.0,2150,1061.782235
8710.0,2293,1068.900371
4670.0,2255,1075.495322
2480.0,1445,1079.954472
8150.0,2128,1085.823519
8660.0,2231,1091.883197
8530.0,2268,1110.237591
8170.0,2165,1117.057293
8040.0,2183,1124.186289
2760.0,1366,1127.945088
7490.0,2082,1133.818128
2560.0,1431,1137.840896
8030.0,2163,1156.703549
1300.0,1229,1160.476131
2550.0,1258,1164.137583
7930.0,2227,1171.543334
5350.0,1895,1176.993819
5410.0,2003,1182.520438
5710.0,2138,1188.51759
8030.0,2269,1206.762738
5830.0,1932,1212.751832
4980.0,1690,1217.77784
5750.0,1876,1223.832065
5990.0,1986,1229.041775
8480.0,2219,1235.30732
8220.0,2112,1241.3983
8670.0,2175,1259.277312
5470.0,1991,1265.505946
5900.0,2072,1271.445569
8010.0,2385,1278.775405
5400.0,1802,1283.575034
8830.0,2219,1289.719086
8850.0,2152,1307.616044
4810.0,1596,1312.67244
3150.0,1456,1316.909139
5480.0,2012,1323.166788
3610.0,1480,1327.660975
5480.0,1969,1333.578626
2900.0,1222,1336.799777
6090.0,2078,1351.691386
3130.0,1541,1356.622409
2990.0,1493,1361.502756
3350.0,1348,1365.116674
5660.0,1987,1370.787366
5810.0,2090,1376.785306
7900.0,2217,1382.965026
8170.0,2189,1388.6415
8070.0,2158,1404.63744
5960.0,2010,1410.525697
5740.0,1949,1416.050006
5810.0,2006,1421.346324
5620.0,1992,1427.295398
5830.0,2120,1432.97994
8490.0,2346,1450.757481
8100.0,2280,1457.307432
8970.0,2253,1464.139589
5460.0,1908,1470.356105
8550.0,2226,1477.220306
8320.0,2208,1483.681307
8600.0,2101,1500.392942
2660.0,1344,1504.775901
5830.0,2012,1510.405961
2520.0,1233,1514.300236
8480.0,2369,1521.385929
8740.0,2161,1527.674574
2930.0,1374,1532.077623
5560.0,1929,1549.119757
5490.0,1971,1554.963795
8480.0,2449,1562.952969
8200.0,2254,1569.940733
8440.0,2214,1576.430995
5640.0,2094,1582.715056
3050.0,1356,1596.270185
8510.0,2134,1602.261022
4910.0,1710,1607.584033
4890.0,1622,1612.545717
5470.0,2064,1618.975791
5920.0,2154,1625.543437
8260.0,2258,1632.191306
5620.0,1936,1648.068053
8720.0,2319,1655.297296
8120.0,2237,1662.40948
7970.0,2155,1668.882258
8350.0,2195,1675.743627
8440.0,2361,1682.269342
8000.0,2195,1699.836432
8710.0,2147,1706.764586
8300.0,2310,1713.530694
2780.0,1256,1717.055467
4760.0,1610,1721.944733
5790.0,2117,1728.093807
8150.0,2244,1745.753386
8730.0,2289,1752.708822
8180.0,2126,1759.441983
8540.0,2188,1766.29555
5600.0,2125,1772.715032
8520.0,2169,1779.199231
7950.0,2364,1795.553477
5450.0,1987,1801.378261
2760.0,1458,1806.08754
2450.0,1329,1810.431225
8440.0,2310,1817.283626
8080.0,2177,1824.223072
8360.0,2147,1830.806338
8080.0,2422,1848.842791
8300.0,2198,1855.709603
8270.0,2230,1862.384715
4830.0,1659,1867.58321
4950.0,1806,1873.535473
4980.0,1718,1878.763998
8010.0,2170,1895.23456
8600.0,2108,1901.895103
4680.0,1569,1906.697907
5910.0,2073,1913.287125
8440.0,2110,1919.841597
8250.0,2122,1926.238131
8490.0,2114,1943.317981
8270.0,2151,1949.536572
8630.0,2081,1955.94121
8470.0,2207,1962.390728
8380.0,2157,1968.889034
8670.0,2217,1975.814469
7970.0,2182,1993.442493
5760.0,1970,1999.327821
8300.0,2266,2006.012379
8390.0,2389,2013.211664
8320.0,2233,2020.01607
8570.0,2300,2027.516359
8540.0,2181,2044.993245
8090.0,2328,2051.753323
8380.0,2284,2058.365782
8170.0,2265,2065.960764
2440.0,1185,2069.549215
1290.0,1215,2073.116305
990.0,940,2076.007341
980.0,1081,2079.154139
5610.0,2103,2093.333755
8510.0,2209,2099.931903
8110.0,2269,2106.660493
5210.0,2010,2113.100515
7850.0,2204,2119.958581
8250.0,2146,2126.310917
8210.0,2308,2144.605558
8420.0,2300,2151.345344
8600.0,2115,2157.905668
8240.0,2156,2164.633094
8460.0,2193,2171.324294
8470.0,2248,2178.161045
8370.0,2128,2196.342036
8480.0,2303,2202.950744
8260.0,2340,2209.825718
8670.0,2196,2216.274031
8490.0,2147,2223.281744
8650.0,2382,2230.552119
8640.0,2190,2248.480964
2720.0,1316,2252.605336
8950.0,2258,2259.326001
8460.0,2155,2265.830595
7980.0,2128,2272.354562
4770.0,1729,2277.491352
8510.0,2158,2293.066087
8050.0,2076,2298.824518
8660.0,2182,2304.949489
8640.0,2221,2312.416525
8930.0,2245,2319.488102
8590.0,2134,2326.241256
5550.0,1841,2342.753145
5560.0,1952,2348.341343
8770.0,2117,2354.471269
8910.0,2193,2361.064
3620.0,1391,2365.677713
8090.0,2105,2372.222209
8690.0,2205,2379.105836
8010.0,2238,2396.822066
7670.0,2032,2402.979286
5710.0,2077,2409.223406
4970.0,1684,2414.400095
7930.0,2219,2421.070341
8290.0,2173,2427.904456
8330.0,2265,2445.686044
8700.0,2258,2452.509845
8090.0,2327,2459.272317
5450.0,1917,2465.093232
8760.0,2266,2472.014972
8600.0,2288,2479.589607
8710.0,2231,2496.174515
8560.0,2158,2502.89825
8910.0,2216,2509.469497
8000.0,2216,2516.217058
8120.0,2043,2522.833664
5840.0,1939,2528.931821
8250.0,2510,2547.932366
8400.0,2160,2555.023179
8750.0,2201,2561.525252
8790.0,2168,2568.031497
8570.0,2339,2574.985543
8770.0,2220,2591.915203
5740.0,2163,2599.032482
8790.0,2189,2605.908221
8610.0,2148,2612.436369
5990.0,2121,2618.545775
5570.0,1847,2624.092077
8340.0,2176,2630.864167
8300.0,2109,2649.269643
4760.0,1632,2654.34281
8480.0,2229,2661.588277
8290.0,2176,2667.756445
8320.0,2147,2674.489987
5970.0,2084,2680.786438
5610.0,2059,2697.758525
8640.0,2280,2704.956729
8890.0,2277,2711.478176
8660.0,2352,2718.726889
5870.0,2118,2725.020505
8530.0,2497,2744.667321
5900.0,2128,2751.359927
8740.0,2306,2758.163302
5470.0,2098,2764.371988
8370.0,2234,2770.726218
8300.0,2182,2777.476108
8410.0,2149,2794.953071
4960.0,1911,2800.807662
4960.0,1718,2805.968889
8060.0,2049,2812.552971
7870.0,2099,2818.702223
8330.0,2308,2825.340678
8320.0,2200,2832.1367
5930.0,2030,2849.317264
3280.0,1342,2853.881567
5610.0,1910,2859.388378
6050.0,1913,2865.14528
8400.0,2313,2871.755145
8020.0,2026,2877.627822
8590.0,2203,2895.530249
8890.0,2248,2902.585234
2960.0,1205,2906.632812
7920.0,2126,2913.328864
8540.0,2331,2920.261458
8470.0,2206,2926.707851
8710.0,2147,2933.22315
5480.0,2060,2951.299107
8280.0,2051,2957.615376
8060.0,2040,2963.767163
6130.0,1956,2969.391219
8480.0,2257,2975.877827
6060.0,2008,2981.832113
8740.0,2129,2999.983884
8770.0,2163,3006.544627
8820.0,2205,3012.932244
8200.0,2194,3019.725408
5780.0,1952,3025.294377
8450.0,2210,3031.829848
8220.0,2274,3050.25175
7930.0,2162,3056.801316
2820.0,1385,3061.041068
8820.0,2171,3067.543629
8630.0,2230,3074.163067
8290.0,2192,3080.611326
5530.0,1920,3097.779032
8530.0,2185,3104.778846
8490.0,2105,3111.288246
8770.0,2242,3118.113927
8400.0,2162,3124.907162
4950.0,1689,3130.35473
9020.0,2204,3147.713791
8700.0,2350,3154.665512
8660.0,2198,3161.224
8240.0,2363,3168.608963
8620.0,2204,3175.34252
8450.0,2190,3181.659768
6070.0,1876,3197.439184
2680.0,1304,3200.926149
2730.0,1329,3204.972137
5590.0,1842,3210.149632
8260.0,2088,3216.736056
4810.0,1573,3221.627516
8620.0,2227,3228.61363
8800.0,2277,3246.371092
8550.0,2091,3252.445486
9280.0,2137,3259.45684
1150.0,927,3261.991363
8570.0,2169,3268.644503
8730.0,2189,3275.394719
4850.0,1680,3281.119951
8080.0,2406,3297.867777
8510.0,2215,3304.687586
7840.0,2417,3312.184435
8500.0,2166,3318.989475
8310.0,2207,3325.783628
5880.0,2122,3332.615898
8280.0,2088,3347.694496
7970.0,2234,3354.056916
8630.0,2179,3360.369358
8420.0,2197,3367.033122
8680.0,2122,3374.122243
8520.0,2127,3380.505461
8720.0,2171,3397.319615
5950.0,2028,3403.527095
2630.0,1331,3407.278801
8340.0,2221,3414.101716
8450.0,2283,3421.088938
8430.0,2155,3428.044944
8510.0,2146,3444.637436
8770.0,2162,3450.714189
8500.0,2257,3457.475194
6020.0,2060,3463.75692
8400.0,2238,3470.569838
8480.0,2104,3477.079708
8340.0,2167,3494.31202
8700.0,2096,3500.115995
9180.0,2261,3506.939256
2480.0,1227,3510.995305
8410.0,2235,3517.698083
8810.0,2139,3524.214355
8270.0,2177,3530.867713
8830.0,2124,3548.54143
8590.0,2164,3555.245224
8680.0,2141,3561.79584
5810.0,1988,3567.977221
8550.0,2267,3574.885265
5940.0,1964,3580.963565
9000.0,2157,3598.24001
8730.0,2154,3604.288474
8110.0,2308,3611.470214
2610.0,1250,3615.28247
8560.0,2185,3622.149917
8960.0,2266,3629.238295
5730.0,1868,3645.548874
8410.0,2248,3651.31034
5320.0,1881,3657.246568
8770.0,2123,3663.973413
8190.0,2188,3670.831853
8280.0,2135,3677.542963
8660.0,2114,3695.361292
8180.0,2133,3700.957955
8460.0,2285,3707.480217
8110.0,2139,3713.806811
3440.0,1808,3719.761704
8840.0,2116,3726.376296
5770.0,1798,3731.872744
8760.0,2145,3749.286722
8540.0,2189,3755.711354
8820.0,2217,3762.657116
8420.0,2254,3770.131825
8710.0,2149,3776.582134
8560.0,2188,3783.037174
8780.0,2106,3800.037305
8480.0,2216,3806.556214
8340.0,2121,3813.047032
8730.0,2180,3819.774308
8660.0,2126,3826.146246
5360.0,1886,3831.992252
8200.0,2074,3848.419621
2540.0,1329,3852.402428
8480.0,2319,3859.071687
8580.0,2199,3866.482783
9030.0,2118,3872.37588
7870.0,2187,3879.232512
8670.0,2148,3896.938247
8230.0,2061,3902.723379
8960.0,2190,3909.15991
4960.0,1646,3914.293399
8710.0,2238,3920.997923
9220.0,2320,3927.837944
9030.0,2152,3946.739578
8660.0,2221,3952.707027
8320.0,2191,3958.807668
8670.0,2373,3965.627713
8640.0,2260,3972.812915
8050.0,2146,3979.183389
8450.0,2055,3997.235345
8130.0,2250,4003.551021
8070.0,2119,4009.568487
8780.0,2216,4016.248189
9000.0,2182,4022.622237
5790.0,1973,4028.755898
5550.0,2084,4046.396513
8500.0,2142,4052.551996
8160.0,2261,4058.503725
8490.0,2244,4065.30846
8730.0,2186,4072.530335
8300.0,2245,4078.464609
5760.0,1934,4095.919025
8630.0,2321,4102.875737
8160.0,2104,4108.497813
8570.0,2087,4114.490107
8830.0,2221,4120.954364
5800.0,2013,4126.979497
8400.0,2332,4144.289572
8440.0,2109,4150.429206
8570.0,2050,4156.324731
8530.0,2237,4162.578125
8360.0,2093,4168.934494
8370.0,2216,4175.835347
8710.0,2171,4194.603875
8460.0,2214,4201.331703
8580.0,2225,4207.268981
3470.0,1511,4211.701722
8510.0,2227,4218.046869
8530.0,2151,4224.840983
8770.0,2193,4243.047551
8800.0,2166,4249.458065
8690.0,2206,4255.87778
8970.0,2227,4262.579071
4620.0,1613,4267.260226
8240.0,2163,4273.73572
8420.0,2204,4291.28002
8630.0,2124,4297.788992
4770.0,1460,4301.712464
8890.0,2146,4308.756077
8870.0,2181,4315.02812
3340.0,1414,4318.864165
8650.0,2122,4324.955261
8850.0,2367,4343.719554
8610.0,2202,4350.398306
8240.0,2149,4356.9274
5980.0,1913,4363.008977
3000.0,1244,4366.305932
8530.0,2212,4372.36452
7950.0,2169,4390.767606
8370.0,2066,4397.3063
8660.0,2335,4404.723579
5680.0,1944,4410.243634
8730.0,2274,4416.730814
4840.0,1631,4422.021607
8130.0,2106,4428.293768
8190.0,2064,4445.861872
8780.0,2133,4452.19425
8730.0,2252,4458.948908
8440.0,2167,4465.501835
8800.0,2234,4472.186216
8550.0,2164,4479.171358
4670.0,1560,4495.410357
1290.0,968,4498.297755
8910.0,2163,4504.667122
8390.0,2204,4511.219851
8530.0,2287,4517.749404
7840.0,2131,4524.23625
8690.0,2276,4543.904088
8100.0,2144,4550.137113
8160.0,2128,4556.374511
7830.0,2172,4563.168004
5440.0,1942,4569.136681
8420.0,2291,4575.9126
5760.0,1932,4581.434311
8880.0,2211,4598.551849
3290.0,1414,4602.33434
2320.0,1205,4606.134275
8230.0,2206,4612.619154
7990.0,2123,4619.002641
8360.0,2097,4625.276821
3130.0,1341,4629.001707
8970.0,2221,4647.419385
7930.0,2108,4653.73889
8200.0,2170,4660.171925
9050.0,2213,4667.332871
8300.0,2098,4673.423218
4740.0,1707,4678.426983
8200.0,2061,4696.452075
8810.0,2206,4703.100847
8290.0,2098,4709.402274
8530.0,2165,4716.128948
8120.0,2190,4722.711103
8820.0,2144,4728.993829
8770.0,2148,4747.090586
8570.0,2131,4753.431831
8840.0,2174,4760.079595
8670.0,2167,4766.945806
5890.0,2063,4773.220713
8650.0,2228,4780.014345
8230.0,2109,4797.805936
5450.0,2036,4803.213059
8650.0,2095,4809.621749
5330.0,1965,4815.954926
9000.0,2346,4822.854182
8410.0,2173,4829.31962
8860.0,2143,4847.306557
8850.0,2156,4853.484541
8400.0,2278,4860.191491
4840.0,1689,4865.468023
9030.0,2157,4871.976296
8150.0,2230,4878.307088
8760.0,2139,4897.246352
8760.0,2113,4903.496632
7990.0,2279,4910.206881
8700.0,2092,4916.58417
8250.0,2142,4923.129038
8770.0,2309,4929.904931
8800.0,2218,4948.385628
8720.0,2146,4955.37836
5990.0,1925,4960.559699
8240.0,2219,4967.410584
8740.0,2163,4974.123518
8760.0,2171,4980.760855
8610.0,2125,4998.725793
8750.0,2158,5005.550521
4820.0,1621,5010.082556
5990.0,2008,5015.89276
5760.0,1965,5022.098725
5990.0,1933,5028.334239
8290.0,2174,5035.00082
8260.0,2170,5052.203504
6240.0,2131,5058.470329
6070.0,1861,5063.710193
8680.0,2288,5071.110156
8770.0,2198,5078.052161
8810.0,2194,5084.651335
8510.0,2263,5104.552833
9000.0,2247,5111.719849
8800.0,2213,5118.714743
8250.0,2170,5125.516332
8640.0,2139,5132.095416
8670.0,2141,5138.323258
8800.0,2162,5155.801696
8530.0,2102,5162.082944
8590.0,2290,5169.005684
8750.0,2172,5175.688192
5870.0,1951,5181.900526
5710.0,1974,5187.653918
6060.0,2087,5204.480076
4830.0,1628,5209.225278
8680.0,2275,5216.101731
8220.0,2013,5222.459697
8290.0,2340,5229.531656
8780.0,2174,5236.648299
8390.0,2234,5254.036942
8440.0,2205,5260.563869
8560.0,2243,5267.625788
8400.0,2169,5274.266508
8770.0,2173,5280.913856
4810.0,1664,5286.434482
8360.0,2191,5303.021241
8690.0,2353,5309.770752
8410.0,2242,5316.647198
8710.0,2175,5323.026993
8360.0,2164,5330.258975
8840.0,2201,5336.727763
8580.0,2162,5354.122851
8830.0,2164,5360.52692
8160.0,2173,5366.966519
8310.0,2019,5373.134162
8280.0,2152,5379.584261
8380.0,2165,5385.698444
8850.0,2195,5403.209706
5570.0,2031,5409.059483
7820.0,2096,5415.14094
5790.0,1993,5421.336495
8730.0,2188,5427.860572
8460.0,2237,5434.319434
8670.0,2104,5452.139454
8710.0,2160,5457.865472
8790.0,2135,5464.326411
4760.0,1631,5469.019787
5860.0,1834,5475.020247
8730.0,2232,5482.03827
2690.0,1439,5486.085547
8390.0,2298,5504.049456
8680.0,2188,5510.548759
8840.0,2095,5516.973645
8680.0,2088,5523.570847
8520.0,2144,5530.307187
9120.0,2188,5537.074398
8030.0,2172,5553.216869
9010.0,2175,5559.57911
8780.0,2179,5566.094657
2470.0,1256,5570.301188
7910.0,2087,5576.880701
8690.0,2129,5583.244535
3480.0,1398,5596.47952
8380.0,2156,5602.823251
8680.0,2218,5609.278412
8150.0,2078,5615.550553
8800.0,2230,5623.050152
4810.0,1602,5627.774454
8520.0,2204,5634.431467
8270.0,2202,5652.678911
8670.0,2198,5659.107073
8670.0,2145,5665.652745
5780.0,2109,5672.297975
8560.0,2145,5678.687854
8350.0,2263,5685.826765
8430.0,2108,5704.597258
4790.0,1638,5709.400268
8250.0,2223,5716.135549
7900.0,2126,5722.628445
2410.0,1251,5726.10659
8900.0,2200,5732.722955
8470.0,2524,5752.378797
8790.0,2206,5758.813582
5810.0,1987,5764.942795
8380.0,2148,5771.244223
8390.0,2102,5777.599856
8850.0,2159,5784.275575
5960.0,1962,5802.517999
6080.0,1964,5807.570963
8610.0,2131,5814.357445
4780.0,1639,5819.183024
8520.0,2123,5825.653043
9060.0,2184,5832.17264
8620.0,2209,5838.914003
8690.0,2190,5856.567094
8850.0,2224,5862.913122
8810.0,2227,5869.552116
8530.0,2264,5877.157672
8240.0,2104,5883.703907
8940.0,2170,5901.576521
8520.0,2221,5907.403686
8730.0,2117,5913.311007
8320.0,2123,5919.667876
8720.0,2181,5926.124409
8220.0,2237,5933.05098
5910.0,2007,5950.331767
4700.0,1791,5955.719924
8430.0,2109,5961.598679
5350.0,1849,5967.007538
8710.0,2205,5973.83035
8490.0,2152,5980.239646
7820.0,2125,5986.983628
8680.0,2136,6005.098388
8530.0,2193,6010.994297
8260.0,2158,6017.600102
8570.0,2139,6024.039858
8750.0,2207,6031.468693
8560.0,2077,6038.042926
8390.0,2340,6056.476722
8310.0,2301,6062.788735
8800.0,2139,6069.321224
8670.0,2247,6076.7687
8760.0,2165,6083.527791
8720.0,2235,6102.27922
8690.0,2158,6108.192419
4950.0,2732,6115.884916
8720.0,2171,6122.457071
8140.0,2123,6128.748388
8800.0,2106,6135.31807
8140.0,2214,6153.590147
8290.0,2245,6159.503374
8680.0,2092,6165.74026
9070.0,2211,6172.515622
8850.0,2181,6179.409518
8200.0,2174,6186.084324
8780.0,2143,6204.241095
8730.0,2188,6210.796873
9020.0,2202,6217.266449
8700.0,2158,6223.968407
8490.0,2209,6230.284036
6050.0,2092,6236.526037
8700.0,2257,6255.010867
8960.0,2414,6261.912933
8120.0,2111,6268.121135
5630.0,2137,6274.527389
8210.0,2281,6281.299575
8720.0,2190,6288.032511
8660.0,2643,6307.29513
8640.0,2158,6312.951749
4920.0,1653,6317.854557
4720.0,1920,6323.779796
3160.0,1366,6328.245174
8760.0,2170,6335.049433
8270.0,2556,6353.953607
8660.0,2182,6360.210605
8330.0,2145,6366.009215
8490.0,2195,6372.353406
8590.0,2243,6379.394585
8700.0,2134,6386.1767
8080.0,2152,6404.417924
4700.0,1564,6408.876069
5850.0,2034,6414.108481
8160.0,2205,6420.336514
8600.0,2229,6427.065715
8660.0,2322,6434.620352
8260.0,2176,6453.229374
8590.0,2247,6459.709368
8750.0,2210,6465.876863
8820.0,2201,6473.132194
6030.0,2057,6479.654412
8500.0,2191,6486.299544
8460.0,2144,6504.829472
5910.0,1966,6510.291466
4930.0,1585,6514.873871
7610.0,2025,6520.822486
8580.0,2233,6527.683863
8690.0,2166,6534.994318
8510.0,2133,6541.88039
8720.0,2128,6559.399313
8470.0,2232,6565.914901
8400.0,2292,6572.268692
8330.0,2200,6578.893031
8400.0,2173,6585.246247
8230.0,2126,6600.878826
7880.0,2650,6608.876812
8660.0,2179,6615.46702
5990.0,2111,6621.228865
8730.0,2141,6627.676175
7920.0,2157,6634.297166
5750.0,2071,6652.634005
8970.0,2207,6659.422677
5850.0,1911,6664.525115
8190.0,2257,6671.112841
8380.0,2110,6677.377085
8680.0,2137,6684.047033
8320.0,2196,6702.351099
8750.0,2130,6709.143323
6530.0,2320,6715.998315
7810.0,2194,6721.970057
5910.0,1982,6727.854227
3320.0,1363,6732.09616
8030.0,2089,6738.550714
8690.0,2210,6757.509525
8750.0,2176,6764.195084
8790.0,2226,6770.447746
8500.0,2183,6776.47206
5620.0,1996,6782.409093
8520.0,2139,6788.880113
8730.0,2178,6807.949229
8400.0,2132,6814.602666
8800.0,2298,6821.398167
8120.0,2453,6827.647587
8720.0,2170,6834.204498
9350.0,2215,6853.599669
8240.0,2137,6860.256081
4790.0,1834,6865.736812
5890.0,1952,6871.135262
8540.0,2193,6877.198126
8620.0,2138,6883.741282
8660.0,2138,6890.180315
6250.0,1987,6908.226855
8550.0,2263,6914.933446
5790.0,1972,6920.622542
8560.0,2205,6926.373443
8580.0,2161,6932.708099
5700.0,2149,6939.442073
8480.0,2166,6958.275269
8560.0,2239,6964.997923
8230.0,2180,6971.878207
5670.0,2093,6977.030619
8780.0,2166,6983.782951
7870.0,2002,6989.738072
8630.0,2352,7009.718086
8580.0,2263,7016.727705
8820.0,2196,7023.330038
8780.0,2142,7029.375396
8580.0,2206,7035.908405
5800.0,2044,7042.027204
8630.0,2130,7059.984343
8610.0,2120,7066.557935
7920.0,2110,7072.743028
5200.0,1969,7078.210641
8680.0,2120,7084.112319
8780.0,2251,7090.916824
8980.0,2225,7108.749853
8620.0,2176,7115.499239
8410.0,2448,7122.724691
8530.0,2144,7128.618877
2630.0,1318,7132.446153
8580.0,2260,7138.88158
8310.0,2057,7261.065285
8650.0,2242,7267.980763
8470.0,2193,7274.294802
7980.0,2292,7280.948702
8010.0,2307,7287.206513
8930.0,2198,7293.646111
9010.0,2177,7313.098337
8600.0,2237,7320.399287
8250.0,2133,7326.753832
8620.0,2138,7332.681771
8600.0,2176,7339.342489
8220.0,2279,7346.22008
8530.0,2188,7364.80171
7850.0,2347,7372.382882
8720.0,2283,7378.798946
8270.0,2438,7385.988007
8620.0,2177,7392.671737
8580.0,2242,7411.728331
4660.0,1597,7416.617397
8370.0,2149,7422.870052
4700.0,1611,7427.627223
8080.0,2006,7433.157851
8430.0,2125,7439.465969
7860.0,2624,7447.769097
8630.0,2172,7465.922232
8990.0,2199,7472.628904
8980.0,2206,7478.877804
8720.0,2226,7485.075935
8530.0,2198,7491.626309
8780.0,2269,7509.904392
8710.0,2076,7516.386931
8980.0,2238,7523.341831
9240.0,2200,7529.579342
8570.0,2187,7536.085115
8450.0,2150,7542.207439
8620.0,2191,7559.689031
8520.0,2148,7566.404885
8520.0,2229,7573.661281
8830.0,2138,7580.022707
5870.0,2106,7585.924026
8740.0,2100,7591.889263
9050.0,2242,7609.862863
8280.0,2117,7616.435296
8450.0,2160,7622.939314
8830.0,2215,7629.81865
3320.0,1292,7633.192358
9110.0,2139,7638.820826
8490.0,2106,7645.107409
9000.0,2177,7664.091322
6290.0,2069,7670.632781
8610.0,2148,7677.107035
9260.0,2198,7682.887921
9040.0,2216,7689.384423
8510.0,2135,7695.69455
8600.0,2401,7714.520253
4860.0,1873,7720.417514
8530.0,2207,7726.761477
8230.0,2127,7733.019375
8850.0,2129,7739.017889
8500.0,2201,7745.571811
8790.0,2176,7762.367386
8660.0,2348,7769.792828
8770.0,2470,7777.0618
8790.0,2184,7783.607112
8990.0,2201,7789.968961
8240.0,2246,7808.098243
7880.0,2108,7814.678351
8620.0,2224,7821.306403
8520.0,2238,7828.128555
7790.0,2192,7834.529369
8550.0,2184,7840.84282
8590.0,2165,7858.93802
8650.0,2280,7866.19675
8600.0,2147,7872.902256
8560.0,2452,7880.372428
8040.0,2119,7886.508697
8960.0,2201,7893.346271
8340.0,2177,7911.342979
8200.0,2139,7917.972557
8460.0,2171,7924.600021
8800.0,2235,7931.223647
8730.0,2127,7937.581124
8520.0,2312,7944.903107
8780.0,2181,7963.057454
8110.0,2190,7969.633985
8230.0,2159,7976.046754
8610.0,2142,7982.419523
8580.0,2168,7988.667463
4830.0,1651,7993.594758
8480.0,2231,8011.56429
8570.0,2093,8017.683777
8660.0,2158,8024.277861
5340.0,1962,8030.308483
8310.0,2222,8036.796406
8340.0,2261,8043.719799
4810.0,1613,8059.703874
5390.0,1886,8065.106215
8740.0,2149,8071.80501
8580.0,2202,8078.594698
8200.0,2221,8085.612393
8270.0,2251,8091.85668
8790.0,2258,8109.093297
8730.0,2167,8115.859786
8670.0,2320,8123.385402
8050.0,2300,8130.464189
7800.0,2238,8136.883282
8750.0,2187,8143.397331
3150.0,1810,8160.918168
6090.0,2051,8167.441466
8800.0,2251,8174.372775
8860.0,2226,8180.990598
8390.0,2163,8187.18705
5860.0,2054,8193.358603
8330.0,2298,8211.822701
8750.0,2189,8219.284027
8350.0,2402,8226.367224
8290.0,2114,8232.953719
8750.0,2167,8239.360144
8720.0,2214,8246.053627
8660.0,2150,8264.550343
3530.0,1447,8268.517359
8520.0,2180,8275.121267
8320.0,2477,8283.150785
8480.0,2188,8289.740056
8380.0,2161,8296.283703
8830.0,2191,8314.354918
8730.0,2299,8321.739766
8580.0,2214,8328.720141
7820.0,2122,8335.221009
7900.0,2369,8342.16143
8760.0,2117,8348.534619
8480.0,2188,8366.137429
8350.0,2205,8373.090394
4990.0,1666,8378.318759
9010.0,2231,8385.172286
8690.0,2303,8391.861405
8800.0,2172,8398.769642
8700.0,2154,8416.742573
8220.0,2041,8422.760917
8510.0,2149,8429.326832
8060.0,2184,8436.114628
8780.0,2192,8442.249002
8380.0,2427,8449.011722
8560.0,2110,8466.385489
8570.0,2266,8473.536955
5680.0,2029,8479.798683
8870.0,2291,8486.657202
3020.0,1396,8490.547716
4810.0,1669,8495.663001
8290.0,2064,8501.402507
8480.0,2255,8519.957356
8740.0,2163,8526.655232
8020.0,2188,8533.411654
8780.0,2131,8539.819446
8870.0,2250,8546.297413
8790.0,2209,8552.814653
8360.0,2085,8570.234143
8570.0,2128,8577.022192
8380.0,2231,8583.93398
5810.0,1960,8589.547662
8690.0,2191,8596.167646
8610.0,2203,8602.942386
4750.0,1608,8618.486897
8580.0,2103,8624.975661
8800.0,2220,8631.433487
8560.0,2116,8638.072054
8380.0,2166,8644.754996
2590.0,1489,8649.052248
4920.0,1629,8665.195582
8850.0,2233,8671.745854
3450.0,1407,8676.030757
8940.0,2207,8682.765438
8520.0,2111,8689.133508
4650.0,1679,8694.194281
8950.0,2121,8700.124789
8930.0,2181,8717.570714
8830.0,2201,8723.903964
4590.0,1626,8728.96723
8830.0,2171,8735.708604
6040.0,2019,8741.980462
5900.0,1985,8748.260917
8580.0,2210,8766.404128
8350.0,2430,8773.956235
8650.0,2189,8780.516438
5850.0,2050,8786.911216
9020.0,2217,8793.651892
8770.0,2351,8800.523382
8480.0,2215,8817.464715
8800.0,2200,8824.056277
4850.0,1637,8829.031612
9020.0,2224,8835.933316
8070.0,2229,8842.524502
8800.0,2154,8849.128635
7910.0,2225,8867.287952
8430.0,2151,8873.55637
8690.0,2168,8879.968815
5820.0,2114,8886.67355
9040.0,2206,8893.415441
8760.0,2153,8899.810979
8770.0,2236,8917.511691
8250.0,2243,8924.1144
8950.0,2169,8931.238774
8650.0,2136,8937.987316
8240.0,2173,8944.528257
8950.0,2141,8950.693727
8530.0,2149,8968.525623
7990.0,2349,8975.277725
8800.0,2411,8983.068614
8730.0,2168,8989.82224
8510.0,2100,8996.025674
8570.0,2106,9002.267183
6010.0,2162,9020.515303
5900.0,1978,9026.567707
8720.0,2257,9033.084248
4760.0,1635,9037.913537
4920.0,1666,9042.865897
8470.0,2159,9049.485365
8390.0,2073,9067.828181
8600.0,2198,9074.359432
3270.0,1263,9078.130423
9040.0,2158,9084.484312
4960.0,1637,9089.698168
8790.0,2211,9096.653326
5780.0,2032,9102.976701
8200.0,2110,9120.755988
8720.0,2203,9126.999111
6230.0,2084,9133.288253
8820.0,2276,9140.320179
5950.0,1928,9146.213288
6050.0,2023,9152.523038
9130.0,2231,9170.676998
8780.0,2190,9177.160678
9030.0,2205,9183.815257
8820.0,2163,9190.516917
8080.0,2102,9196.957252
8630.0,2125,9203.743015
8460.0,2148,9221.940703
8090.0,2208,9228.433585
9250.0,2162,9235.530845
8650.0,2136,9242.206348
8630.0,2154,9248.730073
8650.0,2056,9254.49968
7610.0,2090,9272.186118
8890.0,2260,9279.25738
8610.0,2189,9285.616647
8170.0,2119,9291.989549
7980.0,2267,9298.607931
8770.0,2239,9305.303426
4800.0,1631,9321.605854
8790.0,2168,9328.200508
8400.0,2191,9335.153399
8260.0,2230,9341.752714
8610.0,2245,9348.478346
5890.0,2304,9355.220686
8410.0,2139,9372.912088
8950.0,2152,9380.190886
8590.0,2372,9387.060608
8210.0,2094,9393.1966
8100.0,2039,9399.575838
8610.0,2308,9406.586039
8670.0,2193,9424.782419
8700.0,2218,9431.31523
8770.0,2164,9438.184284
8670.0,2147,9444.464939
8680.0,2262,9451.487963
8820.0,2152,9457.865273
8350.0,2105,9475.989706
9000.0,2228,9482.755246
9010.0,2179,9488.948498
8230.0,2127,9495.449761
8380.0,2053,9502.043036
8870.0,2134,9508.461562
8750.0,2209,9526.881855
8300.0,2214,9533.957367
8680.0,2138,9540.340104
8420.0,2164,9546.936777
8660.0,2094,9553.517224
8220.0,2191,9560.169893
8570.0,2179,9579.140911
8450.0,2149,9585.770019
5440.0,1937,9591.697428
8670.0,2143,9598.220934
8900.0,2213,9605.247928
8290.0,2085,9611.505363
8770.0,2175,9629.529618
8560.0,2079,9635.864683
8720.0,2165,9642.348903
8140.0,1973,9648.510769
8660.0,2224,9655.271662
8490.0,2241,9661.759751
8630.0,2116,9677.836065
8650.0,2187,9684.368813
8930.0,2194,9690.957321
8790.0,2168,9697.1826
8350.0,2082,9703.661702
8680.0,2147,9709.738119
8820.0,2140,9727.308518
9000.0,2181,9734.568708
8700.0,2095,9740.117854
9210.0,2262,9746.604646
4720.0,1623,9751.184525
5700.0,1934,9756.909645
8790.0,2230,9774.965741
8570.0,2290,9781.920005
8720.0,2163,9788.388017
9090.0,2228,9795.025859
8690.0,2166,9801.094218
8720.0,2162,9807.86035
8800.0,2193,9824.853239
8750.0,2147,9830.707706
8760.0,2258,9837.080395
8380.0,2197,9843.087087
8300.0,2085,9849.358742
8400.0,2073,9855.606989
8470.0,2153,9873.323733
8740.0,2448,9881.130268
8780.0,2102,9887.611273
8780.0,2179,9894.261937
8770.0,2185,9900.498307
8650.0,2185,9906.939714
8610.0,2132,9924.914861
8760.0,2152,9931.526264
8630.0,2242,9937.918941
8720.0,2164,9944.410701
8230.0,2166,9950.867231
8420.0,2164,9957.241673
8770.0,2166,9974.934174
8770.0,2092,9980.956735
8110.0,2050,9987.295805
8250.0,2160,9994.01248
5410.0,1891,9999.435277
8280.0,2099,10005.630892
8270.0,2050,10022.754805
5840.0,1972,10028.696141
8810.0,2231,10035.576892
8910.0,2153,10042.238627
8210.0,2264,10049.088201
8810.0,2160,10055.416401
8830.0,2156,10072.930049
8450.0,2198,10079.55578
8310.0,2179,10086.627786
8690.0,2129,10093.223265
8580.0,2165,10100.154209
8200.0,2087,10106.485378
8820.0,2180,10125.15667
8580.0,2078,10131.35892
8700.0,2156,10137.622835
5740.0,1981,10143.850023
8800.0,2226,10150.537183
8680.0,2196,10156.586348
8890.0,2229,10174.703318
8560.0,2249,10181.160995
8830.0,2205,10187.853044
8730.0,2249,10194.709586
5440.0,1835,10199.851272
8840.0,2276,10207.080768
8620.0,2138,10225.761065
9020.0,2238,10232.273553
8530.0,2118,10238.481823
8870.0,2101,10244.467196
8900.0,2172,10251.248042
6400.0,1904,10257.038953
8580.0,2139,10275.488489
9070.0,2211,10282.035794
8370.0,2149,10288.003288
8640.0,2175,10294.383334
8880.0,2116,10300.674702
8010.0,2331,10307.631748
8690.0,2120,10325.981908
8690.0,2138,10332.194255
8620.0,2121,10338.329721
8760.0,2130,10344.671989
8030.0,2134,10350.995804
8150.0,2155,10357.663198
8700.0,2093,10375.419218
8440.0,2184,10381.950025
8530.0,2159,10388.323951
8790.0,2218,10394.673923
9090.0,2272,10401.298383
8790.0,2231,10408.495909
2950.0,1494,10412.438258
8950.0,2188,10431.037628
8510.0,2198,10438.436444
8720.0,2219,10444.991599
8490.0,2163,10451.24211
8800.0,2106,10457.08485
8350.0,2212,10463.356902
8530.0,2436,10482.81294
8720.0,2134,10489.173735
8250.0,2221,10495.231487
8840.0,2158,10500.889253
8680.0,2098,10506.583071
8910.0,2255,10524.180489
8620.0,2228,10531.110645
9030.0,2191,10537.629965
8710.0,2178,10543.606462
8500.0,2378,10550.112027
8480.0,2170,10556.380061
8720.0,2149,10573.936739
8980.0,2242,10580.602751
8810.0,2237,10586.31847
8890.0,2148,10592.304616
8390.0,2379,10599.484314
8460.0,2111,10605.577832
8300.0,2242,10623.477807
8110.0,2072,10628.67252
8770.0,2196,10634.745034
8820.0,2136,10640.799805
9030.0,2188,10647.303767
8720.0,2206,10653.733792
8800.0,2104,10670.707813
8980.0,2191,10676.579277
8790.0,2175,10682.710081
2660.0,1350,10686.811506
5390.0,2416,10693.919796
8520.0,2168,10700.270042
9000.0,2203,10717.213566
5980.0,1965,10723.11171
8750.0,2252,10729.551817
8120.0,2165,10735.868255
8700.0,2202,10742.462196
4980.0,1700,10747.615544
2600.0,1300,10751.393301
8260.0,2042,10768.538771
8350.0,2123,10774.723753
8340.0,2190,10781.364443
8750.0,2177,10787.607058
8690.0,2136,10793.828042
8790.0,2106,10799.653405
9020.0,2269,10816.953544
8210.0,2172,10823.441618
8760.0,2169,10829.923686
6270.0,2133,10836.556353
8690.0,2130,10842.865996
9020.0,2237,10849.774718
8460.0,2231,10867.878209
8880.0,2161,10874.407032
5780.0,1954,10880.440965
8410.0,2066,10886.113987
8660.0,2148,10892.306272
8960.0,2300,10899.711894
8160.0,2169,10917.732054
8600.0,2194,10924.22422
8630.0,2205,10930.516432
8630.0,2197,10936.361687
8670.0,2235,10943.773848
8890.0,2173,10950.54096
8590.0,2173,10969.492856
4850.0,1624,10973.913858
8380.0,2165,10980.012217
8240.0,2274,10986.632744
8770.0,2156,10993.429286
5780.0,2027,10999.933602
8460.0,2168,11017.955817
4930.0,1625,11022.327426
8770.0,2160,11028.167291
8680.0,2173,11035.001478
8740.0,2223,11042.499654
8520.0,2211,11049.544708
9050.0,2240,11067.91144
8450.0,2146,11074.08614
8630.0,2171,11080.726351
9030.0,2188,11087.60359
9200.0,2186,11094.501419
8610.0,2347,11102.237295
8570.0,2202,11119.818935
8830.0,2130,11126.081645
3150.0,1523,11130.749753
8420.0,2194,11137.618369
8800.0,2315,11144.691507
8770.0,2180,11151.949746
8760.0,2263,11170.73083
8710.0,2309,11177.611871
8440.0,2978,11187.095286
8440.0,2113,11193.745016
5590.0,1932,11199.955699
9010.0,2188,11206.75108
8390.0,2143,11224.758009
8890.0,2227,11231.383723
8620.0,2169,11238.319024
8830.0,2260,11245.328399
8610.0,2180,11252.687063
8460.0,2091,11258.692204
8740.0,2225,11277.342253
8170.0,2224,11284.025864
8770.0,2205,11290.899331
8870.0,2170,11297.712428
8720.0,2240,11304.415334
8570.0,2343,11322.741757
8210.0,2178,11329.214396
8740.0,2201,11335.896739
8530.0,2087,11342.662047
8630.0,2337,11350.54846
8720.0,2119,11357.0095
9010.0,2231,11375.673007
8750.0,2201,11382.231022
8110.0,2107,11388.633057
8700.0,2159,11395.238565
8760.0,2134,11401.836878
8530.0,2054,11408.120883
8670.0,2165,11426.189714
8350.0,2900,11434.607927
8820.0,2144,11441.850139
8870.0,2271,11448.670899
8810.0,2216,11455.666449
9050.0,2262,11462.69472
8260.0,2179,11479.813033
8520.0,2234,11487.18386
9190.0,2128,11493.681354
8640.0,2262,11500.680969
8720.0,2204,11507.485922
8410.0,2174,11514.156188
9030.0,2137,11531.724412
8570.0,2329,11539.231138
8970.0,2236,11546.255045
8800.0,2141,11553.017434
8250.0,2126,11559.838685
8820.0,2097,11566.372583
8810.0,2273,11583.765696
8780.0,2150,11590.391937
8500.0,2308,11597.813223
8590.0,2170,11604.588445
9290.0,2258,11611.422873
8730.0,2184,11628.508797
8590.0,2132,11634.484937
8440.0,2146,11641.049968
8390.0,2463,11648.962566
8720.0,2190,11655.771702
6020.0,1975,11661.735179
8630.0,2157,11679.478943
8880.0,2153,11685.584991
8790.0,2203,11692.556907
8800.0,2204,11699.508578
8450.0,2093,11705.809981
8670.0,2264,11713.210033
8480.0,2141,11731.072191
8700.0,2218,11737.033068
8430.0,2431,11744.504476
8480.0,2133,11751.02757
8820.0,2132,11757.738183
8240.0,2203,11764.55571
8470.0,2313,11782.854227
8610.0,2147,11788.713613
8700.0,2118,11795.090492
8560.0,2348,11802.711679
8860.0,2191,11809.289283
9120.0,2185,11815.827302
4770.0,1621,11831.565489
8880.0,2159,11837.387901
8930.0,2199,11843.740245
8030.0,2164,11850.267015
8090.0,2144,11857.018357
8330.0,2165,11863.736291
8250.0,2093,11881.349657
8790.0,2156,11886.955424
8780.0,2181,11893.501696
8890.0,2190,11900.817051
8880.0,2193,11907.502684
8660.0,2210,11914.192629
8860.0,2188,11931.930016
8670.0,2164,11937.645545
9030.0,2156,11943.866523
8670.0,2172,11950.407944
8500.0,2199,11957.411338
8840.0,2095,11963.264285
8520.0,2206,11983.352293
9070.0,2270,11989.515547
8700.0,2205,11996.221392
8670.0,2185,12002.942611
8720.0,2205,12009.442308
8640.0,2128,12016.18743
8730.0,2242,12035.222905
8820.0,2112,12041.381951
8830.0,2170,12047.926244
8790.0,2303,12054.993842
9080.0,2210,12061.566017
5990.0,2065,12067.919444
8640.0,2267,12086.333335
9000.0,2187,12092.341441
8730.0,2178,12098.732158
8740.0,2168,12105.200041
8980.0,2193,12111.74155
8900.0,2202,12118.304758
8820.0,2192,12136.297408
8640.0,2232,12142.973159
8830.0,2213,12149.485944
8810.0,2237,12156.215084
8830.0,2232,12162.914434
8700.0,2168,12181.426233
8690.0,2265,12188.475205
8470.0,2207,12194.810514
8490.0,2286,12201.239917
8750.0,2213,12207.765678
9010.0,2189,12214.977958
9080.0,2223,12232.884401
8600.0,2213,12239.404329
8480.0,2136,12245.627252
8420.0,2141,12251.496371
4890.0,1888,12257.271621
8690.0,2209,12264.108379
8000.0,2186,12283.364958
8790.0,2203,12289.925868
9040.0,2268,12296.010772
5790.0,1795,12301.366586
8330.0,2435,12308.505921
8400.0,2149,12315.296673
8710.0,2187,12333.111806
9070.0,2172,12339.755207
8340.0,2218,12345.85043
8830.0,2197,12351.978382
8500.0,2203,12358.451857
9050.0,2199,12365.226376
8610.0,2167,12384.176284
8980.0,2207,12391.143772
4860.0,2014,12396.612902
8700.0,2241,12403.631131
9050.0,2185,12410.079751
9000.0,2177,12416.85936
8780.0,2192,12435.098881
9120.0,2219,12441.700214
8690.0,2122,12447.807767
9120.0,2221,12454.213665
8580.0,2148,12461.212588
8790.0,2156,12467.875716
8690.0,2173,12486.257476
8970.0,2209,12492.666772
8550.0,2150,12498.867061
8940.0,2206,12505.326086
8710.0,2150,12511.473486
8750.0,2177,12518.191025
8720.0,2224,12537.756472
9020.0,2273,12544.3685
4650.0,1777,12549.428173
8750.0,2144,12555.812616
2460.0,1279,12559.86531
8800.0,2351,12566.836268
8700.0,2190,12585.656027
8840.0,2187,12592.198492
8840.0,2267,12598.888958
8730.0,2245,12605.380014
8760.0,2163,12611.795294
8280.0,2234,12618.303109
8610.0,2224,12637.678635
8500.0,2334,12644.587895
8830.0,2262,12651.173213
8540.0,2161,12657.552834
7950.0,2183,12663.595711
9230.0,2225,12670.921958
8730.0,2156,12688.361874
8700.0,2188,12694.786033
8510.0,2189,12701.35357
8830.0,2240,12707.937723
8800.0,2180,12714.415318
8200.0,2453,12722.229432
8860.0,2239,12741.015346
8400.0,2196,12747.447024
8790.0,2132,12753.634727
8580.0,2221,12760.756952
8360.0,2264,12767.280788
8690.0,2191,12773.948819
8790.0,2225,12792.552716
9030.0,2223,12798.833336
8720.0,2157,12805.722273
8180.0,2202,12812.180803
8090.0,2080,12818.161176
9070.0,2167,12836.86612
8690.0,2247,12843.667632
8570.0,2186,12850.216188
8550.0,2138,12856.705517
8990.0,2222,12863.368025
8340.0,2195,12869.866038
8880.0,2136,12887.683139
8920.0,2196,12894.49532
8890.0,2215,12901.24445
8720.0,2152,12907.897915
8690.0,2334,12914.738446
8870.0,2188,12921.841793
8420.0,2197,12940.084388
7700.0,2239,12946.725402
7910.0,2114,12953.0125
8990.0,2171,12959.525234
8750.0,2124,12965.840353
8720.0,2273,12972.365864
8700.0,2189,12990.825226
8470.0,2124,12997.15347
8700.0,2220,13003.663836
9050.0,2163,13010.066092
8600.0,2196,13016.209154
7900.0,2465,13023.463212
5390.0,2299,13042.154116
8500.0,2260,13049.023818
8800.0,2205,13056.068321
8820.0,2206,13062.450881
8810.0,2186,13068.727214
8420.0,2260,13075.148857
8380.0,2069,13093.293274
8720.0,2104,13099.560849
8850.0,2203,13105.933486
9110.0,2283,13112.413396
8780.0,2243,13119.473893
9050.0,2201,13125.876217
2920.0,1446,13142.219234
5510.0,2201,13149.038422
8580.0,2198,13155.168397
8910.0,2182,13161.407242
8670.0,2158,13167.760644
8680.0,2247,13174.505262
8690.0,2224,13193.362907
8690.0,2142,13199.659813
8620.0,2194,13206.296756
8750.0,2250,13213.010024
8670.0,2194,13219.482647
8610.0,2216,13226.072878
8330.0,2191,13244.161066
8420.0,2200,13251.595385
8900.0,2167,13258.098831
8820.0,2107,13264.374671
8400.0,2200,13271.054739
8710.0,2124,13277.447797
5590.0,2114,13294.84328
9000.0,2152,13301.368545
8600.0,2164,13307.509933
8820.0,2129,13313.784172
8760.0,2174,13320.400736
8540.0,2167,13326.702724
8810.0,2145,13344.011809
9030.0,2200,13350.871134
9010.0,2272,13358.139492
9020.0,2237,13364.568442
8820.0,2168,13371.149078
8670.0,2143,13388.745767
8580.0,2218,13395.632226
8730.0,2170,13401.920135
9050.0,2216,13408.917462
9020.0,2208,13415.315307
8820.0,2122,13421.919442
8750.0,2263,13439.67986
8880.0,2161,13446.217844
8840.0,2295,13453.621206
8650.0,2217,13460.335121
5500.0,1931,13466.015391
8720.0,2175,13472.332627
8820.0,2153,13490.631561
8840.0,2190,13497.228501
4820.0,1638,13502.386125
8700.0,2249,13509.186349
8720.0,2178,13515.392663
8880.0,2192,13521.860392
8890.0,2205,13540.901737
8850.0,2149,13547.407274
8640.0,2350,13554.762558
8730.0,2216,13561.267882
8630.0,2118,13567.449049
8670.0,2176,13574.431727
9160.0,2210,13592.498766
8650.0,2115,13598.790699
8880.0,2198,13605.360158
8910.0,2236,13611.867165
8700.0,2092,13618.186368
8340.0,2275,13624.682291
9170.0,2243,13643.658279
8820.0,2114,13649.782912
8850.0,2291,13656.502545
8900.0,2221,13663.2842
9100.0,2233,13669.594662
8630.0,2131,13676.032147
8800.0,2223,13695.615716
8700.0,2216,13701.913901
8750.0,2148,13708.542466
8550.0,2279,13715.24067
8550.0,2137,13721.573288
2550.0,1238,13725.565834
8770.0,2263,13743.973621
8540.0,2204,13750.551245
8410.0,2202,13757.058476
8300.0,2197,13763.801779
8270.0,2211,13770.315184
8700.0,2324,13777.749233
8500.0,2212,13796.140605
8550.0,2204,13802.59957
8790.0,2151,13808.99315
8320.0,2180,13815.494524
8860.0,2242,13822.321591
4890.0,2421,13829.388224
8670.0,2180,13847.472084
8900.0,2110,13853.500293
8740.0,2252,13860.70205
8790.0,2194,13867.192835
8970.0,2233,13873.541775
8610.0,2347,13880.257181
8670.0,2192,13899.699678
9020.0,2176,13906.036582
9120.0,2192,13912.377644
8530.0,2165,13918.811766
8610.0,2144,13924.693166
8490.0,2225,13931.401045
8700.0,2200,13950.492162
8550.0,2159,13956.756216
8920.0,2183,13963.608282
8760.0,2223,13969.612588
8900.0,2191,13975.93516
8700.0,2291,13982.79524
8760.0,2135,14000.987774
8850.0,2182,14007.325333
8630.0,2210,14014.129292
8760.0,2336,14020.763352
8730.0,2237,14027.818976
8730.0,2125,14045.711785
8510.0,2204,14052.310715
8680.0,2334,14059.377891
8680.0,2220,14065.8561
8630.0,2203,14072.567702
8080.0,2167,14078.869608
8370.0,2292,14097.899964
8600.0,2151,14104.255892
8530.0,2199,14110.609392
8900.0,2254,14116.986352
8480.0,2168,14123.469096
9110.0,2233,14130.001919
8990.0,2222,14147.698968
8670.0,2137,14154.267943
8910.0,2189,14160.405545
8080.0,2154,14166.85173
8640.0,2170,14173.001191
8820.0,2142,14179.055064
8480.0,2263,14197.557413
9140.0,2262,14204.991233
8720.0,2257,14211.742914
9290.0,2172,14217.840317
8630.0,2163,14224.266194
8750.0,2176,14230.613248
8800.0,2219,14248.827025
8790.0,2165,14255.378273
8930.0,2208,14261.999332
8740.0,2279,14268.574458
8980.0,2240,14275.210007
8870.0,2130,14281.432173
8300.0,2237,14300.065897
8820.0,2165,14307.011527
8800.0,2147,14313.424634
8900.0,2204,14319.346537
8790.0,2180,14325.393387
8660.0,2264,14342.817918
8760.0,2248,14349.69385
8720.0,2170,14356.670234
6170.0,1939,14362.039028
8920.0,2237,14368.582129
8770.0,2200,14375.173003
8520.0,2230,14392.815375
8700.0,2218,14399.634641
8530.0,2202,14406.459339
8760.0,2186,14413.372468
8850.0,2149,14419.776106
9030.0,2184,14425.80603
8900.0,2205,14444.309539
8640.0,2221,14450.770096
8850.0,2184,14457.364771
8960.0,2226,14463.623836
8810.0,2209,14469.822096
9060.0,2199,14476.818873
8630.0,2197,14494.710645
8750.0,2157,14501.344731
8920.0,2224,14507.714998
8570.0,2204,14513.782739
3190.0,1436,14517.955306
8510.0,2173,14524.186192
8820.0,2190,14542.057296
8860.0,2115,14548.648344
8780.0,2271,14554.939651
8760.0,2167,14561.785716
8670.0,2158,14568.292691
8690.0,2176,14574.841841
8610.0,2207,14592.462574
8070.0,2100,14598.519875
8560.0,2249,14605.182982
8500.0,2388,14612.857367
9050.0,2179,14619.663604
8870.0,2181,14626.29831
8660.0,2261,14642.32844
8730.0,2198,14648.506989
8720.0,2189,14655.143666
6100.0,2045,14661.5946
8220.0,2112,14668.272055
8650.0,2174,14674.946876
8830.0,2161,14692.179499
8430.0,2371,14699.602241
8870.0,2217,14706.228468
8910.0,2205,14713.155639
8780.0,2176,14720.00005
8780.0,2162,14726.555464
8720.0,2448,14744.289935
8690.0,2181,14750.703663
8770.0,2203,14757.009928
8980.0,2182,14764.221296
8730.0,2248,14770.998282
8630.0,2165,14777.486052
9040.0,2233,14795.520674
8870.0,2195,14802.222358
8490.0,2163,14808.843606
9000.0,2230,14816.088251
8490.0,2219,14822.78196
8570.0,2202,14829.600209
8950.0,2193,14847.412206
8850.0,2152,14853.954565
8460.0,2241,14860.684609
8800.0,2209,14867.984382
8920.0,2213,14874.834312
9110.0,2166,14892.559403
8510.0,2231,14899.029919
7780.0,2187,14905.472619
9140.0,2262,14912.138963
8890.0,2173,14919.096914
8780.0,2163,14925.983966
8810.0,2141,14943.050477
8370.0,2090,14949.075634
8800.0,2180,14955.654996
5560.0,1849,14961.022566
8630.0,2168,14967.778762
4670.0,1625,14972.762361
8820.0,2089,14979.208788
7780.0,2151,14996.755076
8770.0,2129,15002.838012
8710.0,2157,15009.374916
8700.0,2184,15016.814608
8610.0,2225,15023.651139
8590.0,2291,15030.546687
8890.0,2238,15048.386701
8680.0,2137,15054.911458
8890.0,2161,15061.553371
8310.0,2196,15068.807822
8860.0,2159,15075.267366
8290.0,2181,15081.923872
8900.0,2152,15099.201429
8870.0,2199,15105.818675
5780.0,1946,15112.044026
8620.0,2191,15118.88504
8730.0,2176,15125.647231
8940.0,2209,15132.424041
8830.0,2178,15149.675878
8770.0,2244,15156.105439
8870.0,2214,15163.400519
8790.0,2182,15169.970237
8770.0,2197,15176.623116
8360.0,2220,15194.94431
9030.0,2174,15200.781144
7780.0,2140,15206.882905
8690.0,2255,15214.111589
8820.0,2166,15220.763702
8800.0,2184,15227.410967
8850.0,2174,15244.416898
8720.0,2195,15250.237289
9110.0,2234,15256.274383
8850.0,2197,15263.095586
5910.0,1871,15269.067425
8900.0,2260,15276.119748
8880.0,2191,15292.760284
8880.0,2196,15299.439084
8410.0,2067,15304.645348
8870.0,2226,15311.764618
8570.0,2215,15318.335131
7910.0,2173,15325.060167
8710.0,2186,15343.503579
9020.0,2213,15349.606397
8910.0,2216,15355.498091
8420.0,2422,15362.524709
8400.0,2150,15369.171285
8600.0,2216,15375.964625
8490.0,2209,15395.121435
8500.0,2202,15401.455349
9080.0,2257,15407.370868
8650.0,2147,15413.435308
8700.0,2203,15420.173305
8670.0,2137,15426.740911
8930.0,2214,15445.452692
8610.0,2113,15451.226606
8140.0,2114,15456.942967
8680.0,2162,15463.457317
8640.0,2235,15470.814358
8710.0,2223,15477.723484
6020.0,2040,15495.11814
8700.0,2210,15501.316899
4860.0,1619,15505.624907
8740.0,2137,15511.803421
5360.0,1916,15517.459893
8530.0,2260,15524.919874
8710.0,2210,15542.245643
8910.0,2206,15549.024544
8310.0,2199,15555.329395
8180.0,2176,15561.927794
8740.0,2181,15569.29651
8740.0,2154,15576.168868
8530.0,2271,15594.26926
8640.0,2160,15601.035007
4810.0,1631,15605.734972
8860.0,2124,15611.761803
8720.0,2175,15618.282516
8570.0,2171,15625.026419
8640.0,2231,15644.889761
8820.0,2267,15651.762625
7710.0,2160,15658.005292
8240.0,2202,15664.397158
8260.0,2138,15671.121865
8660.0,2130,15677.472743
8810.0,2206,15696.473552
9030.0,2229,15703.541277
8700.0,2299,15710.094683
8440.0,2194,15716.637123
8770.0,2225,15723.311732
8670.0,2222,15730.666681
8950.0,2200,15749.434133
2760.0,1331,15753.226439
8910.0,2173,15759.758347
8800.0,2174,15766.460276
8650.0,2152,15773.322722
8790.0,2194,15780.748765
8490.0,2174,15798.998648
8580.0,2164,15805.431348
8820.0,2165,15811.613883
8800.0,2171,15817.652808
8880.0,2219,15824.096642
8690.0,2124,15830.310261
8580.0,2174,15849.011256
8600.0,2131,15855.575455
8790.0,2239,15862.213939
8600.0,2114,15868.541697
8470.0,2209,15874.816559
8730.0,2201,15881.606396
8630.0,2172,15900.224366
7880.0,2182,15906.231453
8670.0,2311,15913.28178
9050.0,2247,15919.839114
8450.0,2107,15926.031733
8890.0,2176,15932.492123
8970.0,2166,15951.494291
8720.0,2169,15957.795474
8390.0,2200,15963.905335
8900.0,2167,15970.210355
8680.0,2147,15976.516266
8960.0,2269,15983.900857
8220.0,2125,16001.84806
8740.0,2186,16008.216344
8820.0,2189,16014.70532
8730.0,2240,16021.273157
4890.0,1727,16026.152133
8810.0,2289,16033.302755
8430.0,2170,16051.604459
8970.0,2202,16058.307829
8940.0,2206,16064.738042
9070.0,2191,16071.298222
8550.0,2156,16077.498343
9310.0,2243,16084.16645
8780.0,2167,16102.556182
8690.0,2267,16109.280301
8590.0,2319,16115.909195
8740.0,2189,16122.857586
8720.0,2148,16128.793577
7770.0,2146,16134.863565
9010.0,2215,16153.923278
4980.0,1691,16159.032255
2730.0,2043,16165.132458
8860.0,2156,16171.504674
9050.0,2146,16177.476274
8820.0,2143,16183.744662
8740.0,2299,16201.653455
8650.0,2184,16208.771618
8820.0,2181,16215.403109
8820.0,2074,16221.264699
8420.0,2250,16227.877897
7880.0,2087,16234.062812
8800.0,2179,16252.639747
8690.0,2142,16259.24077
4780.0,1648,16263.831471
9010.0,2219,16269.988914
8680.0,2198,16277.097775
8660.0,2202,16283.54611
8210.0,2263,16301.621994
8470.0,2144,16308.2593
8930.0,2178,16314.535231
8860.0,2103,16320.769333
8440.0,2172,16326.961218
8670.0,2193,16332.82604
8500.0,2235,16351.288334
8820.0,2204,16357.847015
9000.0,2220,16364.313199
8810.0,2219,16370.821463
8810.0,2234,16377.29717
8420.0,2133,16383.605118
8930.0,2221,16402.570038
8690.0,2223,16409.473305
8710.0,2208,16415.929732
8360.0,2168,16422.181083
8800.0,2176,16428.640324
5920.0,1992,16434.424974
7860.0,2193,16452.539039
8830.0,2288,16459.783244
8190.0,2160,16466.047903
8730.0,2250,16472.625229
8870.0,2178,16479.279963
8710.0,2289,16485.922177
8640.0,2197,16504.873181
8620.0,2207,16511.309275
8860.0,2160,16517.828023
9130.0,2222,16524.195845
8580.0,2150,16530.63734
8690.0,2179,16536.692634
8710.0,2163,16554.252783
9260.0,2285,16561.366678
8820.0,2213,16567.663104
8190.0,2251,16574.117074
8670.0,2167,16580.268286
8800.0,2175,16598.337752
8240.0,2139,16604.987839
8590.0,2191,16611.265831
7850.0,2155,16617.738738
8470.0,2203,16624.503694
8930.0,2200,16630.863473
8960.0,2215,16648.598335
8700.0,2214,16655.313892
8740.0,2248,16662.004194
8820.0,2177,16668.986464
9000.0,2245,16675.309601
8880.0,2164,16681.628906
8670.0,2190,16698.803424
8290.0,2023,16704.80788
8790.0,2158,16711.223613
8510.0,2143,16717.168428
4910.0,1736,16722.206128
8790.0,2211,16728.553121
8880.0,2109,16746.200313
8530.0,2207,16753.107645
8880.0,2214,16759.109257
8320.0,2199,16765.341748
9090.0,2188,16771.932655
8710.0,2260,16778.434523
8830.0,2222,16796.895994
8870.0,2331,16803.24862
8750.0,2228,16809.944087
8900.0,2337,16817.403621
6050.0,2049,16822.830478
8660.0,2214,16829.747585
8580.0,2198,16847.902312
8820.0,2126,16854.041493
8480.0,2232,16860.713397
9050.0,2225,16867.436831
8880.0,2192,16873.853237
8860.0,2169,16880.814649
4870.0,1641,16897.002434
9050.0,2219,16903.172283
8590.0,2124,16909.170778
8620.0,2135,16915.46699
8820.0,2154,16921.727685
8660.0,2290,16928.032989
8520.0,2225,16944.327717
8750.0,2201,16950.639698
8700.0,2207,16956.449223
8660.0,2170,16962.389456
8730.0,2179,16968.343574
8740.0,2146,16974.345611
9290.0,2187,16990.937909
8740.0,2246,16997.13433
8590.0,2294,17003.630704
8860.0,2164,17010.022397
8630.0,2231,17016.747516
8750.0,2138,17022.750493
9050.0,2230,17040.388474
8800.0,2144,17046.463485
9230.0,2219,17053.30448
8800.0,2219,17059.582849
8730.0,2155,17065.220916
8530.0,2223,17071.75696
8800.0,2225,17090.202797
8780.0,2232,17097.177132
8700.0,2094,17103.001189
8790.0,2200,17108.815631
9100.0,2233,17115.378439
8940.0,2266,17121.970305
9020.0,2192,17138.723398
8820.0,2233,17146.059526
8620.0,2170,17152.351915
8800.0,2173,17158.57152
8130.0,2181,17164.828511
8480.0,2207,17182.622556
8090.0,2206,17189.289304
8610.0,2234,17195.877668
8780.0,2197,17202.527429
8620.0,2201,17208.426056
8670.0,2156,17214.357737
8620.0,2249,17232.292811
5960.0,1973,17238.037078
8820.0,2179,17244.647772
8930.0,2251,17250.879915
8710.0,2226,17256.830123
8830.0,2217,17263.411798
8580.0,2188,17280.808645
8690.0,2174,17286.74385
9270.0,2337,17292.840885
8660.0,2168,17298.75059
8720.0,2240,17304.880968
8770.0,2242,17311.598224
7880.0,2479,17329.010696
8720.0,2240,17335.543288
8530.0,2247,17341.813618
8960.0,2198,17347.935623
9110.0,2191,17354.087611
8750.0,2375,17360.909573
8330.0,2200,17377.332091
8750.0,2210,17383.448516
8770.0,2227,17389.564903
8950.0,2208,17395.609745
8770.0,2238,17401.673125
8980.0,2217,17418.986828
8600.0,2143,17424.720713
2880.0,1329,17428.343275
8710.0,2270,17435.037763
8930.0,2207,17441.096342
8610.0,2265,17447.446883
7800.0,2174,17453.341673
9300.0,2239,17470.516732
8730.0,2235,17476.498565
8470.0,2264,17482.874095
8950.0,2215,17488.95168
8610.0,2248,17495.025237
8700.0,2137,17500.904847
8950.0,2205,17518.016651
8620.0,2192,17524.00707
8820.0,2224,17529.982972
8650.0,2216,17536.053916
4900.0,1660,17540.578197
8670.0,2278,17546.956112
8510.0,2189,17563.812948
8920.0,2258,17569.693965
8720.0,2210,17575.868866
9070.0,2218,17581.918734
8760.0,2256,17588.105479
8940.0,2205,17606.43907
8860.0,2171,17612.071711
8500.0,2285,17617.863061
8710.0,2158,17623.703146
7970.0,2075,17629.219065
8830.0,2201,17635.276665
8620.0,2152,17651.800826
9020.0,2194,17657.86616
8690.0,2293,17663.868696
8340.0,2214,17669.876044
8690.0,2198,17675.771816
8830.0,2209,17681.940653
9060.0,2261,17699.720296
8290.0,2187,17705.347622
8670.0,2173,17711.070563
8700.0,2217,17716.862985
8890.0,2205,17722.980154
8130.0,2167,17729.435526
8870.0,2259,17747.104836
7870.0,2154,17752.583609
8440.0,2156,17757.885024
8810.0,2188,17763.902139
8220.0,2186,17769.882855
8430.0,2274,17776.12131
8960.0,2290,17793.897294
8490.0,2217,17799.267903
8760.0,2207,17804.844649
8520.0,2144,17810.771043
3170.0,1297,17814.560006
7830.0,2110,17820.405159
8800.0,2263,17837.508245
8770.0,2186,17843.041553
8520.0,2363,17848.955899
8130.0,2116,17854.565899
9250.0,2210,17861.20469
4850.0,1684,17865.629587
8750.0,2180,17882.73359
8290.0,2201,17888.545848
8480.0,2216,17894.15712
8900.0,2252,17900.411599
8560.0,2177,17906.512491
4910.0,1650,17911.151273
8810.0,2256,17928.495347
8520.0,2120,17934.32065
8680.0,2193,17939.856691
8800.0,2216,17945.468381
8640.0,2167,17951.308365
8900.0,2204,17957.874195
8830.0,2143,17975.013828
8900.0,2202,17980.999023
8830.0,2199,17986.701139
8730.0,2206,17992.190641
8910.0,2180,17997.91631
8770.0,2193,18003.990936
8680.0,2162,18020.85088
8420.0,2260,18027.353434
8790.0,2127,18033.135013
8850.0,2256,18038.783826
8430.0,2179,18044.547476
8730.0,2213,18050.615998
8640.0,2271,18067.670839
8060.0,2127,18072.951233
8170.0,2204,18078.220153
8570.0,2197,18083.197266
8540.0,2153,18088.172001
8680.0,2192,18093.59048
8690.0,2152,18109.124341
9000.0,2256,18115.634062
7960.0,2193,18121.145769
8680.0,2193,18126.127917
8740.0,2253,18131.207917
8650.0,2191,18136.48355
8900.0,2216,18151.982287
8880.0,2203,18157.820081
8600.0,2178,18163.172916
8670.0,2169,18168.19605
7880.0,2114,18173.02143
8690.0,2231,18178.375757
8740.0,2176,18193.070249
9020.0,2159,18198.323186
8900.0,2172,18203.611242
8660.0,2119,18208.71074
8650.0,2205,18213.63779
4890.0,1603,18217.275617
8380.0,2143,18233.269658
8730.0,2231,18238.823845
8620.0,2184,18244.136036
8590.0,2253,18249.522872
7890.0,2225,18254.725872
8770.0,2273,18260.201255
8850.0,2214,18275.810864
7890.0,2198,18281.11135
8950.0,2172,18286.382446
8950.0,2160,18291.660581
8360.0,2159,18296.799037
8590.0,2228,18301.889277
8750.0,2190,18317.449674
8740.0,2156,18322.735008
8830.0,2220,18328.15163
9060.0,2305,18333.718104
8890.0,2149,18338.970324
8800.0,2201,18343.921723
8870.0,2163,18359.908108
8490.0,2210,18365.243372
9080.0,2255,18370.643844
7780.0,2174,18375.91855
8580.0,2244,18381.299127
8800.0,2168,18396.475042
8710.0,2265,18402.352603
8300.0,2026,18407.362864
8810.0,2200,18412.849445
8630.0,2139,18418.089521
8420.0,2204,18423.556898
8790.0,2251,18438.722189
8620.0,2229,18444.086936
8680.0,2205,18449.47618
2730.0,1357,18453.096558
8830.0,2268,18458.57403
8400.0,2255,18464.44389
8900.0,2227,18479.96982
3100.0,1341,18482.979524
9020.0,2306,18488.978912
8740.0,2208,18494.402012
8850.0,2207,18499.769387
8720.0,2155,18504.998312
4950.0,1634,18508.944742
8860.0,2256,18524.618886
9020.0,2238,18530.454129
8730.0,2214,18535.947693
8810.0,2171,18541.362879
8180.0,2163,18546.59031
8180.0,2131,18551.808775
8440.0,2378,18567.314037
8780.0,2187,18572.591861
8780.0,2234,18578.080405
9370.0,2215,18583.573791
8370.0,2138,18588.912235
8560.0,2363,18595.059157
8250.0,2338,18610.721689
4850.0,1574,18614.523
8590.0,2196,18619.916525
7900.0,2228,18625.307104
8950.0,2234,18631.203372
8730.0,2218,18636.568221
8820.0,2184,18651.580657
8700.0,2224,18656.888409
8850.0,2205,18662.235423
9100.0,2234,18668.075868
8760.0,2241,18673.510321
9030.0,2282,18689.251421
8010.0,2187,18694.15275
8610.0,2226,18699.292149
8240.0,2108,18704.444026
8710.0,2221,18710.228361
8630.0,2241,18715.617042
8870.0,2245,18731.375081
8660.0,2181,18736.328219
8370.0,2231,18741.437211
8520.0,2217,18747.193026
8730.0,2160,18752.484607
8520.0,2482,18758.200361
8460.0,2294,18774.405284
8850.0,2182,18779.354485
8860.0,2286,18784.602045
9070.0,2237,18790.010073
9170.0,2217,18795.808776
8660.0,2207,18801.150821
8740.0,2175,18815.501734
8520.0,2160,18820.424065
8390.0,2254,18825.37643
7840.0,2122,18830.473839
4900.0,1655,18834.551714
5900.0,1919,18839.423288
8820.0,2295,18855.245877
8340.0,2092,18860.264521
8940.0,2247,18865.350917
8830.0,2215,18870.755095
9080.0,2186,18875.978445
8770.0,2201,18881.387822
8420.0,2233,18897.000372
2510.0,1263,18900.425061
8820.0,2207,18905.593333
8820.0,2304,18910.786297
8230.0,2242,18916.018779
8700.0,2204,18921.321211
8820.0,2217,18937.553188
8590.0,2296,18943.094896
8880.0,2129,18948.173567
8130.0,2243,18953.155324
8850.0,2192,18958.162472
8860.0,2193,18963.94669
9160.0,2196,18979.468711
8560.0,2228,18984.86699
8780.0,2244,18990.139275
8850.0,2158,18995.057467
8800.0,2248,19000.582243
8620.0,2203,19006.005299
5740.0,1936,19020.774525
8920.0,2181,19026.070291
8720.0,2213,19031.876474
8590.0,2139,19036.820582
8840.0,2213,19041.797027
8960.0,2213,19047.194695
8930.0,2243,19062.651525
8670.0,2170,19067.939393
8790.0,2207,19073.715333
8690.0,2226,19078.787781
8780.0,2252,19083.8512
8720.0,2291,19089.185227
8320.0,2220,19105.470614
8880.0,2197,19110.778114
8320.0,2218,19116.108889
8790.0,2119,19121.277375
8700.0,2137,19126.189337
8860.0,2238,19131.332937
8730.0,2184,19147.368713
8590.0,2165,19152.601736
8710.0,2279,19158.486546
8810.0,2235,19163.745893
9150.0,2231,19168.795563
8850.0,2214,19184.216146
8720.0,2265,19190.146715
8920.0,2257,19195.747557
8900.0,2238,19201.264477
8290.0,2128,19206.387093
8760.0,2175,19211.318855
8670.0,2185,19226.546429
8510.0,2245,19232.503651
8650.0,2224,19237.857017
8950.0,2156,19243.096833
8770.0,2208,19248.419543
8660.0,2233,19253.399041
8370.0,2172,19269.140128
8520.0,2183,19274.43857
8970.0,2312,19279.883827
8590.0,2220,19285.310392
2570.0,1360,19288.817954
8460.0,2151,19293.857598
8890.0,2256,19309.094138
8830.0,2299,19314.570145
8810.0,2240,19320.455448
8810.0,2242,19325.872458
8670.0,2143,19331.083834
7940.0,2216,19336.278676
8850.0,2176,19351.762513
8990.0,2261,19357.616563
8540.0,2242,19363.111021
8310.0,2185,19368.426161
7960.0,2166,19373.724774
7840.0,2142,19378.865926
8800.0,2210,19394.247162
8790.0,2153,19399.46757
8910.0,2196,19404.845551
8840.0,2152,19410.549802
8110.0,2190,19415.857313
9220.0,2248,19421.284242
8930.0,2172,19436.780638
8750.0,2263,19442.249997
8730.0,2201,19448.002174
8530.0,2328,19453.528116
8340.0,2150,19458.708182
8440.0,2224,19464.110703
8820.0,2154,19477.674899
8710.0,2158,19482.885978
8770.0,2208,19488.657383
8800.0,2222,19494.057635
8550.0,2365,19499.702896
9290.0,2251,19515.474874
8660.0,2298,19521.272125
8700.0,2176,19526.420116
8640.0,2233,19531.727574
8650.0,2199,19537.01942
8770.0,2183,19542.329249
8620.0,2124,19557.610501
8960.0,2100,19562.523945
9510.0,2239,19568.35862
8950.0,2239,19573.770743
8880.0,2233,19579.401258
8740.0,2202,19584.784781
8510.0,2265,19600.870752
8800.0,2097,19605.421729
8930.0,2176,19611.138907
8850.0,2201,19616.510362
8560.0,2179,19621.779233
8470.0,2208,19627.136677
8800.0,2238,19643.276752
9030.0,2176,19648.286587
9050.0,2298,19654.234433
2540.0,1272,19657.146516
8820.0,2207,19662.592665
8420.0,2299,19668.627061
8800.0,2141,19684.316216
8580.0,2214,19689.294347
9070.0,2184,19694.321234
8960.0,2205,19699.168207
8700.0,2178,19703.930515
8570.0,2370,19709.356803
