#{"t_start": 1680735103.2171435, "env_id": "Krull-v4"}
r,l,t
8240.0,2535,11.121821
6910.0,1967,16.853849
6800.0,1957,22.333277
5560.0,2113,28.199229
7100.0,1963,34.219182
5860.0,1782,39.01681
7020.0,1900,56.373261
6810.0,1901,61.757342
5900.0,1877,67.6478
5350.0,1625,72.393261
6860.0,1976,78.990391
5200.0,1917,84.640363
3730.0,1610,89.395812
6660.0,1914,107.560231
3950.0,1716,113.300565
6850.0,1953,119.630929
7140.0,1972,126.346282
6430.0,1946,133.001614
7170.0,1899,138.754289
6780.0,1982,156.33503
6940.0,2057,163.126853
6250.0,1918,169.225931
6820.0,1968,175.237033
4990.0,1498,180.350384
5390.0,1709,185.602466
6930.0,1941,191.747557
6230.0,1919,209.651842
7010.0,1965,215.876209
6970.0,1960,221.473696
6390.0,1936,227.580143
4300.0,1908,233.826952
6670.0,1944,239.134567
6380.0,2189,245.527949
6570.0,1959,264.242851
6860.0,1927,270.461875
6290.0,1931,276.741404
6850.0,1984,282.990931
6740.0,1961,288.792052
6880.0,1929,294.344831
6550.0,1923,313.877677
5230.0,1611,319.47043
7620.0,2479,326.78951
6850.0,1962,333.107021
6990.0,1957,339.117343
5030.0,1656,344.036977
6510.0,1993,350.436933
4730.0,1451,366.620981
6510.0,1923,372.754657
6690.0,1934,378.690944
6430.0,1920,384.260076
6670.0,1943,390.443713
6740.0,2424,398.150691
4840.0,1546,402.980161
5450.0,1788,420.561637
6460.0,1990,426.479424
5540.0,1775,431.713606
7890.0,2589,440.108306
6180.0,1920,446.293607
6660.0,1935,452.53369
7110.0,1936,471.403862
6770.0,1938,477.319818
4470.0,1432,482.171664
6650.0,1934,488.31228
5060.0,1454,493.233183
5470.0,1760,498.637002
5500.0,1763,504.559819
6940.0,1941,510.632427
7240.0,2029,528.479123
6500.0,1947,535.107712
4170.0,1411,539.821252
6410.0,1880,545.398582
6590.0,1904,551.389407
6960.0,1932,557.797471
6850.0,1984,574.788643
5870.0,1917,581.107251
6520.0,1938,587.546121
6520.0,1948,593.53389
6920.0,1943,599.882159
6340.0,1917,606.18852
6410.0,1941,612.408849
4970.0,1591,628.786338
6060.0,1740,634.188513
5710.0,1741,639.733795
6410.0,1959,646.121734
6880.0,1967,652.175497
4090.0,1436,655.937379
4740.0,1462,660.279464
5480.0,1778,665.830319
4620.0,1529,683.51989
6590.0,1940,690.014655
6760.0,1964,696.525171
5130.0,1687,701.262
6930.0,1992,707.430289
4820.0,1513,712.40296
7850.0,2721,733.375662
6030.0,2061,740.217343
7360.0,2020,746.489084
6850.0,1947,751.65615
6810.0,1902,757.443681
6760.0,1969,763.880745
4740.0,1472,768.818979
7190.0,1961,787.057505
6690.0,1976,793.409452
6010.0,1920,799.090717
6730.0,1978,804.360098
6770.0,2384,812.268079
4900.0,1490,817.105795
6910.0,1967,823.396889
4960.0,1474,838.912571
7140.0,2026,844.925463
7360.0,2001,850.850508
7470.0,2001,857.054926
7250.0,1986,863.269808
6700.0,1922,869.211123
6900.0,1930,887.119761
6560.0,1921,893.173149
7210.0,1923,898.377796
6540.0,1946,904.362682
6670.0,1935,910.715075
4320.0,1510,915.74316
6610.0,2020,921.84407
5830.0,1885,940.022504
6940.0,1932,946.082727
6840.0,1951,951.505377
6800.0,2012,957.925058
6360.0,2003,964.721376
3890.0,1510,969.729013
6750.0,1933,975.810492
6670.0,1920,993.49453
6460.0,1891,999.681795
6460.0,1859,1005.119015
4430.0,1490,1009.973842
6780.0,1929,1016.176455
7100.0,1938,1022.373488
7200.0,1939,1027.629313
6660.0,1953,1045.625962
7110.0,1986,1051.675188
5610.0,1669,1056.668373
7340.0,2000,1063.422969
6620.0,1969,1069.179104
6430.0,1831,1074.977441
7250.0,1962,1080.587526
6800.0,1977,1098.810634
7130.0,1942,1104.370394
6900.0,1922,1110.789287
7010.0,1948,1117.050519
7290.0,2002,1122.687848
6600.0,1909,1128.850123
6070.0,2084,1147.24738
7030.0,1964,1153.352678
7170.0,1967,1159.776529
7280.0,2003,1165.520625
5470.0,1750,1171.190285
4560.0,1448,1175.431833
6680.0,1951,1181.555465
7030.0,1950,1199.950761
5370.0,1639,1204.549084
6810.0,1914,1210.786693
7000.0,1954,1216.384419
7020.0,1909,1222.799899
7000.0,2028,1229.347963
6690.0,1975,1235.474202
6290.0,1944,1253.328555
5800.0,1892,1259.085508
5090.0,1636,1264.14957
4720.0,1725,1269.670705
6630.0,1923,1276.11133
7020.0,1993,1282.311667
6410.0,1921,1288.350303
5940.0,1903,1305.344805
6730.0,1875,1311.107975
6410.0,1876,1316.933794
6760.0,2009,1323.637222
6840.0,1920,1329.984736
7190.0,1988,1336.227367
5490.0,1728,1352.785944
7370.0,2002,1358.959489
6170.0,1956,1365.301093
5540.0,1778,1370.722496
5150.0,1591,1375.699665
4970.0,1496,1380.49552
6940.0,1933,1386.15336
5830.0,1808,1403.374976
6990.0,1969,1409.746144
5090.0,1682,1415.091269
6580.0,1927,1420.946802
6740.0,1963,1427.702728
6790.0,1943,1433.90795
4100.0,1366,1438.232708
6750.0,1933,1454.93592
6960.0,1954,1461.140424
5120.0,1739,1466.486563
7780.0,2654,1474.962336
6730.0,1947,1481.375538
6670.0,1975,1487.400192
6270.0,1855,1492.415552
6350.0,1882,1510.598199
6300.0,1831,1516.089666
6800.0,1963,1522.672273
6820.0,1934,1529.106696
6430.0,1946,1535.100896
6760.0,1978,1540.341055
5250.0,1792,1546.125357
6920.0,1885,1563.034323
6810.0,1981,1569.476314
6910.0,1968,1576.055031
4720.0,1716,1581.070333
6580.0,1938,1586.640749
6950.0,1964,1592.73235
7120.0,1945,1610.050469
6980.0,1959,1616.472838
6600.0,1873,1622.577889
7220.0,2053,1628.890104
6110.0,2050,1634.399036
5290.0,1698,1639.966265
5800.0,1912,1645.67647
7020.0,2034,1662.940793
5960.0,1891,1669.578282
6920.0,1984,1676.307105
7450.0,2469,1683.967607
6290.0,1887,1689.973846
5600.0,2115,1696.685857
6820.0,1921,1714.820406
6320.0,1946,1720.603321
7320.0,2011,1727.319324
7180.0,1991,1733.677283
7080.0,1977,1740.160554
7360.0,1932,1745.817261
6290.0,1931,1751.919575
5550.0,1607,1769.33687
7050.0,1951,1775.815525
7100.0,1952,1782.251639
5680.0,1986,1788.229469
7100.0,1973,1794.668471
6210.0,1929,1800.964155
6760.0,1954,1818.918459
6850.0,1975,1824.906709
6970.0,1948,1831.291246
7270.0,1970,1838.102453
6680.0,1940,1844.197414
7970.0,2562,1851.880912
6550.0,1962,1857.539717
6970.0,1904,1876.393972
4160.0,1667,1881.901631
7100.0,1959,1888.336915
6140.0,1913,1894.10457
6730.0,1890,1899.851651
7180.0,1933,1905.371586
7540.0,2574,1926.191977
6740.0,1931,1932.047206
6720.0,1920,1938.247365
6630.0,1935,1944.534188
6480.0,1939,1950.257501
7010.0,2078,1956.51903
6920.0,1993,1962.924729
7200.0,1967,1981.449475
7000.0,1945,1987.637225
7060.0,1932,1992.980929
7120.0,1987,1999.542725
6800.0,1954,2005.105036
5690.0,1745,2010.035372
7310.0,2023,2028.433607
6740.0,1954,2034.609479
6630.0,1918,2039.729882
6950.0,1960,2045.884045
6920.0,1971,2051.791779
6810.0,1967,2057.463613
6550.0,1936,2062.983869
5650.0,1655,2080.171051
6720.0,1897,2086.027868
6390.0,1874,2092.152707
6740.0,1935,2097.758285
6950.0,1943,2103.725335
5370.0,1567,2108.309045
6880.0,1927,2114.606965
7060.0,2007,2132.372378
6710.0,1933,2138.521508
6210.0,2082,2144.382987
7480.0,1987,2150.565767
6220.0,1799,2155.498371
6770.0,1874,2161.029014
6830.0,1992,2178.119761
4990.0,1592,2183.382132
6450.0,1893,2189.149677
6810.0,1951,2195.394191
6750.0,1908,2201.442928
6270.0,1890,2206.589674
6910.0,1936,2212.515583
5780.0,1729,2230.260435
6780.0,1964,2236.783561
6960.0,1913,2242.91282
6430.0,1834,2248.136681
7200.0,2012,2254.629294
4710.0,1481,2259.075932
5400.0,1638,2263.769126
6950.0,1964,2282.927476
6820.0,1977,2288.972107
8180.0,2693,2297.852214
6160.0,2063,2303.998212
6770.0,1956,2308.915349
7090.0,2025,2315.093426
6370.0,1804,2334.083877
7100.0,2011,2340.051203
8330.0,2628,2348.242741
8250.0,2529,2355.498534
6140.0,2164,2361.416823
6920.0,2002,2367.548035
6170.0,1909,2385.882074
6660.0,1962,2392.356118
6420.0,1930,2397.768755
7030.0,1963,2403.827802
5780.0,1830,2409.18036
6650.0,1945,2414.508821
7130.0,1938,2420.807936
6740.0,1903,2439.501067
6760.0,1966,2445.048009
6840.0,1941,2450.908543
6400.0,1928,2456.703193
5710.0,2122,2462.541748
6890.0,1902,2468.04032
6020.0,1852,2486.541488
7040.0,1915,2492.04206
7110.0,1925,2497.326412
6930.0,1987,2503.984295
4610.0,1465,2508.326885
7190.0,1950,2513.823036
6500.0,1949,2520.127018
4660.0,1474,2537.538078
6210.0,1894,2543.331804
6940.0,2008,2549.33791
6800.0,1937,2555.373782
6150.0,1882,2560.916796
7210.0,1998,2567.061777
6910.0,1937,2573.026275
4800.0,1544,2590.325701
6820.0,1960,2596.693286
7250.0,1954,2603.271195
6610.0,2019,2608.739752
6910.0,1910,2614.668595
8480.0,2635,2623.086196
6410.0,1932,2640.578111
7140.0,2025,2646.834407
6340.0,1934,2652.732506
6810.0,1956,2658.702972
7940.0,2605,2666.604365
5740.0,1982,2673.100175
6610.0,1927,2679.277279
6290.0,1956,2697.528846
5900.0,1901,2703.744448
6620.0,1956,2709.571917
8480.0,2641,2718.0103
6770.0,1930,2723.856503
6260.0,1945,2730.371943
5180.0,1872,2749.289022
6990.0,1999,2756.011563
6930.0,1923,2761.314861
7110.0,1935,2767.029943
8780.0,2713,2775.914435
5670.0,1666,2781.376697
6100.0,1944,2799.192896
6480.0,1855,2804.874769
6380.0,1929,2810.296538
7180.0,1967,2815.894258
7000.0,1978,2822.20388
6280.0,1930,2828.219111
6850.0,1959,2834.873071
7150.0,1941,2853.79715
4760.0,1557,2858.267681
6530.0,1966,2863.536899
5020.0,1600,2868.616611
7560.0,2483,2877.143853
7010.0,1971,2883.481712
6760.0,1913,2889.474288
6760.0,1936,2906.767718
6850.0,1913,2912.524909
5730.0,2080,2919.241378
6810.0,1973,2925.977795
7000.0,1970,2932.188477
6290.0,1946,2938.371978
6710.0,1914,2955.81596
6950.0,1941,2961.327799
6760.0,1970,2967.610903
7390.0,1929,2973.961449
6970.0,1985,2980.521336
6940.0,1965,2986.276632
7090.0,1976,2992.249064
6910.0,1927,3009.299631
6850.0,1916,3014.613096
6860.0,1935,3020.754941
6960.0,1931,3027.281374
4350.0,1536,3032.420077
7080.0,1968,3037.99861
7090.0,1930,3055.811168
6910.0,1934,3061.743102
6840.0,1925,3066.990571
7280.0,1948,3073.410949
7140.0,1929,3080.030956
6540.0,1862,3085.539375
6010.0,1722,3090.758877
7340.0,2012,3108.237334
5950.0,2120,3114.453919
4750.0,1877,3119.87355
5870.0,1783,3125.882375
4570.0,1431,3129.972139
4640.0,1534,3134.467708
5350.0,1990,3140.155349
5970.0,1863,3157.734644
6870.0,2010,3163.25483
7170.0,2017,3169.211358
7170.0,1940,3175.627707
6510.0,1922,3181.62511
8000.0,2697,3189.583022
3940.0,1786,3195.175221
7140.0,1940,3213.07223
5250.0,1671,3218.229267
6890.0,2023,3224.38962
6520.0,1950,3230.500812
6920.0,1929,3235.517471
7320.0,1943,3240.971995
6810.0,1948,3258.705051
7570.0,2532,3265.773025
6880.0,1933,3271.098803
6720.0,1836,3277.033523
5120.0,1590,3281.678292
6000.0,2118,3287.667397
6790.0,1946,3292.863469
6900.0,1982,3310.154666
7270.0,2007,3316.041588
6890.0,1915,3322.033396
7300.0,1938,3327.544773
6970.0,1945,3333.344098
4380.0,1462,3337.398928
8690.0,2707,3356.663275
6820.0,1977,3362.352974
7090.0,1961,3368.357729
7010.0,1957,3373.828905
6960.0,1955,3379.265274
5900.0,2057,3384.847553
6300.0,1894,3390.725718
6280.0,1970,3406.764134
7220.0,2578,3413.990623
6200.0,1924,3420.02121
4980.0,2010,3426.086841
7090.0,1987,3431.681717
7110.0,2565,3450.776326
6470.0,1953,3456.081817
5840.0,1884,3461.690971
6930.0,1952,3467.542964
6660.0,1912,3472.759785
7170.0,1986,3478.682058
4530.0,1587,3483.50782
6560.0,2614,3503.258282
6900.0,1955,3508.814196
4970.0,1633,3513.649819
6340.0,1943,3519.657134
5030.0,1881,3525.030172
6620.0,2001,3531.309837
4880.0,1455,3535.971082
6440.0,1927,3553.897712
6890.0,1970,3559.985527
6970.0,1919,3566.057431
6680.0,1987,3572.030902
5630.0,2069,3577.969301
7180.0,1984,3584.559187
6410.0,1905,3604.132881
6470.0,1900,3609.863238
6960.0,1908,3616.155688
3300.0,1412,3620.822035
7210.0,1933,3626.512739
6780.0,1941,3632.703994
6330.0,1919,3638.895859
7090.0,2613,3659.523033
6430.0,1943,3665.795764
6580.0,1937,3671.654387
4630.0,1852,3677.524137
5890.0,2108,3684.118924
6340.0,1920,3690.11994
6740.0,1929,3696.319995
5550.0,1764,3715.105427
6760.0,2018,3721.633662
7020.0,1950,3727.648611
6760.0,1962,3734.011851
7080.0,1971,3740.391991
6750.0,1946,3746.093726
6660.0,1943,3764.683565
6860.0,1975,3771.194321
5520.0,2053,3777.667369
6860.0,1967,3783.249377
5910.0,1923,3789.313515
7240.0,2004,3795.857515
6130.0,1840,3801.602233
7410.0,1969,3818.883139
6670.0,1921,3825.026896
4270.0,1431,3828.846972
5670.0,1676,3834.00113
5310.0,1676,3839.004766
4880.0,1663,3844.440463
7020.0,1994,3850.884297
6830.0,1929,3868.953702
7080.0,1909,3874.735068
6660.0,1915,3880.344763
6410.0,1954,3885.759852
6790.0,1948,3892.420788
6470.0,1896,3898.636447
6870.0,1928,3904.80196
7080.0,1967,3922.354568
7040.0,1970,3928.155711
5610.0,1824,3933.883204
6400.0,1974,3939.754724
6880.0,1978,3946.281144
5760.0,2156,3953.177687
6800.0,1949,3970.649593
6000.0,1882,3975.685286
6160.0,1833,3981.448675
6220.0,1789,3987.038357
6290.0,1923,3993.429746
6780.0,1965,4000.029263
4800.0,1967,4005.955164
6420.0,1905,4023.437829
7020.0,1956,4029.645461
6640.0,1920,4035.3075
6570.0,1961,4041.6745
7100.0,2001,4048.38368
6490.0,1894,4054.683954
6400.0,1955,4071.127277
6010.0,1903,4077.188352
4350.0,1447,4081.719703
6360.0,1993,4088.293425
6480.0,1963,4094.222108
6940.0,1978,4100.672827
6870.0,1996,4106.934
6660.0,1926,4124.507065
6840.0,1925,4130.12101
6470.0,1896,4136.268806
6820.0,2016,4142.732396
7080.0,2020,4148.955846
6620.0,1964,4154.301183
7150.0,1993,4160.108017
6810.0,1900,4177.976511
6650.0,1929,4183.753912
6780.0,1927,4190.419567
6110.0,1868,4196.756928
6550.0,1957,4202.581357
6100.0,1903,4208.573536
6680.0,1916,4225.989288
6630.0,1925,4231.480916
6990.0,1948,4237.57076
7210.0,1984,4244.280773
7080.0,1949,4250.566564
7000.0,2009,4256.673251
6510.0,1888,4263.003295
6460.0,1982,4281.763228
5520.0,1742,4286.817219
5690.0,2117,4293.18812
5950.0,1881,4299.042175
7010.0,1966,4304.750494
7020.0,1941,4310.65551
6770.0,1959,4316.620594
6440.0,1884,4334.634436
7460.0,1985,4340.495282
7150.0,1979,4346.828028
7040.0,1980,4352.845317
6610.0,1927,4358.570496
7260.0,1935,4364.213218
7200.0,1964,4381.90695
5500.0,1639,4386.694679
7110.0,1929,4392.852871
6820.0,1904,4398.451137
7170.0,1974,4404.587188
6180.0,1880,4410.302535
5390.0,1697,4414.882397
6780.0,1956,4431.21132
7360.0,1945,4437.017486
7210.0,1958,4443.106806
4940.0,1488,4447.660368
4280.0,1446,4452.005111
6940.0,1961,4457.252554
7120.0,2029,4463.030962
7460.0,1940,4480.605116
7320.0,1933,4486.670069
6680.0,1983,4492.38764
6950.0,1940,4498.670399
6630.0,1955,4504.692999
6810.0,1977,4510.348192
6660.0,1919,4515.458667
6730.0,1862,4532.473622
6650.0,1907,4538.069807
4480.0,1438,4542.420693
4250.0,1492,4547.012048
6850.0,2006,4553.035001
7170.0,1969,4558.302303
6740.0,1893,4562.968266
6340.0,1948,4581.603529
7020.0,1930,4587.364399
5400.0,1805,4592.630491
7060.0,1906,4598.710253
7380.0,2006,4604.742927
4930.0,1516,4608.379733
5380.0,1675,4613.427418
6860.0,1954,4632.625736
6570.0,1996,4638.909186
7030.0,1949,4644.933543
6500.0,1934,4651.140009
6440.0,1968,4656.437898
6890.0,2003,4662.468627
6440.0,1935,4682.050313
5590.0,1707,4687.31417
6620.0,1984,4693.476323
6180.0,1777,4698.572424
6150.0,1928,4704.504761
5790.0,2114,4710.804363
6830.0,1953,4716.979778
6570.0,1988,4734.981699
6650.0,1989,4741.161931
7110.0,1984,4746.966909
7090.0,1990,4753.238053
7040.0,1986,4759.00255
7230.0,1952,4765.042439
6560.0,1829,4771.272477
6930.0,1957,4788.52185
6580.0,1965,4794.117624
5120.0,1649,4798.7668
6820.0,1965,4805.14734
6380.0,1945,4811.203391
5950.0,1826,4816.424465
6100.0,1884,4834.615371
6660.0,1950,4840.420961
6580.0,1977,4845.836592
7330.0,2443,4853.820904
4690.0,1513,4858.489619
6890.0,1951,4864.699598
6750.0,1979,4870.604072
6210.0,1789,4887.86062
7120.0,1982,4894.10709
6830.0,1978,4899.783974
6830.0,1952,4905.846965
6980.0,1915,4911.582351
6400.0,1837,4916.932825
6790.0,1976,4923.48456
6660.0,1895,4941.509171
6630.0,1922,4947.133617
6130.0,1906,4953.287297
6020.0,1836,4958.465638
6680.0,1922,4964.297763
6960.0,1948,4970.680465
6240.0,1863,4987.904237
6970.0,1941,4994.071772
6740.0,1898,5000.045527
6950.0,1966,5005.921213
6910.0,1954,5011.93684
6330.0,1816,5017.85522
5060.0,1596,5022.631977
6780.0,1907,5040.16524
6890.0,1951,5046.453035
4920.0,1599,5051.366633
6820.0,1942,5057.469736
6780.0,2005,5062.776084
7130.0,1980,5068.561479
6990.0,1985,5075.188851
6850.0,2015,5092.687079
6760.0,1966,5098.940611
7100.0,1914,5104.549344
6100.0,1801,5109.987264
5270.0,1890,5115.014259
6550.0,1894,5121.064641
6740.0,1897,5127.448394
3110.0,1245,5144.384771
7140.0,1986,5150.778594
6360.0,1933,5156.296159
7030.0,1967,5161.898289
6240.0,1954,5167.802916
6700.0,1911,5173.687888
7120.0,1958,5180.245368
4540.0,1803,5198.36721
6750.0,1943,5203.712406
4520.0,1485,5208.061979
7120.0,1984,5214.008662
7040.0,1924,5220.346639
7000.0,1960,5226.2681
6850.0,1932,5245.393834
5070.0,1488,5249.913852
6410.0,1897,5255.074287
6870.0,1939,5261.166534
6590.0,1920,5267.139658
4030.0,1448,5271.16369
5460.0,1709,5276.955395
7060.0,1948,5282.783251
7060.0,1954,5299.892907
6920.0,1931,5305.580736
4920.0,1599,5310.565649
6730.0,1893,5315.786271
7180.0,1945,5321.818637
6450.0,1931,5328.233098
6890.0,1943,5345.435192
5750.0,2091,5351.361909
6530.0,1918,5356.961269
5420.0,1913,5362.868716
6370.0,1839,5368.294426
5430.0,1667,5373.814135
7130.0,1978,5379.93791
7070.0,1955,5398.08779
7090.0,1988,5403.900076
3670.0,1381,5408.330287
7140.0,1949,5414.15708
7010.0,1954,5420.219923
6910.0,1937,5426.449083
7580.0,1976,5432.573705
6800.0,1923,5450.802805
6750.0,1929,5457.20119
7010.0,1996,5463.619375
6930.0,1963,5469.202222
7050.0,1937,5475.337629
6150.0,1952,5481.47203
7370.0,1952,5486.838279
6660.0,1891,5504.249789
6920.0,1917,5510.638565
7070.0,1930,5516.338302
6880.0,1910,5522.348706
6810.0,2004,5528.651639
6290.0,1899,5534.145419
6880.0,1970,5552.129496
4750.0,1582,5557.022235
6650.0,1957,5563.085664
7080.0,1901,5569.227389
6910.0,1957,5574.653298
6870.0,1918,5580.671014
6570.0,1935,5587.07106
7180.0,1976,5604.367255
6770.0,1952,5610.757106
6230.0,2338,5618.235549
6630.0,1972,5623.4187
7160.0,1991,5629.804159
5290.0,1693,5635.161615
6970.0,1942,5641.678145
6380.0,1893,5659.593642
7280.0,1932,5665.001575
5730.0,1785,5670.257476
5780.0,1703,5675.121689
7320.0,1973,5681.369045
6940.0,1959,5687.110659
6150.0,1725,5705.704687
6580.0,1895,5711.331289
4040.0,1414,5715.627192
6620.0,1923,5721.484263
7070.0,1931,5727.012951
6700.0,1967,5733.605914
6840.0,1939,5740.182821
6560.0,1901,5757.549749
5370.0,1686,5762.970658
7130.0,1998,5768.862966
6370.0,1843,5774.832316
7040.0,1974,5781.254272
7060.0,2005,5787.762526
4770.0,1629,5792.749118
5910.0,1869,5809.493821
6830.0,1928,5815.867503
7050.0,1956,5822.234261
6840.0,1939,5827.916299
5070.0,1661,5833.175768
6790.0,1910,5839.640789
6480.0,1888,5845.676148
6560.0,1901,5863.240676
6910.0,1946,5869.708173
6340.0,1833,5875.125633
6780.0,1947,5881.340294
4220.0,1843,5887.523616
6190.0,1956,5893.275218
7190.0,1945,5899.235193
5220.0,1664,5916.4778
6790.0,1951,5922.93613
5910.0,1786,5928.326787
6690.0,1938,5934.594695
6940.0,1969,5941.259539
6400.0,1920,5946.784817
6450.0,2413,5966.017333
6940.0,1908,5972.456774
7010.0,1958,5978.352961
7410.0,1943,5984.533658
6460.0,2014,5990.995151
6900.0,1963,5997.286336
6800.0,1901,6002.80252
6380.0,1910,6020.857253
7050.0,1978,6027.149338
7150.0,1959,6033.220838
6690.0,1928,6038.934019
6770.0,1962,6045.119649
6810.0,1972,6051.264298
7010.0,1954,6067.657432
6860.0,2017,6073.669462
6250.0,2171,6080.949535
6570.0,1954,6086.333851
7150.0,1994,6092.3982
6350.0,1930,6098.306864
5090.0,1559,6103.050264
6330.0,1940,6121.79741
6440.0,1974,6127.790912
6690.0,1897,6133.14081
3370.0,1246,6136.500797
6190.0,1958,6142.819114
7600.0,2621,6151.153481
6600.0,1989,6157.398053
6630.0,1907,6176.050599
5640.0,2065,6181.822355
7110.0,1959,6188.112152
7500.0,2043,6194.822029
7670.0,1987,6201.104606
6680.0,1924,6206.753191
6590.0,1915,6226.005478
7160.0,1934,6232.033804
6800.0,1931,6237.517841
4430.0,1464,6242.412957
6380.0,1980,6249.077059
6640.0,1960,6255.192682
7020.0,2026,6261.753214
6480.0,1907,6280.28284
6780.0,1952,6286.476066
7140.0,1994,6293.120504
6370.0,1875,6299.125616
6310.0,1929,6305.301051
6940.0,1952,6311.390659
5920.0,2100,6330.416257
6740.0,1942,6335.879025
6470.0,1939,6341.989792
5940.0,1875,6348.33003
7150.0,1946,6354.187145
6700.0,1916,6360.272779
7280.0,1968,6366.235129
6170.0,1904,6383.68574
6920.0,1945,6389.290319
5600.0,1746,6395.236265
6670.0,1927,6401.082575
7050.0,1946,6406.905038
6740.0,1906,6412.488184
6670.0,1935,6418.173082
7220.0,1945,6436.682879
6840.0,1908,6442.608464
6910.0,1943,6448.66174
6920.0,1929,6454.635364
7090.0,1940,6460.178372
4460.0,1747,6465.482924
6780.0,1977,6483.803123
6590.0,1951,6489.965559
6590.0,1945,6495.88924
7210.0,1977,6502.135684
7010.0,1966,6507.957361
7010.0,1985,6514.352687
6580.0,1922,6519.984271
7070.0,1888,6538.675838
6120.0,1896,6544.695487
4630.0,1722,6550.559578
6990.0,2012,6556.959536
5090.0,1590,6561.848209
6360.0,1931,6567.838612
7120.0,1948,6574.07537
6830.0,1984,6591.380781
6340.0,1843,6596.886513
6570.0,1944,6603.242908
5240.0,1669,6608.507226
6710.0,1939,6614.743848
7040.0,1945,6620.93444
6790.0,1966,6626.66285
7360.0,1960,6644.356572
6890.0,1910,6650.715992
6330.0,1914,6656.287393
6430.0,1935,6662.306706
6570.0,1953,6668.635078
6650.0,1909,6674.16764
6600.0,1923,6691.935392
7070.0,1944,6698.562299
7150.0,2007,6705.134174
6930.0,1941,6710.83206
6970.0,1978,6716.92433
7000.0,1921,6723.156655
8040.0,2604,6742.154802
7280.0,1966,6748.578651
5200.0,1676,6753.800672
5970.0,1820,6759.385676
5080.0,1627,6764.514931
6990.0,1940,6770.572522
6890.0,1969,6776.965409
7340.0,1905,6794.215485
5610.0,1940,6800.773293
7520.0,2019,6807.21447
7540.0,1933,6813.254323
6420.0,1925,6818.73494
6860.0,1951,6825.002919
7100.0,1958,6831.336408
7180.0,2007,6849.387845
6280.0,1869,6854.997546
6830.0,1923,6861.362545
6640.0,1926,6866.851871
6790.0,1954,6872.750375
7160.0,1941,6879.127769
6730.0,1955,6885.634851
6400.0,1848,6903.169856
6450.0,1948,6909.407862
5490.0,2054,6915.431082
6990.0,1950,6921.447623
6410.0,1891,6927.348651
7150.0,1952,6933.888542
6840.0,2014,6951.516633
6500.0,1924,6957.202426
6650.0,1985,6962.905821
6780.0,1908,6968.813672
6830.0,1984,6975.338567
6910.0,1932,6981.48627
6730.0,1966,6988.000824
7020.0,2721,7007.736167
7170.0,1954,7013.388607
6190.0,1896,7019.641367
6600.0,1913,7025.360787
6200.0,1910,7031.680934
6370.0,1921,7037.728779
5220.0,1662,7054.682126
6590.0,1930,7059.685528
5790.0,1680,7065.021529
6560.0,1893,7070.73183
6680.0,1862,7077.041229
6880.0,1940,7083.086751
6430.0,1941,7089.513648
4400.0,1608,7104.864662
6860.0,1919,7110.785356
6560.0,1919,7116.234842
6840.0,1944,7122.632377
7130.0,1942,7129.105628
7540.0,1981,7135.822585
6730.0,2220,7142.676953
3750.0,1664,7160.018313
6740.0,1946,7166.148749
6040.0,1912,7171.85336
7060.0,1965,7178.443749
6780.0,1951,7184.871541
6770.0,1935,7190.41027
6570.0,1936,7207.91087
5030.0,1684,7213.192898
6320.0,1951,7219.581321
6390.0,1931,7226.043521
6850.0,1927,7232.048331
6760.0,2033,7238.411532
5010.0,1562,7243.129869
6150.0,1960,7261.264436
7040.0,1963,7267.68646
7100.0,2001,7274.0417
7160.0,2456,7281.751852
7090.0,2535,7289.304259
6640.0,1951,7294.973759
7020.0,1997,7314.507978
4740.0,1465,7318.825461
4700.0,1446,7323.363076
6750.0,1981,7330.030559
5350.0,1989,7336.278769
3040.0,1206,7339.594598
6450.0,1919,7345.761325
6640.0,1905,7351.673529
6690.0,1908,7369.722277
5700.0,2080,7376.2713
6940.0,2025,7382.603944
7140.0,2021,7388.923436
7130.0,1972,7394.583757
7110.0,2019,7401.094208
6380.0,1960,7418.785806
6990.0,1971,7424.975313
5070.0,1994,7430.78477
7110.0,1986,7437.301828
6930.0,1992,7443.480669
7010.0,1979,7449.77202
7220.0,2050,7468.300064
6860.0,1923,7473.867383
6850.0,1914,7479.994469
6710.0,1977,7486.405453
7450.0,1989,7492.601296
6890.0,1944,7498.193248
6640.0,1902,7504.151708
6760.0,1951,7521.546008
6920.0,1931,7527.206738
6880.0,1942,7533.546835
6390.0,1929,7539.576662
6580.0,1914,7544.960008
5890.0,1966,7550.697918
4790.0,1459,7555.135284
5230.0,1675,7570.700013
7100.0,1981,7576.769639
6720.0,1916,7582.719942
5890.0,2128,7588.977708
5590.0,2021,7595.252362
6970.0,1984,7601.088322
6900.0,1963,7618.449022
5040.0,1608,7623.454128
6630.0,1935,7629.97474
6190.0,1915,7635.934881
6140.0,1897,7641.975827
7320.0,2005,7648.147077
6580.0,1947,7654.065283
6960.0,1939,7670.110513
6470.0,2001,7676.294938
6520.0,2213,7683.184399
6780.0,1880,7689.226144
7360.0,1998,7695.727645
7060.0,1988,7702.088539
6740.0,1930,7707.523883
7150.0,2423,7727.284888
7360.0,1967,7733.811126
6950.0,1939,7739.450557
6490.0,1935,7745.625234
4950.0,1770,7751.053013
7050.0,1945,7756.680275
6930.0,2406,7775.500074
7080.0,2020,7781.635876
7970.0,2546,7789.381837
4460.0,1442,7794.002718
5970.0,1892,7799.915289
7110.0,1958,7804.916494
6990.0,1977,7823.001892
6820.0,1931,7829.48069
6360.0,1947,7836.045608
7010.0,1976,7841.640543
6780.0,1935,7847.711107
6470.0,1920,7853.469008
6320.0,1892,7858.810476
6020.0,2115,7878.150043
6890.0,1967,7884.709588
6980.0,2015,7891.094478
6720.0,1949,7896.920843
6690.0,1939,7902.572331
5470.0,1700,7908.090573
7040.0,1974,7928.25539
3980.0,1479,7933.112732
6840.0,1978,7939.359565
5450.0,2002,7944.876121
5370.0,1952,7950.39068
5970.0,1958,7956.662088
6420.0,1942,7962.809293
6720.0,1965,7980.999598
6920.0,1984,7986.740074
6510.0,1951,7992.165407
6940.0,2003,7998.227199
6910.0,1988,8004.654952
4360.0,1673,8009.623094
4920.0,1457,8014.139586
5660.0,1923,8034.454086
6150.0,1864,8039.934482
6580.0,1933,8045.926262
6140.0,1898,8051.608854
6130.0,1952,8057.848958
6820.0,1948,8064.085821
6400.0,1934,8069.750826
5750.0,2408,8088.982393
7230.0,1945,8095.126282
6990.0,1954,8101.381312
6690.0,1942,8107.123153
4830.0,1960,8113.31221
6740.0,1978,8119.7306
4680.0,1587,8137.454351
6200.0,1924,8143.024308
7490.0,2693,8151.849648
6750.0,1951,8157.777638
7430.0,2068,8164.182636
6750.0,1984,8170.33652
6660.0,1949,8188.859933
6820.0,1933,8194.484832
6910.0,1942,8200.525212
6580.0,1948,8206.959804
6630.0,1959,8212.927518
4710.0,1622,8217.54519
7390.0,2628,8225.331525
6750.0,1926,8243.313692
6270.0,1942,8249.460173
5850.0,1952,8255.884603
6560.0,1950,8261.728452
6820.0,2030,8267.311604
6540.0,1954,8273.070232
6240.0,1949,8292.04438
6780.0,1940,8298.104905
6940.0,1946,8303.766979
6320.0,1946,8309.577787
5260.0,2137,8315.149333
6790.0,1959,8320.822932
6550.0,1905,8327.052814
6160.0,2133,8347.116996
7070.0,1942,8352.838304
6500.0,1952,8358.953421
8000.0,2985,8367.763107
7140.0,1980,8374.367781
7140.0,2013,8380.389152
4430.0,1452,8397.50114
6860.0,1982,8403.469956
7470.0,2470,8410.507253
6850.0,1972,8416.089154
8970.0,3205,8426.85303
4680.0,2096,8447.618775
7080.0,1964,8452.979046
6970.0,1919,8458.485262
4710.0,1583,8463.025475
6020.0,2105,8468.985279
6950.0,1975,8475.322103
6100.0,1928,8481.338238
5580.0,1934,8499.198139
6650.0,1930,8505.013675
5520.0,1917,8510.902572
6040.0,1965,8516.814742
6860.0,1906,8523.288955
6710.0,1961,8529.888419
7060.0,1976,8536.66965
6920.0,1974,8555.850274
6750.0,1970,8561.649832
5960.0,1907,8567.278679
4900.0,1623,8572.442179
6810.0,1927,8578.515915
7220.0,3609,8590.205195
6490.0,1936,8608.356297
7680.0,2557,8615.950801
6040.0,1803,8621.398566
6760.0,1899,8627.557226
7190.0,1944,8633.773308
7240.0,1979,8639.865787
4380.0,1469,8656.635902
6290.0,1934,8662.349925
6780.0,1928,8668.306557
7790.0,2571,8676.209965
5430.0,1720,8681.430833
4820.0,1553,8686.24181
6420.0,1989,8692.567858
6900.0,1979,8709.952657
6890.0,1940,8715.672673
7020.0,1958,8721.80109
7480.0,2000,8727.921948
6830.0,1952,8733.424919
6810.0,1947,8739.927619
5130.0,1933,8758.521707
6770.0,1940,8764.526836
6980.0,1994,8770.437146
6880.0,2019,8776.526532
6820.0,1963,8782.93075
6420.0,1912,8789.315067
6730.0,1974,8795.213891
6500.0,1913,8814.003193
5860.0,2096,8820.159961
6830.0,1900,8826.35128
6750.0,1967,8832.487338
7550.0,1960,8839.172593
6080.0,1892,8845.465447
7020.0,1942,8862.095031
7540.0,1958,8867.493026
6890.0,1939,8873.809185
4720.0,1476,8878.678887
6100.0,1944,8884.907995
7220.0,1944,8891.556937
6690.0,2005,8898.350052
6910.0,1952,8915.69132
6910.0,1928,8921.17292
7090.0,1980,8927.848663
7200.0,1971,8934.452529
6970.0,1996,8940.990719
6660.0,1923,8946.841535
5990.0,2088,8953.718934
7040.0,1954,8970.817725
4070.0,1409,8975.455627
7320.0,1994,8981.55315
6680.0,1973,8988.19806
6050.0,2036,8994.918371
4630.0,1486,8999.978379
6300.0,1937,9006.298617
6210.0,1804,9022.667535
6910.0,1935,9029.323769
7360.0,1977,9035.621181
6290.0,1941,9042.116907
6560.0,1947,9048.693513
6260.0,1915,9054.911324
6600.0,1939,9071.087213
6810.0,1973,9077.547199
8130.0,2660,9086.101905
6950.0,1971,9092.433114
6270.0,1991,9098.676975
7180.0,1952,9104.475581
6720.0,1935,9122.0939
6710.0,1942,9128.63561
6320.0,1917,9134.730533
6400.0,1929,9141.107275
5460.0,1755,9146.63607
6350.0,1965,9152.909651
7820.0,2695,9161.387622
4580.0,1595,9177.972028
6970.0,1974,9184.607165
6390.0,2006,9191.142059
6020.0,1927,9197.310935
6790.0,1994,9203.522681
8210.0,2616,9212.040544
7020.0,1962,9229.945025
6690.0,1973,9236.581022
6100.0,1899,9242.645673
5290.0,1709,9248.190688
6880.0,1933,9254.67214
6900.0,1943,9260.414614
6920.0,1925,9265.86505
6770.0,1964,9284.335225
6580.0,1992,9290.257227
6290.0,1889,9296.477748
5170.0,1626,9301.633139
6300.0,1903,9307.815868
6660.0,2002,9313.733409
5820.0,1768,9318.676431
7100.0,1976,9336.291166
6740.0,1976,9342.488939
7040.0,1906,9348.877402
6890.0,1952,9355.525442
6370.0,1914,9361.11455
6380.0,2292,9367.932242
7180.0,1965,9386.122332
6250.0,1936,9392.415137
6710.0,1960,9399.044856
6260.0,1907,9405.505637
6930.0,1941,9411.145772
7000.0,1942,9416.756123
4770.0,1498,9420.991817
3760.0,1276,9435.929888
6720.0,1921,9442.348052
5150.0,1687,9447.847273
6660.0,1942,9454.451412
7320.0,1956,9460.616922
6630.0,2022,9465.829037
6620.0,1909,9471.212684
6820.0,1966,9490.761575
6730.0,1936,9496.850234
6420.0,1956,9503.456091
6530.0,1872,9509.65645
7040.0,2050,9515.287583
6730.0,1988,9520.262204
6050.0,1975,9538.348289
7080.0,1915,9544.875876
6170.0,1861,9550.7125
6910.0,1943,9557.202068
4950.0,1463,9561.491171
6700.0,2001,9567.113815
6860.0,1957,9572.729539
6610.0,1949,9591.147624
5970.0,1807,9597.630288
5480.0,1939,9603.873538
6670.0,1899,9609.792077
7280.0,2482,9616.938434
5100.0,1618,9621.680524
7110.0,2023,9628.303909
6860.0,1926,9646.34324
6930.0,1930,9652.610357
7650.0,2568,9660.643513
6670.0,1973,9666.397624
7320.0,2023,9672.033182
6830.0,1911,9678.066337
7030.0,1940,9695.029404
5100.0,1663,9700.456642
6550.0,1975,9706.899422
2100.0,1004,9710.014167
7140.0,2005,9715.517008
7020.0,1965,9721.363175
4980.0,1470,9726.076663
6420.0,1822,9731.814506
5710.0,1914,9749.627256
7260.0,2015,9756.392577
6920.0,1913,9762.392198
6940.0,1958,9767.772553
6760.0,1931,9773.955472
4940.0,1567,9779.207715
6520.0,1999,9798.750303
6700.0,1914,9804.731597
6820.0,2582,9812.980044
6920.0,1947,9818.517579
4300.0,1438,9822.869769
6360.0,1953,9829.178716
6070.0,1857,9834.706682
5030.0,1650,9850.852329
6060.0,1851,9857.114784
6610.0,1947,9862.858615
6680.0,1919,9868.449583
6590.0,1955,9874.251065
6370.0,1915,9879.879814
6200.0,1922,9886.048702
6750.0,1940,9905.012516
6740.0,1931,9911.282594
6570.0,1957,9916.361118
6670.0,1881,9921.676877
7160.0,1967,9927.511748
6520.0,1800,9932.890162
6990.0,1978,9951.666597
7050.0,1995,9958.310125
6320.0,1861,9963.616235
5450.0,1756,9968.515427
6930.0,1965,9973.211526
6900.0,1958,9978.907635
7350.0,2017,9985.513396
6940.0,1933,10003.7221
6770.0,1886,10009.561928
6290.0,1995,10015.565947
3530.0,1440,10019.362387
7070.0,1993,10024.542721
7090.0,1963,10030.032548
7100.0,1935,10036.062254
6760.0,1886,10053.720842
7590.0,1988,10059.737057
7000.0,1974,10065.273814
6930.0,1916,10070.391162
5150.0,1668,10074.845284
6960.0,1951,10080.899203
6220.0,1848,10086.220282
6680.0,1923,10103.62748
6640.0,1980,10109.907973
6660.0,2001,10115.009789
4240.0,1782,10120.036119
5880.0,1976,10126.024136
6000.0,1936,10131.147093
6350.0,1975,10148.562652
7130.0,1994,10154.625663
6990.0,1960,10159.948794
6070.0,1792,10164.765196
6280.0,1920,10170.487095
6450.0,1980,10176.262642
6550.0,1887,10182.182428
6920.0,1966,10198.88748
6460.0,1903,10203.88588
6360.0,1909,10209.203256
6640.0,1921,10214.590482
6170.0,1923,10219.97767
6420.0,1948,10225.994279
5310.0,1716,10231.034142
6460.0,1914,10247.850405
5520.0,1694,10252.805487
6760.0,1924,10258.235024
6430.0,1892,10263.703219
4550.0,1504,10267.877138
5980.0,1877,10273.877927
6860.0,1968,10279.83041
6210.0,1950,10294.579997
6550.0,1934,10300.604117
5060.0,1585,10305.092129
5890.0,1950,10310.711603
6610.0,1898,10316.216342
3200.0,1238,10320.177295
9010.0,3264,10340.690075
7060.0,1925,10346.576456
7160.0,1931,10351.843437
7040.0,2011,10357.755392
4300.0,1455,10362.137794
7850.0,2572,10370.216542
7060.0,1981,10376.057108
4890.0,1716,10392.116509
6300.0,1929,10397.808203
6830.0,1980,10403.264516
7020.0,1994,10409.551232
7500.0,2042,10416.191876
6160.0,2004,10422.069531
6850.0,1969,10438.854103
8880.0,3082,10448.006861
6460.0,1951,10453.004338
6040.0,1884,10459.029661
5660.0,1804,10464.59982
6270.0,1921,10470.502061
6180.0,1916,10488.623798
4760.0,1550,10493.110144
6790.0,1984,10498.262534
6340.0,1956,10504.0081
5250.0,2021,10509.614279
6790.0,1959,10515.160874
6410.0,1939,10520.691127
6920.0,1976,10537.735014
6900.0,1951,10543.677718
6660.0,1947,10549.312583
6900.0,1952,10554.37591
6950.0,1970,10560.091375
6760.0,1960,10566.502795
6480.0,1866,10572.001724
6460.0,1932,10590.438843
5460.0,1659,10594.727059
6510.0,1904,10600.113026
6810.0,1936,10605.771455
6790.0,1947,10611.896445
5820.0,2195,10618.738872
6890.0,1986,10636.495836
6120.0,1960,10641.645854
6980.0,2055,10647.511592
6720.0,2000,10653.932517
6270.0,2158,10660.266633
4560.0,1449,10664.607319
6620.0,1919,10669.958845
6740.0,1934,10686.647775
5250.0,1765,10691.096574
6600.0,1925,10696.978444
6730.0,1997,10703.143722
6930.0,1947,10708.937369
6390.0,1940,10714.726323
4800.0,1601,10719.590807
6540.0,1946,10737.016166
6600.0,1944,10742.613015
6870.0,2000,10748.24577
5720.0,1943,10754.292895
6760.0,1967,10760.737745
6680.0,1970,10767.083712
7060.0,1992,10784.977325
5980.0,2599,10792.628728
6940.0,2003,10798.972197
5390.0,1931,10805.189111
5900.0,2484,10812.929246
6230.0,1943,10818.450147
6480.0,1978,10836.361384
7010.0,1989,10842.188148
6720.0,1948,10848.252275
5340.0,1775,10853.415525
4730.0,1485,10858.010602
6080.0,1918,10863.55936
6550.0,1937,10868.7217
6720.0,1946,10886.459348
6740.0,1901,10892.748626
7250.0,2453,10899.875028
6430.0,1920,10905.731233
5900.0,1816,10911.029375
6770.0,1979,10917.102193
6730.0,1938,10934.888739
5830.0,1868,10940.566537
6870.0,1987,10946.748533
6890.0,1904,10952.207363
6400.0,1941,10957.685787
6190.0,1812,10962.93463
6180.0,1927,10969.136997
7100.0,1955,10984.418808
6010.0,1886,10990.331718
7350.0,2597,10997.590428
6420.0,1870,11003.054826
6780.0,1948,11008.796348
5540.0,1923,11014.936661
2100.0,972,11017.873806
7210.0,1952,11035.284049
6650.0,1957,11041.118005
6380.0,1938,11046.633726
6930.0,1929,11052.415339
7160.0,1972,11058.158344
6720.0,1971,11064.239328
5320.0,1783,11069.573299
6700.0,1957,11086.118163
6710.0,1961,11091.741032
7200.0,1955,11097.869143
6780.0,1922,11103.387944
6940.0,1914,11109.359844
6820.0,1918,11115.358161
6970.0,1993,11132.45055
5990.0,1786,11137.733602
6880.0,1927,11144.307025
6650.0,1949,11150.298913
6160.0,1951,11156.38404
6690.0,1959,11162.520063
5410.0,1744,11167.962713
6790.0,1943,11185.971545
7350.0,1972,11192.149079
6970.0,1978,11197.699081
5980.0,1836,11203.395956
5630.0,1771,11208.821385
6670.0,1911,11215.177119
8080.0,2566,11235.058836
7130.0,1952,11241.09741
6910.0,1983,11247.35222
6540.0,1913,11253.470605
5550.0,1656,11258.355521
6830.0,1929,11264.357264
4870.0,1538,11269.020644
5500.0,1730,11285.870141
7100.0,1965,11292.191244
6720.0,2421,11299.242327
6560.0,1916,11305.606527
4650.0,1515,11310.469929
6660.0,1875,11315.808867
4890.0,1769,11321.551047
6040.0,1883,11337.554802
7010.0,1954,11343.534707
5760.0,1901,11349.48212
8500.0,2666,11357.734779
6240.0,2459,11365.102602
7260.0,1969,11370.85337
6600.0,1903,11389.097729
6360.0,1945,11395.267544
7060.0,1997,11400.947209
6640.0,1954,11406.88677
7020.0,1980,11412.619483
5980.0,1783,11417.890041
6700.0,1944,11424.206034
6860.0,1880,11443.009993
5590.0,1701,11448.076802
6970.0,1936,11453.55991
7060.0,2016,11459.009312
7090.0,1945,11465.179122
5600.0,1995,11471.695004
6700.0,1955,11489.420616
6920.0,1994,11495.307838
8130.0,2635,11503.071447
6870.0,1914,11509.403553
6470.0,1902,11515.689575
7210.0,1995,11522.237749
4330.0,1464,11526.299422
6540.0,1896,11543.793352
7060.0,1971,11549.68407
6820.0,1953,11555.524249
7310.0,1972,11561.922015
6830.0,1957,11568.043147
6950.0,1928,11573.580293
6180.0,1931,11591.587141
7120.0,2038,11597.511783
9110.0,2734,11606.189722
6640.0,1904,11612.134922
6780.0,1988,11618.176695
6910.0,1948,11623.535702
6690.0,1950,11629.338756
6150.0,1832,11646.221434
6620.0,1871,11651.381482
6720.0,1943,11657.722289
7180.0,2428,11665.816354
7320.0,2000,11671.454783
6740.0,1953,11677.103903
6000.0,1875,11694.947301
5550.0,1753,11700.123302
6870.0,1921,11706.394327
6600.0,1948,11712.202208
6780.0,1969,11718.456147
5620.0,1806,11723.976762
6070.0,1782,11728.818315
5000.0,1557,11745.128453
7030.0,1951,11751.556263
6830.0,1957,11756.991596
5340.0,1608,11762.108876
5150.0,1682,11768.048597
6200.0,1908,11773.686783
7110.0,1940,11779.015595
6240.0,1897,11797.868358
6980.0,1929,11803.726593
6820.0,1938,11810.075839
5900.0,1875,11815.724957
6760.0,1935,11821.992408
6770.0,1892,11827.102083
6490.0,1938,11831.937016
6610.0,1962,11849.534383
6460.0,1892,11856.068021
7290.0,1997,11862.732786
7270.0,2022,11868.974806
7280.0,1976,11874.89269
6150.0,1814,11880.057124
6990.0,1913,11896.982327
7030.0,1922,11903.550785
4730.0,1427,11908.328395
5590.0,1704,11913.790008
7100.0,1970,11920.062026
7080.0,1954,11925.779764
6210.0,2128,11932.055091
7990.0,2613,11952.1137
6960.0,1971,11958.409352
5730.0,1933,11964.238179
7510.0,2008,11970.670814
5920.0,1900,11976.481298
5420.0,1805,11982.029548
6020.0,1833,11987.022579
6680.0,1895,12004.860194
4520.0,1474,12009.221506
6770.0,1922,12015.415402
4880.0,1586,12020.434244
6860.0,1929,12026.742333
7010.0,2014,12032.837732
6790.0,1917,12037.983173
6890.0,1996,12055.585525
6140.0,1844,12061.770241
6820.0,1995,12068.113751
4900.0,1605,12073.525926
6490.0,1972,12080.378623
7020.0,1956,12086.718479
6450.0,1949,12103.70173
6870.0,1925,12109.688964
6510.0,1902,12116.479096
7100.0,1973,12123.286231
6670.0,1986,12129.463972
6770.0,1948,12135.992448
5970.0,1853,12142.007658
7070.0,1937,12158.985347
7440.0,1952,12165.681327
7340.0,1950,12172.456868
6500.0,1880,12178.59355
5870.0,1890,12185.110575
6540.0,1952,12191.096905
6790.0,1991,12197.108333
7090.0,1969,12215.134439
5530.0,1730,12221.214862
6820.0,1978,12227.335034
7050.0,1949,12233.816193
6420.0,1950,12240.116208
5780.0,1885,12245.938652
3820.0,1406,12250.152836
6350.0,1929,12269.717518
6970.0,2027,12276.472426
6910.0,2407,12283.837903
6610.0,1947,12290.00038
7010.0,1969,12295.708513
6860.0,1965,12301.670543
6740.0,1946,12321.266097
7120.0,1972,12327.951404
6690.0,1943,12334.615285
6080.0,1917,12340.225191
9570.0,3126,12349.617968
5080.0,1607,12354.916376
6950.0,1935,12372.344995
7180.0,1996,12379.131725
6160.0,1953,12385.887839
7160.0,1980,12391.703234
6310.0,1946,12397.847972
7220.0,1981,12404.640772
6910.0,1950,12411.265784
6960.0,1902,12428.359745
6110.0,1957,12435.19758
6790.0,1962,12441.349371
6750.0,1951,12446.944071
5380.0,1846,12453.203574
7300.0,1969,12459.838755
5900.0,1705,12479.738579
4480.0,1650,12484.921734
4840.0,1529,12489.862942
6890.0,1934,12496.022363
6520.0,1899,12501.768852
6560.0,1958,12508.190247
7120.0,1945,12514.776913
6370.0,1928,12533.048417
5960.0,1920,12539.497178
6640.0,1950,12545.681114
6410.0,1896,12551.50597
4940.0,1627,12557.268569
6680.0,1977,12563.344201
4530.0,1598,12568.513289
6570.0,1954,12586.090412
7110.0,1948,12591.782238
7080.0,1979,12597.424778
5040.0,1540,12602.500574
6470.0,1892,12608.85604
7890.0,2580,12616.911338
5180.0,1778,12622.621856
6950.0,1958,12638.965495
7050.0,1939,12644.589874
6490.0,1928,12650.151767
7930.0,2627,12659.198395
4760.0,1455,12663.395325
6630.0,1913,12669.82175
6900.0,1948,12686.303659
6290.0,2110,12692.331612
3680.0,1643,12697.406189
6820.0,1975,12704.067474
5230.0,1791,12709.771853
4750.0,1602,12714.970254
4620.0,1511,12719.685254
6310.0,2113,12736.855673
7190.0,1989,12742.450529
2180.0,962,12745.274141
6950.0,1942,12751.063842
6920.0,1950,12757.524211
6990.0,1955,12763.913609
7040.0,1966,12769.949884
6350.0,1938,12787.505518
5150.0,1641,12792.065657
6560.0,1945,12798.044201
6940.0,1938,12804.223953
7160.0,1925,12809.897842
6690.0,1901,12816.115208
7130.0,1951,12822.326243
5370.0,1888,12838.483075
7050.0,1967,12844.395193
6820.0,1989,12850.423057
6970.0,1986,12856.305084
7180.0,1937,12862.858248
7200.0,2031,12869.235768
6550.0,1945,12875.26502
6470.0,1900,12891.199632
6550.0,1925,12896.835332
6620.0,1963,12903.041703
5540.0,1708,12908.126786
6360.0,1880,12914.220816
6940.0,1972,12919.899366
6580.0,2330,12938.896283
6660.0,1873,12944.189822
5650.0,1770,12949.974724
7300.0,1915,12955.568045
6800.0,1964,12961.733197
6640.0,1955,12967.974275
6810.0,1926,12973.683074
6560.0,1955,12991.049597
6540.0,1948,12997.045288
4940.0,1529,13001.851948
5570.0,1700,13007.042362
5160.0,1729,13012.557711
5520.0,1708,13018.199838
6570.0,1884,13023.770209
6070.0,1929,13041.760371
6750.0,1947,13047.683553
6810.0,1897,13053.344242
7080.0,2019,13059.752646
5840.0,1850,13065.810415
6610.0,1954,13071.460803
3890.0,1354,13075.895807
6750.0,1929,13092.678916
6660.0,1920,13097.979957
6900.0,1898,13103.949579
6940.0,1960,13109.946969
5100.0,1733,13114.931957
6520.0,1945,13121.336303
6720.0,1930,13127.016222
6710.0,1948,13144.810525
6790.0,1906,13150.911387
6240.0,1815,13156.299702
6160.0,1956,13161.9765
6820.0,1926,13167.018131
4500.0,1466,13171.81223
6810.0,1929,13178.22099
6840.0,1989,13196.102059
5880.0,1948,13202.170322
6520.0,1922,13207.984318
6800.0,1938,13213.513775
6100.0,2181,13220.268732
6870.0,1975,13226.660538
6440.0,1889,13243.742461
4930.0,1655,13248.926213
6840.0,1966,13254.823951
4630.0,1508,13259.120186
6590.0,1913,13264.932594
6880.0,1935,13270.537279
7140.0,1969,13276.562697
5140.0,1551,13293.493094
5810.0,2071,13300.272384
7260.0,1992,13305.970798
6040.0,1961,13311.286714
6990.0,1943,13317.495425
7080.0,1968,13323.790869
6290.0,1918,13329.998416
6950.0,1931,13346.981176
4070.0,1436,13351.284516
6990.0,1958,13356.858443
6910.0,1946,13362.443093
7450.0,1948,13368.632534
6740.0,1937,13374.96103
5590.0,1691,13380.36734
6230.0,1929,13397.521284
5050.0,1753,13402.196812
6490.0,1913,13407.993398
8100.0,2637,13416.540611
6340.0,1869,13421.999899
6530.0,1938,13428.006932
6740.0,1950,13445.338179
7220.0,1955,13450.574654
6190.0,1761,13456.229453
7270.0,1977,13461.924408
7330.0,1966,13468.235593
6880.0,1976,13474.919835
7230.0,1999,13481.266635
6520.0,1900,13499.084394
7540.0,2417,13506.740139
6740.0,1979,13513.613738
7070.0,1917,13519.76976
6610.0,1960,13525.180314
6570.0,1946,13531.044442
6710.0,1910,13547.97456
6730.0,1935,13553.807776
6690.0,1949,13560.029651
6390.0,1928,13566.264317
6760.0,1964,13572.522236
6950.0,1966,13579.174861
5320.0,1719,13583.971169
6460.0,1914,13599.975288
6420.0,1963,13606.426924
6460.0,1907,13611.943566
4660.0,1461,13616.484071
7020.0,1960,13622.690831
5610.0,1789,13628.093417
6630.0,1891,13633.893248
7250.0,1969,13651.58916
7150.0,1990,13657.371914
6810.0,1912,13663.604832
6790.0,1905,13669.872659
5990.0,1945,13675.761645
6720.0,1950,13681.70185
6920.0,1972,13687.019582
4740.0,1572,13703.035771
5780.0,1744,13708.152404
6960.0,1888,13714.143914
6880.0,1977,13719.967512
7290.0,1993,13725.628373
6580.0,1976,13731.524523
8240.0,2574,13751.258428
5500.0,1654,13756.516306
4810.0,1558,13761.68038
6530.0,1897,13767.645575
7300.0,2030,13774.0793
6500.0,1907,13779.742155
6420.0,1759,13785.129111
6800.0,1920,13801.841378
6420.0,1940,13808.211137
6610.0,1939,13814.963744
6650.0,1917,13820.618742
6870.0,1921,13826.79457
5940.0,1923,13832.720734
6660.0,1881,13837.816047
6880.0,1975,13855.58283
6860.0,1923,13861.971565
6930.0,1930,13868.013511
5970.0,1802,13874.011492
7210.0,1988,13880.080577
6870.0,1914,13885.307525
7150.0,1971,13903.758347
7150.0,1970,13910.487488
6940.0,1984,13917.300257
4880.0,1638,13922.429015
7250.0,1985,13928.823759
6780.0,2313,13935.448113
7030.0,1980,13941.787843
6860.0,1973,13959.371362
7000.0,1959,13966.012752
7270.0,1971,13972.751719
7240.0,1945,13978.801531
6970.0,1983,13984.312191
6620.0,1934,13990.400548
5950.0,1783,13995.327901
6660.0,1950,14013.583432
6550.0,1926,14020.079737
7310.0,1993,14026.739383
7300.0,1970,14032.241363
7090.0,2006,14038.294383
6210.0,1915,14044.575884
6940.0,1927,14063.253399
5700.0,1695,14068.661535
6080.0,1786,14074.457675
6910.0,1918,14080.726855
7090.0,1957,14086.850475
6760.0,1939,14092.366946
6710.0,1914,14098.524204
6160.0,2133,14118.106331
5750.0,2081,14124.934691
7240.0,1952,14131.03331
6630.0,1965,14136.570228
6520.0,1937,14142.640566
7060.0,1954,14148.871821
7050.0,1919,14167.907178
7250.0,1987,14174.152545
7780.0,2587,14182.398204
6580.0,1900,14188.339076
6630.0,1924,14194.406434
5300.0,1756,14199.867965
6790.0,1967,14206.575658
4310.0,1565,14223.366323
6890.0,1933,14229.272724
6890.0,1909,14235.550876
6920.0,1922,14241.691549
6990.0,1978,14247.339457
7480.0,2433,14255.14809
6980.0,1923,14272.669126
6650.0,1921,14278.389116
6190.0,1882,14284.464938
6890.0,1918,14290.871741
7150.0,2013,14296.739289
6450.0,1904,14302.677469
7200.0,1967,14309.282741
6890.0,1934,14328.071267
6260.0,1917,14334.662203
6890.0,1966,14341.567248
6840.0,1950,14347.641991
6890.0,1953,14353.080363
6750.0,1920,14359.474451
6610.0,1954,14378.84215
6560.0,1930,14384.462589
6140.0,1944,14390.997917
6990.0,1928,14397.399717
7270.0,1981,14403.588587
7080.0,1957,14409.540094
7390.0,2462,14417.719479
6910.0,1960,14436.075013
7280.0,1943,14442.69587
7280.0,2005,14448.74461
5190.0,1695,14454.269658
7560.0,2005,14459.624264
7420.0,2016,14466.190867
7040.0,1987,14483.952371
4250.0,1379,14488.747908
6980.0,1955,14494.839116
5380.0,1578,14500.123789
5910.0,1705,14505.559808
7360.0,2449,14512.541687
4570.0,1473,14517.510225
8170.0,2598,14538.478484
6650.0,1913,14544.923183
7200.0,1975,14550.929875
6630.0,1878,14556.612233
7170.0,1963,14562.49005
6800.0,1957,14568.471165
5050.0,1548,14573.310437
6750.0,1935,14591.81507
7040.0,1929,14598.228859
6720.0,1937,14604.433598
6580.0,1963,14609.67331
6450.0,1908,14615.497065
6390.0,1875,14621.247845
6550.0,1889,14627.538651
7090.0,1974,14646.948363
6420.0,1908,14652.607723
5150.0,1631,14658.365973
5690.0,1828,14663.519068
6740.0,1965,14669.278087
6790.0,1925,14674.982123
5650.0,1944,14692.811585
6860.0,1895,14699.078227
6170.0,1959,14705.631513
6770.0,2021,14711.381912
7050.0,1988,14716.916914
6790.0,1936,14723.071573
6600.0,1937,14729.702101
7020.0,1888,14748.587731
6130.0,1738,14754.062527
6540.0,1925,14760.34652
4400.0,1521,14764.578547
6680.0,1962,14770.073032
6850.0,1999,14776.580774
6640.0,1908,14782.320863
6800.0,1971,14801.952741
7010.0,1924,14808.702113
6840.0,1981,14814.383625
7710.0,2502,14822.206077
4110.0,1430,14827.015161
6570.0,1907,14833.663358
6970.0,1956,14851.699824
6440.0,1833,14858.028843
6890.0,1944,14863.743181
6940.0,1966,14869.387832
5560.0,1703,14874.480913
7180.0,1947,14881.125687
7280.0,1944,14887.757042
6320.0,1953,14905.700016
6620.0,1952,14911.432653
7510.0,2015,14917.174312
6780.0,1949,14923.607373
5600.0,1735,14929.454217
6800.0,1989,14936.283355
7050.0,1928,14942.759918
7380.0,1977,14959.64018
7000.0,1956,14965.220864
7270.0,2053,14971.796231
7300.0,1943,14978.433297
6470.0,1885,14984.430318
4770.0,1561,14989.528966
8640.0,2645,15008.407195
6970.0,1917,15014.153245
6980.0,1962,15020.175802
7080.0,1979,15027.02528
6720.0,1933,15033.082763
6890.0,1932,15039.674071
6820.0,1895,15046.028618
6730.0,1953,15063.063438
5010.0,1467,15067.509037
7250.0,1988,15073.910726
6590.0,1943,15080.727993
6810.0,1936,15086.970536
7000.0,1924,15093.297308
6690.0,1962,15099.477872
6860.0,1954,15115.415345
6850.0,1960,15121.667749
6800.0,1952,15128.118003
6860.0,1967,15134.913589
6910.0,1965,15141.030298
4660.0,1448,15145.779462
5640.0,1736,15151.445375
7040.0,1952,15167.798716
5370.0,1731,15173.175171
6540.0,1925,15179.919583
7440.0,1937,15186.402496
7730.0,2534,15194.655519
6130.0,1851,15200.549978
5760.0,1836,15217.562054
7790.0,2511,15225.463894
7420.0,1950,15231.965593
5020.0,1834,15237.992235
4940.0,1461,15242.440022
6860.0,1967,15248.97716
5850.0,2068,15255.729501
7180.0,2005,15272.17783
7360.0,2035,15278.788335
6850.0,1933,15284.891453
6540.0,1946,15291.477412
7120.0,1948,15298.030589
6950.0,1951,15304.636012
6890.0,1981,15321.243081
7020.0,1979,15327.786949
7050.0,1956,15334.476252
5450.0,1781,15340.100113
6830.0,1919,15346.700865
5480.0,1743,15352.406627
4720.0,1684,15357.953494
7060.0,2039,15375.14547
7260.0,2002,15381.957673
6350.0,1957,15388.614856
6890.0,1920,15395.099323
6430.0,1958,15401.087435
6260.0,1926,15407.517372
6670.0,1928,15413.332584
6760.0,1953,15430.822466
6830.0,1995,15437.410032
5330.0,2058,15444.362589
7180.0,2422,15452.679106
6980.0,1963,15458.70952
5030.0,1600,15463.345293
6400.0,1921,15481.285583
7400.0,1948,15487.934601
6830.0,1959,15494.594168
6630.0,1950,15500.547205
6160.0,1950,15506.502564
6290.0,1950,15512.498525
6510.0,1882,15518.077218
4720.0,2222,15536.357941
6810.0,1948,15542.338727
6640.0,1954,15548.500462
6930.0,1924,15554.63554
6730.0,1875,15560.225524
6720.0,1960,15566.440584
6670.0,1920,15583.676177
4870.0,1676,15589.083287
4480.0,1673,15594.164949
6820.0,1963,15600.532929
7080.0,1951,15606.902336
6060.0,1812,15612.253233
6480.0,1922,15618.360127
6900.0,1961,15636.270923
7000.0,1988,15642.543562
6290.0,1973,15649.145076
6770.0,1986,15655.983684
6550.0,1932,15661.956748
5450.0,1747,15667.820354
6450.0,1881,15673.491475
7180.0,1969,15691.79405
5850.0,1790,15697.974688
6310.0,1921,15704.029368
7030.0,1978,15710.34758
5870.0,1777,15715.635449
4580.0,1487,15720.366677
6640.0,1950,15726.539819
6990.0,1950,15744.366892
6320.0,1904,15750.576161
6310.0,1884,15756.875694
6680.0,1947,15763.106793
6980.0,1928,15768.781299
6660.0,1883,15774.855801
6890.0,1975,15792.907058
6710.0,1932,15799.096403
6650.0,1969,15805.777382
6700.0,1970,15812.058138
6760.0,1937,15817.649396
7210.0,2025,15824.422628
7260.0,1966,15830.848768
6910.0,1978,15849.391126
6300.0,1933,15855.995682
6970.0,1935,15861.634064
4890.0,1562,15866.269399
4800.0,1459,15871.029445
6560.0,1849,15876.660305
5210.0,1588,15881.747932
6680.0,1912,15900.475119
6560.0,1908,15907.11131
6840.0,1933,15912.579779
6660.0,1904,15918.535848
7290.0,2012,15925.187385
6480.0,1912,15930.966415
6800.0,1903,15937.106611
6510.0,1910,15955.144449
7020.0,1963,15961.270794
6170.0,1957,15966.622803
4380.0,1861,15972.673093
7000.0,1951,15979.302149
5560.0,1762,15984.779124
4860.0,1626,15990.003798
5460.0,2117,16008.456835
6820.0,1951,16014.669862
5560.0,1757,16019.66649
4760.0,1450,16024.517923
4550.0,1577,16029.712867
5270.0,1922,16035.636067
6580.0,1958,16041.995923
6770.0,1940,16060.897483
5740.0,1731,16065.915343
6760.0,1924,16071.9746
6040.0,1909,16078.389727
6940.0,1915,16084.200361
6730.0,1929,16090.134686
6500.0,1904,16108.482751
6510.0,1899,16114.669703
6110.0,1770,16119.866929
4640.0,1453,16124.405256
3530.0,1360,16128.934162
7250.0,1977,16135.305084
6820.0,1933,16141.182344
7280.0,1961,16147.739505
4790.0,1669,16165.299184
7400.0,1961,16171.731316
7050.0,2004,16178.216775
6750.0,1883,16183.945597
6950.0,1983,16190.359057
6430.0,1886,16196.624848
7070.0,1934,16214.894107
6570.0,1940,16221.295593
7140.0,1988,16227.766596
6830.0,1961,16234.095788
6100.0,1894,16239.747946
6680.0,1962,16245.820559
6460.0,1912,16252.119078
5340.0,1656,16269.666471
6590.0,1894,16275.561231
7170.0,1956,16282.452001
7260.0,2009,16289.089236
5930.0,1743,16294.42996
6290.0,1900,16300.883402
6000.0,1752,16306.336009
5770.0,1772,16324.476378
6480.0,1892,16330.302928
6400.0,1939,16336.838569
6750.0,1937,16342.794199
6690.0,1914,16348.358562
7090.0,1972,16354.829906
6930.0,1966,16361.3522
6920.0,1961,16380.607428
7250.0,2026,16387.181746
6690.0,1945,16393.332898
6380.0,1901,16399.485332
5330.0,1709,16404.750026
7680.0,2476,16413.144159
7090.0,1928,16431.540458
6820.0,1935,16437.951294
6710.0,1973,16443.690292
6860.0,1995,16450.166266
5550.0,1626,16455.252679
6820.0,1910,16461.335427
6260.0,1854,16467.879483
7320.0,1989,16485.942131
6410.0,1911,16491.057863
6950.0,1920,16496.752549
6220.0,1799,16502.05736
6760.0,1965,16508.873556
6490.0,1948,16515.776791
6700.0,1926,16532.477815
7070.0,1964,16537.998942
7090.0,1995,16543.76075
7050.0,1958,16549.572554
6600.0,1933,16555.938127
6860.0,1963,16562.225425
4890.0,1503,16567.374626
4300.0,1472,16584.636702
7370.0,1951,16590.804969
6940.0,1966,16596.128844
6630.0,1921,16602.015834
6370.0,1912,16608.702533
4690.0,1474,16613.626107
6800.0,1902,16619.644156
6600.0,1936,16637.687876
6520.0,1923,16643.302191
7090.0,1991,16649.289197
6920.0,1923,16655.478807
7250.0,1987,16662.248971
6780.0,1947,16668.344472
7150.0,2002,16675.073104
6640.0,1947,16693.172579
7180.0,1980,16699.360141
6550.0,1893,16705.349054
6700.0,1927,16711.92359
7320.0,1997,16718.566621
6820.0,1949,16725.254067
6040.0,1936,16742.56449
6850.0,1958,16748.823466
7560.0,1988,16755.472998
6920.0,1963,16762.100803
6360.0,1916,16768.160522
6770.0,1901,16774.690584
6980.0,1942,16781.164819
6960.0,1962,16798.862355
6860.0,1973,16805.079549
6260.0,1825,16811.180717
7100.0,1931,16817.228855
7050.0,1944,16823.839629
6970.0,1978,16830.341561
6850.0,1910,16835.711527
5170.0,1703,16852.719163
6880.0,1945,16858.754465
6890.0,1946,16865.487509
7020.0,1939,16871.917056
6760.0,1899,16877.919378
7000.0,1973,16884.183362
7270.0,1941,16901.801007
5540.0,1706,16906.941821
6700.0,1930,16913.370083
6100.0,1821,16919.021344
6890.0,1988,16925.756666
6780.0,1913,16931.773469
5070.0,1725,16936.937674
7370.0,1993,16954.566195
6560.0,1963,16960.40475
7090.0,1958,16967.035149
5430.0,1747,16972.716938
6140.0,2116,16979.817182
6470.0,1925,16985.176085
6750.0,1939,16990.805843
7000.0,1950,17008.961102
7060.0,1955,17014.541716
6520.0,1880,17020.75552
4420.0,1420,17025.349975
6910.0,2023,17031.093837
3830.0,1367,17035.170861
6630.0,1956,17040.982904
6440.0,1946,17058.558596
6980.0,1965,17065.08774
7440.0,1960,17071.047482
7260.0,1994,17076.938704
6670.0,1867,17082.171321
8360.0,2609,17089.942775
4900.0,1602,17106.582718
7180.0,1920,17112.765649
7250.0,1986,17118.95054
6730.0,1966,17124.331881
6860.0,1932,17129.878718
6590.0,1898,17135.501639
7410.0,1982,17141.520014
6160.0,1781,17158.048809
6320.0,1890,17163.551934
7010.0,1959,17168.890956
6920.0,1935,17174.557406
4970.0,1626,17179.208217
5410.0,1691,17183.892589
5220.0,1683,17188.490185
6790.0,1955,17206.19785
3900.0,1585,17211.117943
6910.0,1984,17217.261528
6710.0,2020,17223.429753
7020.0,2005,17229.891295
6680.0,1950,17235.804096
7560.0,2443,17243.495486
4810.0,1462,17260.138179
6960.0,1924,17265.729207
7100.0,1946,17271.455313
6690.0,1963,17277.722313
6970.0,2021,17284.128694
5050.0,1492,17288.465143
7000.0,1951,17294.161834
7150.0,1986,17311.595111
6940.0,1925,17317.104428
5890.0,1883,17322.923575
5890.0,1905,17329.325536
7070.0,1943,17335.88289
6900.0,1962,17342.190359
5170.0,1613,17359.0711
7060.0,1940,17364.463846
6810.0,1959,17370.560259
7160.0,1941,17376.941442
6720.0,1944,17382.5978
6470.0,2175,17389.755443
6530.0,1943,17395.57285
6270.0,1940,17412.391186
6740.0,1967,17418.576147
6150.0,1778,17423.988391
6900.0,1917,17430.475754
7230.0,1971,17437.030506
6590.0,1932,17442.798499
6780.0,1923,17460.923923
6870.0,1960,17467.241979
7170.0,1935,17472.945479
7170.0,1979,17479.446388
7470.0,1978,17486.239756
6900.0,1944,17492.544883
6850.0,1955,17497.969147
6720.0,1936,17517.717165
6600.0,1916,17523.748002
6580.0,1934,17529.545847
6840.0,1964,17536.233491
6630.0,1929,17542.121595
8000.0,2610,17550.069194
6140.0,2245,17569.948127
6880.0,1950,17576.095408
6850.0,1941,17582.233523
7170.0,1943,17587.844377
6860.0,1916,17593.480365
6400.0,1923,17599.787019
6960.0,1900,17605.882306
6650.0,1914,17625.281184
6330.0,1952,17631.556544
7590.0,2553,17638.728392
7230.0,1968,17644.854769
6630.0,1925,17651.197636
6910.0,1948,17657.865569
6380.0,2326,17677.8532
6710.0,1919,17683.56897
4480.0,1610,17688.340214
6580.0,1961,17694.137076
7300.0,1948,17700.483256
6630.0,1941,17706.897114
6610.0,1933,17712.83575
6820.0,1929,17729.474085
6900.0,1982,17735.395099
6720.0,1936,17741.364792
7140.0,1946,17746.912358
6830.0,1935,17753.304342
6270.0,2141,17760.031139
7070.0,1928,17778.492703
6970.0,1973,17784.726877
6870.0,1911,17790.325342
5010.0,1473,17795.087432
5870.0,1882,17801.4081
6900.0,1968,17807.607663
7020.0,1962,17814.166314
7090.0,1919,17832.129405
7330.0,1945,17837.854835
2480.0,1014,17841.022534
7160.0,1942,17847.248015
6260.0,2202,17854.284913
6640.0,1933,17860.753002
4590.0,1522,17865.647261
6810.0,1951,17882.083553
6970.0,2002,17888.342186
5480.0,1706,17893.623998
7030.0,1952,17899.378828
7050.0,1929,17905.788394
6980.0,1910,17912.022255
7210.0,1974,17917.517209
6590.0,1867,17934.578252
6570.0,1939,17939.791749
6740.0,1903,17944.445264
6960.0,1925,17950.031909
7060.0,1945,17956.232473
6910.0,2332,17963.189569
5100.0,1598,17978.04661
5320.0,1666,17982.906837
6970.0,1952,17988.181141
5870.0,1723,17992.487056
670.0,756,17994.805033
7120.0,2002,18000.915277
6880.0,1926,18006.491782
7080.0,1968,18012.327392
6750.0,1896,18028.858249
7250.0,1965,18034.024241
6210.0,1885,18039.093968
7230.0,2556,18046.413495
6850.0,1927,18052.508224
6300.0,1905,18057.932257
6300.0,1829,18074.995658
6690.0,1939,18080.125994
4850.0,1597,18084.252913
7240.0,1947,18089.546396
7170.0,1949,18095.61838
6040.0,1910,18101.148771
6640.0,1992,18106.981563
6960.0,1967,18125.07324
7130.0,1937,18130.460135
7150.0,1952,18135.175341
6920.0,1955,18140.762973
6850.0,1976,18146.852904
6820.0,1906,18152.672214
7050.0,1992,18158.125135
6260.0,1912,18174.793049
6730.0,1937,18179.824476
7070.0,1963,18185.209279
7030.0,1960,18190.550735
6800.0,1927,18196.295319
7010.0,1919,18202.07645
7070.0,1917,18219.004771
7320.0,1979,18224.465677
7300.0,1968,18229.655804
6540.0,2188,18235.444289
6310.0,1866,18241.104596
4760.0,1501,18245.052472
6310.0,1768,18250.630611
7090.0,1961,18266.370434
7010.0,1973,18272.095976
6570.0,1904,18277.254952
6630.0,1979,18282.710404
7000.0,1936,18287.891042
7270.0,1999,18293.947934
5430.0,1717,18298.772514
6980.0,1960,18316.26212
7450.0,1989,18321.769165
6870.0,1926,18327.118367
5620.0,1763,18331.663978
7210.0,1943,18337.343667
6910.0,1956,18342.69522
6910.0,1947,18359.616366
7510.0,1993,18365.058347
6830.0,1898,18370.769812
6800.0,1938,18375.928607
7350.0,1942,18381.296731
6520.0,1912,18387.020484
7180.0,1967,18392.551516
6120.0,1927,18409.105335
6140.0,1821,18414.412687
6820.0,1924,18419.740205
7060.0,1919,18425.248138
2490.0,994,18428.011593
6980.0,1931,18433.53952
6630.0,1964,18439.152134
7100.0,1938,18455.919666
7030.0,1973,18461.437789
6890.0,1939,18466.860581
5070.0,1570,18471.171686
6830.0,1958,18476.682229
6540.0,1814,18481.996007
6910.0,1943,18487.520408
6930.0,1962,18504.705346
6770.0,1951,18510.454139
7010.0,1976,18515.95464
6970.0,1940,18521.624873
5060.0,1537,18525.894156
6890.0,1950,18531.565924
7170.0,1946,18537.486023
6680.0,1924,18553.460155
6720.0,1919,18559.368116
6160.0,2155,18565.802836
7030.0,1941,18571.387754
6720.0,1929,18576.518336
6650.0,1947,18582.588204
6670.0,1942,18599.398821
7130.0,2023,18605.375803
6910.0,1931,18610.75483
7180.0,1978,18616.595324
6610.0,1909,18622.150113
5650.0,1679,18626.565235
6680.0,1892,18632.527693
6070.0,1789,18648.395214
6770.0,1952,18654.267265
7080.0,1962,18660.111118
5340.0,1674,18665.498328
7030.0,2037,18670.792658
6860.0,1918,18676.461153
4950.0,1549,18681.130896
5140.0,1658,18696.571216
7140.0,1925,18702.616919
6520.0,1901,18708.51128
5610.0,1918,18713.674015
6980.0,1927,18719.103904
6810.0,1960,18724.609279
6880.0,1979,18730.05446
5380.0,1677,18746.049693
6870.0,1947,18751.646752
6940.0,1935,18757.641449
5890.0,1865,18763.455799
5650.0,1718,18768.121939
6920.0,1939,18773.296075
7320.0,1974,18789.014903
5080.0,2083,18795.217119
6530.0,1900,18801.152122
6390.0,1875,18806.727858
7120.0,1951,18813.003061
6930.0,1951,18818.718034
6920.0,1879,18823.550925
7050.0,1939,18840.315426
6920.0,1948,18846.109882
7110.0,1932,18852.082496
7360.0,1983,18857.816954
6960.0,1949,18863.701449
7470.0,1966,18869.160562
5110.0,1725,18873.483096
7130.0,1996,18890.489609
7040.0,1981,18896.695722
7570.0,2602,18904.50814
6600.0,1916,18909.823995
6610.0,1943,18915.577785
6260.0,1836,18920.242369
6610.0,1913,18936.449627
6300.0,1957,18942.566012
6690.0,1931,18948.692583
7310.0,1968,18954.425686
7000.0,1947,18960.552433
8250.0,2674,18967.851588
7210.0,1931,18984.826425
6110.0,2123,18991.257076
7020.0,1926,18997.240941
6570.0,1872,19002.742923
6640.0,1954,19008.783615
4450.0,1502,19013.207034
5910.0,1819,19018.014794
6700.0,1917,19034.417597
4360.0,1424,19039.234389
7070.0,1992,19045.189648
7390.0,1965,19051.360117
6520.0,1852,19057.191437
8430.0,2681,19064.914053
4780.0,1479,19068.928837
6560.0,1875,19084.938423
6900.0,1940,19090.934175
6930.0,1975,19096.89854
6880.0,1966,19102.525124
7160.0,1965,19108.590572
6550.0,1935,19113.818143
6840.0,1972,19130.365822
6530.0,1906,19135.970365
7080.0,1949,19141.966778
6640.0,1966,19148.024465
6540.0,1963,19153.557906
7010.0,1940,19158.989158
7210.0,2001,19164.209466
6950.0,1948,19182.017942
6580.0,1897,19187.493156
7190.0,1938,19193.478918
6820.0,2009,19199.583544
7170.0,1934,19204.667914
6730.0,1906,19209.853168
6500.0,1973,19226.34635
6890.0,1918,19232.154855
6730.0,1896,19237.481881
6600.0,1909,19243.428474
5560.0,2053,19249.544194
6620.0,1925,19254.939532
5870.0,1882,19260.471527
7260.0,2003,19277.544706
7020.0,1929,19283.028015
7130.0,1957,19289.021795
5420.0,1657,19293.92273
7360.0,1962,19299.410969
7300.0,1957,19304.986743
3310.0,1247,19308.451551
7120.0,1977,19324.932576
6560.0,1862,19330.205211
7080.0,1966,19336.110831
6650.0,1882,19341.793154
7180.0,1984,19347.330197
7090.0,1981,19352.705494
4980.0,1653,19357.30579
6370.0,1875,19373.801921
7280.0,2002,19380.141414
7070.0,1949,19386.282348
6590.0,1920,19391.316428
6560.0,2391,19398.145721
7110.0,1946,19403.46556
7120.0,1936,19420.131763
7150.0,1947,19425.982238
6710.0,1942,19431.942522
7210.0,1927,19437.164534
4810.0,1436,19441.240967
6940.0,1899,19446.996221
6980.0,1967,19452.749958
6960.0,2017,19469.583943
6810.0,1948,19475.606841
6790.0,1917,19481.316621
6780.0,1960,19486.380629
5380.0,1720,19491.692111
7050.0,1935,19497.227935
5970.0,1735,19502.896308
5780.0,1693,19517.981958
6570.0,1899,19523.160715
7650.0,1986,19528.627214
8430.0,2613,19535.584536
6230.0,1807,19540.948475
6670.0,1955,19546.453627
6580.0,1946,19562.717334
7240.0,1958,19568.811287
6440.0,1813,19574.092919
7070.0,1960,19579.815099
5220.0,1598,19584.270956
5350.0,1632,19588.672117
6570.0,1941,19593.937434
6800.0,1936,19609.176798
6890.0,1921,19614.403121
6710.0,1905,19619.539003
6640.0,1930,19624.268814
6950.0,1982,19629.551022
6880.0,1948,19634.803584
5390.0,2069,19640.215415
5420.0,1710,19653.877291
8080.0,2603,19660.737843
7240.0,1959,19666.005373
6300.0,1940,19670.830359
6580.0,1928,19676.045655
7500.0,1968,19681.321522
6030.0,1890,19695.476249
6790.0,1965,19700.222878
7170.0,1945,19705.41826
6960.0,1968,19710.633182
6950.0,1938,19715.423906
6920.0,1940,19720.774006
7380.0,2009,19726.214073
6160.0,1896,19740.57642
7460.0,1977,19745.38007
6060.0,1887,19750.542305
4850.0,1567,19754.606203
6080.0,1910,19759.784512
3270.0,1256,19762.859161
4910.0,1620,19767.072814
7150.0,1943,19782.785759
6540.0,1902,19787.28438
6690.0,1849,19792.350195
7720.0,2469,19798.966957
6270.0,1852,19803.566179
7050.0,1960,19808.859182
6660.0,1904,19814.000142
7130.0,1992,19829.2892
6740.0,1933,19834.464511
6750.0,1989,19839.818181
7270.0,1959,19845.021708
6850.0,1878,19849.694212
6100.0,2169,19855.370615
6820.0,1984,19871.142564
4710.0,1465,19874.955185
5290.0,1702,19879.34148
6740.0,1999,19884.699743
6370.0,1917,19889.90656
7830.0,2570,19896.70184
6890.0,1936,19901.353331
7330.0,2014,19916.662047
6520.0,1965,19921.73478
6880.0,1928,19926.801344
6730.0,1924,19931.43427
7260.0,1938,19936.57586
4750.0,1611,19940.650536
7010.0,1964,19956.238207
6780.0,1883,19960.592104
7120.0,1972,19965.676174
6880.0,1910,19970.814315
4410.0,1596,19974.943434
6820.0,1915,19979.604972
6910.0,1965,19984.81606
6730.0,1965,20000.346431
6800.0,1994,20005.264202
5460.0,1776,20009.420793
7870.0,2532,20015.965757
6860.0,1939,20021.053746
7050.0,1962,20025.784306
6650.0,1933,20030.922429
7040.0,1965,20046.315466
6960.0,1950,20051.367939
7000.0,1931,20056.091819
6900.0,1914,20061.19876
6590.0,1885,20066.221068
7270.0,1940,20070.875765
7030.0,1961,20086.436234
6070.0,1824,20090.666404
7090.0,1959,20095.641815
6810.0,1988,20100.843134
7020.0,1964,20106.00164
7060.0,1929,20110.598263
6600.0,1883,20115.56595
6800.0,1954,20130.297931
6950.0,1953,20134.707231
7000.0,1947,20139.742443
6490.0,1904,20144.944274
6950.0,1967,20150.185762
6560.0,1901,20154.70397
6860.0,1920,20169.264893
6680.0,1917,20173.595347
7010.0,1956,20178.368625
6380.0,1842,20183.00736
7280.0,1996,20188.243447
6540.0,1899,20192.676028
6910.0,1950,20197.755064
3920.0,1466,20212.361929
6910.0,1923,20216.96392
6510.0,1910,20221.725939
7180.0,2520,20227.976533
7310.0,1995,20233.209553
7100.0,1969,20237.815487
5330.0,2096,20252.339951
7890.0,2473,20258.575003
6620.0,1937,20263.498925
7160.0,1949,20268.6805
6530.0,1910,20273.107768
6950.0,1958,20278.043211
5690.0,1868,20282.36519
7720.0,2579,20298.585623
6820.0,1930,20303.579658
5660.0,1999,20308.629951
6200.0,1822,20312.885115
6930.0,1912,20317.70895
5780.0,1852,20322.632545
