#{"t_start": 1680735015.9442058, "env_id": "Krull-v4"}
r,l,t
5370.0,1986,8.825649
6960.0,1978,13.98291
7170.0,1931,19.081147
7170.0,1982,24.149307
6520.0,1943,28.928222
7100.0,1964,34.141105
5060.0,1635,49.187451
7240.0,2030,54.593421
6700.0,2006,59.86681
6840.0,1946,64.636937
6970.0,2042,70.132282
7130.0,1991,75.434218
6540.0,1957,80.493409
7020.0,2020,97.813984
6700.0,1954,103.180691
6760.0,1948,108.64021
6260.0,1917,113.977658
6820.0,1901,118.875149
6850.0,1971,124.049618
6950.0,1934,140.533199
6220.0,2005,146.153962
5140.0,1704,150.95006
6650.0,1951,156.447197
6510.0,1962,161.3362
6560.0,1928,166.50821
6720.0,1940,171.621123
6140.0,1941,187.784891
6820.0,1937,192.982789
6920.0,1993,199.753908
6970.0,1945,206.001264
6820.0,1928,211.431093
6450.0,1911,217.303867
5900.0,1875,234.948256
6670.0,1943,239.981139
6600.0,1999,245.514493
6170.0,1889,250.758861
6080.0,1926,256.161605
3380.0,1289,260.308306
7180.0,1945,266.359143
6750.0,1923,283.298286
6770.0,1895,288.726206
7000.0,1965,293.980173
5840.0,1781,298.66252
6880.0,1916,304.282172
8360.0,2572,312.453958
6890.0,1941,318.070149
6500.0,1927,335.186849
5310.0,1643,339.755186
6370.0,1882,345.123754
6630.0,1925,350.663978
6750.0,1936,356.954036
6650.0,1945,363.007083
4870.0,1892,368.403903
6890.0,1939,385.781881
6770.0,1935,391.166558
7210.0,1992,396.022197
5460.0,2031,401.648734
6610.0,1949,407.781137
6870.0,1991,413.916848
6960.0,1904,430.309073
7090.0,1930,436.211058
6660.0,1949,441.764269
7350.0,1956,447.16995
6830.0,1988,452.44447
7340.0,1970,458.608768
6750.0,1882,464.400431
6840.0,1911,481.176008
7040.0,1945,486.82089
5260.0,1972,492.508652
4980.0,1592,497.159207
6360.0,1906,502.286529
6470.0,1945,508.363581
6410.0,1915,514.192673
6550.0,1878,531.295551
5740.0,1931,536.818156
6490.0,1904,542.389644
7060.0,1957,547.818584
7020.0,1953,553.967296
6890.0,1890,560.070146
6960.0,1940,577.740085
6290.0,1817,583.122192
6440.0,1943,588.629758
6060.0,1798,593.676814
6810.0,1954,599.505418
6840.0,1931,605.326851
6870.0,1964,610.947812
6650.0,1981,627.245907
6600.0,1949,633.130396
6810.0,1978,638.699736
5600.0,1717,643.339521
7030.0,2271,649.918288
3990.0,1395,654.33089
5480.0,1715,659.344413
7030.0,1949,676.332525
5160.0,1908,681.897071
7230.0,1963,687.828476
7220.0,1969,693.265997
6520.0,1902,698.541902
6600.0,1914,703.752057
5490.0,1707,708.706007
5810.0,1716,724.928687
6990.0,1969,730.585871
6820.0,1947,736.248259
5360.0,1641,740.608783
6430.0,1865,746.217448
6640.0,1901,751.616444
5820.0,1752,757.238013
6410.0,1984,775.299756
4850.0,1850,780.819361
6390.0,1933,786.656414
6890.0,1982,791.830045
6700.0,2017,796.98957
6660.0,1955,803.017774
6610.0,1974,820.529077
5300.0,1660,825.546265
6470.0,1903,831.533523
5720.0,1918,836.443839
6540.0,1948,841.558607
6030.0,2055,847.612182
6190.0,1790,852.911988
5540.0,1991,870.668412
5690.0,2124,877.227525
6770.0,1972,883.491585
7020.0,1980,888.755171
6810.0,1980,894.341971
6640.0,1954,899.761032
6940.0,1942,915.892303
6590.0,1938,921.778305
7940.0,2783,930.019857
4830.0,1477,934.381586
7280.0,2914,942.557465
5040.0,1618,947.337862
6530.0,1900,965.465713
6950.0,1930,971.47802
6640.0,1906,977.017582
5460.0,1720,982.583672
7270.0,2002,988.14327
7040.0,1935,992.943648
6150.0,1934,998.922007
6720.0,1977,1017.370841
5080.0,1946,1022.97384
4900.0,2324,1030.232164
4890.0,1510,1034.539609
6640.0,1859,1039.075643
6530.0,1919,1044.321498
3980.0,1797,1049.501989
6720.0,1932,1067.097441
6460.0,1912,1073.134842
4960.0,1888,1078.538682
6810.0,1945,1084.301651
6770.0,1977,1089.609336
7000.0,1909,1095.005659
5860.0,2033,1112.80922
5500.0,1696,1118.35252
7200.0,2512,1126.089272
6910.0,1931,1131.521506
7330.0,2458,1138.133846
7070.0,1971,1143.570482
5640.0,2111,1161.292056
4810.0,1920,1166.653823
6360.0,1973,1172.780786
6740.0,1970,1178.870893
6460.0,1887,1184.430604
4230.0,1467,1187.900556
5630.0,2114,1193.594549
7090.0,1992,1211.981002
6110.0,2041,1218.098082
6530.0,1911,1223.996264
4260.0,1411,1227.937171
5520.0,1716,1233.388081
4920.0,1575,1237.656251
6730.0,1947,1242.527097
6820.0,1924,1260.218618
6960.0,1919,1266.087824
5980.0,2044,1272.030485
7050.0,1929,1278.05505
7490.0,1983,1283.688206
7070.0,1924,1289.322207
8870.0,2749,1308.401784
7160.0,1974,1314.606008
7180.0,2002,1320.476527
7080.0,1967,1326.386705
6680.0,1963,1332.170619
6800.0,1983,1337.376312
6200.0,2159,1343.152853
6190.0,1823,1361.215964
6900.0,1884,1367.410133
8730.0,2654,1375.590458
6970.0,1933,1381.671177
6860.0,1891,1386.417195
4510.0,1832,1391.415
7360.0,2023,1410.276855
6850.0,1949,1415.922118
7180.0,1996,1422.226415
8350.0,2591,1429.993005
5860.0,2065,1435.677238
7080.0,1931,1440.905781
6940.0,1976,1457.926441
6970.0,1951,1463.933674
7110.0,1968,1469.794538
6610.0,1987,1475.860847
6590.0,1907,1481.42913
3920.0,1757,1485.720118
5270.0,1942,1491.032487
6960.0,1957,1507.274858
6660.0,1951,1513.108452
5940.0,1926,1519.103442
4670.0,1518,1523.897885
6000.0,2101,1530.070817
6790.0,1957,1534.955643
4550.0,1507,1538.914724
4640.0,1496,1554.393759
6520.0,1964,1560.732493
7140.0,2010,1566.939249
6790.0,1984,1572.339481
5780.0,2103,1578.388547
6820.0,1924,1583.769392
6610.0,1915,1588.900833
6880.0,1939,1605.936179
6660.0,1930,1611.899963
4630.0,1914,1617.85734
6600.0,1943,1623.377364
2640.0,958,1626.217627
6890.0,1974,1631.716187
6770.0,1956,1637.115753
6400.0,1919,1653.417053
6220.0,2067,1659.642774
7480.0,2428,1667.563003
6690.0,1932,1673.487849
6960.0,1960,1678.883617
6460.0,1979,1684.051367
5980.0,1869,1701.292382
7010.0,1958,1706.815324
7930.0,2967,1716.185308
6820.0,1947,1722.11785
6510.0,1949,1727.905475
6560.0,1891,1732.691469
4840.0,1883,1750.466292
7170.0,1988,1756.832432
7020.0,1980,1762.509646
7150.0,1962,1768.569378
6490.0,1971,1774.862608
7300.0,1998,1780.565904
5640.0,1753,1785.004241
6720.0,1897,1803.424075
6240.0,1947,1808.826945
7470.0,2481,1816.550986
7020.0,1969,1822.562379
4890.0,1975,1828.27723
6780.0,1932,1833.335769
4710.0,1468,1849.48908
5560.0,1970,1855.729279
6920.0,1940,1861.937711
6740.0,1993,1867.682707
6430.0,1893,1873.552851
5100.0,1974,1879.437107
3790.0,1562,1883.881386
6740.0,1997,1900.328323
6890.0,1970,1906.632394
6640.0,1934,1912.82549
6800.0,1951,1919.311075
8880.0,2760,1928.255883
7250.0,2004,1934.353885
6750.0,1925,1951.700715
6660.0,1948,1958.166715
6860.0,1975,1964.587462
5910.0,2001,1970.551277
6710.0,1918,1975.910889
6520.0,1932,1981.824047
7070.0,1953,1987.122029
6490.0,1941,2003.456774
6860.0,1942,2009.379871
8530.0,2571,2017.582462
6870.0,1879,2023.422117
7210.0,1989,2029.603342
7180.0,1985,2034.407658
7500.0,1967,2051.287185
5760.0,1982,2057.1273
7200.0,1996,2063.226516
6900.0,1992,2068.910466
5340.0,1693,2074.43077
7010.0,1947,2079.659068
6960.0,1960,2084.934943
6640.0,1911,2102.82463
7090.0,1953,2108.43776
6890.0,1914,2114.368623
6940.0,1963,2120.500113
7600.0,2422,2127.490825
6960.0,1973,2133.495245
6730.0,1916,2150.411983
6810.0,1924,2156.376168
7010.0,2014,2162.207782
7360.0,2001,2168.225261
6770.0,1894,2174.161059
7320.0,2021,2180.164516
7140.0,2022,2196.51591
7740.0,2493,2203.604552
5480.0,1986,2209.495478
6440.0,1862,2215.269358
6210.0,2139,2221.719014
6150.0,2153,2228.504131
7580.0,2443,2247.9265
6110.0,2052,2254.417531
5830.0,2037,2260.307004
6890.0,1922,2266.22985
7140.0,1934,2272.131844
6930.0,1998,2278.366287
7110.0,2489,2297.229771
7010.0,1917,2303.312454
5960.0,2096,2309.651063
5900.0,2070,2316.064632
6680.0,1915,2322.470505
6940.0,1987,2328.061065
6750.0,1875,2334.003397
7080.0,1948,2349.879548
4730.0,1906,2355.294201
5900.0,1792,2360.979214
6940.0,1905,2366.386002
4760.0,1690,2371.335515
6950.0,1973,2377.557909
5590.0,1700,2382.817053
6680.0,1901,2401.094506
8680.0,2685,2409.32356
6590.0,1958,2415.48732
6750.0,1944,2421.645124
6840.0,1944,2427.487983
7030.0,1952,2433.634768
9070.0,3136,2454.951421
6280.0,1902,2461.161219
7710.0,2491,2468.478882
6180.0,1823,2474.271943
2550.0,946,2477.173953
6330.0,1880,2482.536979
6730.0,1916,2499.04562
2660.0,1050,2502.348463
4390.0,1533,2507.20325
7150.0,2392,2514.294346
6910.0,1970,2520.58707
6730.0,1996,2526.831319
6550.0,1931,2533.063419
5720.0,2058,2550.476048
5980.0,1891,2556.248518
5480.0,2078,2562.880633
7090.0,1960,2568.73039
6490.0,1941,2574.67059
4710.0,1601,2579.43902
6700.0,1930,2585.030657
4660.0,1792,2600.109032
6250.0,1911,2605.6419
6890.0,1951,2611.726846
6060.0,1886,2617.594544
6790.0,1946,2623.271305
7610.0,2448,2630.856313
6160.0,1928,2636.887894
6830.0,1957,2653.102054
5060.0,2008,2659.257115
6830.0,1827,2665.381198
6900.0,2007,2671.545783
7150.0,1968,2676.995845
6120.0,1850,2682.437743
6650.0,1923,2698.819533
6520.0,1935,2704.084844
7050.0,1982,2710.27685
6840.0,1905,2716.419159
6760.0,1945,2721.785614
7310.0,2050,2728.217169
2930.0,1439,2732.594059
6880.0,1981,2749.692878
4420.0,2068,2755.769579
5470.0,1715,2760.721092
6730.0,1916,2766.645168
7240.0,1990,2772.159809
6790.0,1904,2777.957913
8130.0,2570,2797.225056
4680.0,1433,2801.607751
4720.0,1815,2807.239516
6410.0,1874,2813.427432
5510.0,1722,2818.792126
6690.0,1894,2824.760961
7080.0,2010,2830.286555
7060.0,1943,2846.869271
7030.0,1869,2852.325958
4570.0,1675,2857.060268
6970.0,1959,2863.448812
7410.0,1987,2869.31496
6560.0,1942,2875.505624
7290.0,1935,2881.685053
6990.0,1969,2898.721484
8260.0,2559,2905.602027
6950.0,1931,2911.467772
4870.0,1878,2917.459643
6520.0,1895,2923.193639
6440.0,1952,2929.417771
6930.0,2015,2947.482037
6740.0,1890,2952.915798
7040.0,1895,2958.941608
7190.0,1981,2965.32689
7200.0,1995,2971.456902
6980.0,1925,2976.990518
6910.0,1976,2983.370007
6530.0,1957,3000.399783
8100.0,2711,3008.199787
7270.0,2019,3014.796486
7170.0,1968,3021.029876
7230.0,1920,3026.50168
6410.0,1906,3032.468844
6440.0,1817,3047.601212
7130.0,1962,3053.155841
6800.0,1919,3058.738215
6760.0,1946,3064.329189
7340.0,1947,3070.627106
7290.0,2008,3076.770432
6410.0,1907,3082.825122
7140.0,1936,3099.754082
7140.0,1913,3105.509762
7060.0,1967,3111.430631
5440.0,1779,3116.947372
5180.0,1913,3123.452163
4530.0,1546,3128.233599
7240.0,1956,3133.805476
7280.0,1973,3150.503578
6230.0,1939,3156.357024
6580.0,1923,3161.440542
6920.0,1952,3167.450055
7110.0,1963,3173.428964
7110.0,1975,3179.385787
5500.0,1812,3196.14164
5820.0,1766,3201.184531
5460.0,1667,3206.257989
7030.0,1944,3211.558179
7410.0,1987,3217.758242
6990.0,1984,3223.498549
6740.0,1942,3229.715628
7060.0,1937,3248.076595
5970.0,1925,3254.120762
6460.0,1895,3259.43882
6780.0,1986,3264.718212
6470.0,1920,3270.535686
6560.0,1957,3276.546005
6010.0,1948,3282.015126
6480.0,1966,3298.991269
6490.0,1909,3304.74988
6860.0,1980,3310.739821
4760.0,1456,3314.776563
4840.0,1601,3319.61665
7190.0,2009,3326.34482
7210.0,1965,3332.817301
7360.0,1979,3351.282328
7060.0,2012,3357.781803
7130.0,1962,3363.284731
4480.0,1455,3367.772801
7610.0,2457,3376.069037
7220.0,1982,3382.861501
7280.0,1961,3399.929965
3440.0,1623,3405.061296
6670.0,1963,3410.890608
8920.0,2672,3418.850868
7520.0,2544,3427.243463
7150.0,1993,3433.904346
5550.0,1933,3452.772045
5130.0,1674,3457.829041
5480.0,1998,3464.251771
6240.0,1801,3469.506663
7060.0,2020,3476.254683
6940.0,1965,3482.861215
6590.0,1966,3488.894312
5980.0,1797,3505.933836
7160.0,1926,3512.146179
6850.0,1916,3517.872144
6560.0,1899,3524.044226
6680.0,1963,3530.583875
6900.0,1958,3536.747323
6740.0,1947,3543.199792
5170.0,2019,3560.789188
7290.0,2011,3567.209805
6540.0,1835,3572.435789
5140.0,1504,3577.357536
7170.0,1984,3583.878106
6720.0,1926,3589.928447
6970.0,1910,3607.976779
6800.0,1950,3614.281563
6840.0,1962,3620.361066
7150.0,1976,3626.175617
4630.0,1513,3631.185948
4660.0,1831,3637.295988
4690.0,1502,3642.110582
7190.0,1963,3659.482632
6620.0,1940,3665.831636
5050.0,1676,3670.743362
6250.0,2153,3677.358692
6550.0,1863,3683.377103
6670.0,1958,3689.475725
7000.0,1941,3695.366489
7060.0,1995,3712.372259
7320.0,1983,3718.176365
8470.0,2562,3725.896621
6770.0,1945,3732.006207
6740.0,1945,3737.925194
6820.0,2034,3744.165273
6960.0,1936,3760.923666
6910.0,1985,3766.533535
6860.0,1908,3771.428354
6510.0,1901,3777.269424
5950.0,1867,3782.665734
6960.0,1951,3788.719539
7170.0,1997,3794.357476
6850.0,1991,3812.335129
8450.0,2636,3819.672715
5520.0,1933,3825.076901
7240.0,1940,3830.991826
7310.0,1928,3836.955392
7100.0,2002,3842.772828
6970.0,1957,3858.878971
6740.0,1885,3864.343644
7360.0,1921,3869.428227
7060.0,1964,3875.702863
7000.0,1956,3881.855668
7280.0,1974,3887.885235
8260.0,2572,3905.859781
6720.0,1948,3911.405742
6830.0,1959,3917.023303
6860.0,1953,3922.883012
6960.0,1950,3929.052653
9340.0,4036,3940.77522
6670.0,1917,3958.066572
6830.0,1947,3963.605201
7310.0,2004,3968.935296
5300.0,1657,3974.359628
7280.0,1952,3980.157691
6820.0,1937,3986.358019
8410.0,2623,4004.522837
7110.0,1942,4010.197867
7210.0,1958,4015.353329
7020.0,1918,4021.154867
6570.0,1939,4027.526396
5570.0,1725,4032.621272
6700.0,1949,4038.683715
7200.0,1976,4056.692023
6720.0,1921,4061.889773
7350.0,1946,4067.364457
6460.0,1952,4073.38209
6920.0,1950,4079.39928
6740.0,1907,4085.315637
6820.0,2001,4091.082548
7210.0,1999,4107.757462
6450.0,1940,4112.702564
5560.0,2037,4118.61885
7200.0,1913,4124.831381
7400.0,1970,4131.312587
3070.0,1150,4134.688731
4470.0,1433,4138.374258
6880.0,1958,4155.35936
7090.0,1945,4160.902635
6980.0,1953,4166.532413
7260.0,1950,4172.288655
4850.0,1462,4177.163298
6470.0,1864,4183.416317
5860.0,1891,4189.000843
7030.0,1944,4205.613707
7160.0,1934,4211.193501
7180.0,1910,4216.201998
7300.0,1923,4221.98875
5570.0,1783,4227.281748
7100.0,1970,4233.717447
6890.0,1907,4251.075225
6400.0,2077,4257.159781
7130.0,2032,4262.746313
6790.0,1929,4267.665791
6750.0,1943,4273.479446
6900.0,1980,4279.524226
7760.0,2578,4298.223143
7100.0,1957,4304.1013
3690.0,1594,4308.631107
6630.0,1917,4314.265754
7200.0,1999,4320.280268
7100.0,1960,4326.264974
5370.0,1947,4331.699754
7020.0,1917,4347.56938
7210.0,2845,4355.940611
6780.0,1894,4361.427613
7210.0,1958,4367.092999
8790.0,2613,4375.206736
6840.0,1974,4381.362639
7430.0,2000,4399.053433
5640.0,1991,4405.274278
7140.0,1939,4410.815729
6860.0,1928,4416.205123
7080.0,1941,4421.740971
7020.0,1907,4427.749377
7230.0,1960,4433.767737
7250.0,1957,4451.780503
8200.0,2622,4460.298899
6820.0,1928,4466.478898
4650.0,1429,4470.85966
6900.0,1924,4476.406778
8220.0,2662,4485.278834
6950.0,1929,4503.209296
6730.0,1896,4509.535763
5470.0,1636,4514.149507
8460.0,2598,4522.331855
6930.0,1932,4528.744728
7180.0,1931,4534.770133
6910.0,1978,4553.519163
7160.0,1937,4559.655514
7280.0,1963,4564.797374
7100.0,1967,4570.356808
6590.0,1953,4576.318079
6640.0,1968,4582.505963
6430.0,1958,4588.997442
6940.0,1936,4605.754017
5470.0,1763,4611.434908
6690.0,1911,4617.184484
7040.0,1982,4623.254158
6410.0,1894,4629.349641
7420.0,2013,4635.538947
6780.0,1928,4653.96308
6960.0,1945,4660.296613
6880.0,1963,4666.977533
6910.0,1944,4672.490289
6480.0,1908,4678.543204
7020.0,1982,4684.878484
7060.0,1960,4690.863834
7480.0,1988,4709.702171
6800.0,1869,4715.676353
7110.0,1965,4720.984673
6540.0,1907,4726.474427
5450.0,2007,4732.663193
6780.0,2023,4739.144482
6930.0,1968,4756.654757
8510.0,2749,4764.793947
6380.0,1930,4770.191718
6890.0,1945,4775.463163
7230.0,1974,4781.750857
6910.0,1944,4787.744975
7320.0,1994,4792.919499
6570.0,1938,4809.390071
6930.0,1983,4815.349065
4850.0,1523,4819.994251
6720.0,1935,4825.928583
7470.0,2507,4833.288244
7220.0,1953,4839.277749
6710.0,1943,4856.26929
7090.0,1951,4861.909677
7040.0,1925,4867.597867
8740.0,2663,4875.872745
7390.0,1983,4882.296107
5410.0,1929,4888.563329
7010.0,1948,4904.438024
7010.0,1949,4910.796251
6580.0,1928,4916.450411
6600.0,1945,4921.835278
6670.0,1938,4927.493021
5460.0,1674,4932.607248
6770.0,1887,4938.634164
7580.0,2537,4956.871503
6300.0,1928,4963.19931
6640.0,1980,4968.659934
5520.0,1647,4973.856425
6880.0,1981,4979.616446
7170.0,1968,4985.643192
7350.0,2016,5003.579089
7360.0,1936,5009.788264
6920.0,1960,5015.209318
6820.0,1932,5020.685757
6030.0,1729,5025.376036
6990.0,1943,5031.429771
7070.0,1904,5037.124896
5690.0,1743,5053.030035
6900.0,1938,5059.249899
7260.0,1943,5064.702945
7100.0,1991,5070.607171
6440.0,1995,5076.557523
8310.0,2581,5084.487916
6730.0,1899,5101.431206
6130.0,1932,5107.111222
7250.0,1942,5113.163021
6740.0,1915,5118.710541
6980.0,1962,5123.866643
6560.0,1928,5129.82226
6700.0,1997,5135.871845
6740.0,1919,5152.788189
7180.0,1941,5158.747476
6550.0,1846,5165.059562
6560.0,1911,5170.030129
6710.0,1987,5175.772638
7140.0,1959,5181.738373
7280.0,1985,5187.817107
7440.0,1988,5203.557825
5820.0,1717,5208.525779
7170.0,1995,5214.561535
6550.0,1956,5219.587558
8560.0,3132,5228.728694
6950.0,1946,5234.772206
6100.0,1756,5249.888213
7110.0,1934,5255.815414
7270.0,1962,5261.864962
6400.0,1898,5266.907799
5700.0,2058,5272.959018
9330.0,2736,5281.665259
7550.0,1969,5298.923867
7210.0,1957,5304.966514
7010.0,1974,5311.441062
4770.0,1539,5315.79095
6880.0,1953,5321.35246
6930.0,1927,5326.580822
7230.0,1927,5332.504991
5860.0,1753,5348.173235
6140.0,1935,5354.409322
7540.0,1976,5360.73631
7360.0,1937,5365.864431
6260.0,2096,5371.672727
7300.0,1934,5377.799067
7160.0,1957,5394.809362
6900.0,1992,5401.093121
6570.0,1927,5406.585365
7010.0,1954,5412.443148
6480.0,1897,5417.995015
7140.0,1927,5423.055495
6740.0,1950,5429.146878
7380.0,2006,5447.274548
6880.0,1963,5453.598608
7010.0,1894,5459.377462
7120.0,1959,5464.929523
7350.0,1990,5470.704545
7250.0,1983,5476.694568
7080.0,1948,5492.307182
6860.0,1950,5498.276457
5430.0,1642,5503.328357
7450.0,2007,5509.525465
7040.0,1915,5514.736905
6140.0,1754,5519.913143
7020.0,1934,5525.657446
7390.0,1944,5542.394995
7030.0,2039,5548.486994
7260.0,2004,5554.874247
7350.0,1933,5560.983912
7310.0,1968,5566.308538
5620.0,2010,5572.633374
6830.0,1975,5578.404066
6830.0,1918,5594.916097
3050.0,1241,5598.497159
6950.0,1908,5604.549543
6440.0,1829,5609.924785
7300.0,2030,5615.856547
5520.0,1899,5621.260064
6430.0,1903,5626.615194
4980.0,1551,5642.467788
7140.0,1959,5648.703517
7250.0,1943,5654.699334
5580.0,1700,5659.54304
7570.0,2028,5665.30389
7160.0,1948,5670.543169
6850.0,1936,5689.426101
7110.0,1933,5695.341564
6730.0,1955,5701.690452
6910.0,1928,5707.316268
6980.0,1979,5713.136985
7160.0,1936,5718.668399
7460.0,1970,5724.118989
5320.0,1587,5739.722436
7430.0,1951,5745.804148
6930.0,1949,5752.326708
6960.0,1870,5758.386634
7580.0,1987,5764.083121
7400.0,2018,5770.190387
5400.0,1674,5775.468602
7140.0,1952,5790.05005
6520.0,1920,5795.523834
5180.0,1737,5800.439018
7030.0,1950,5806.259808
7320.0,1950,5812.143276
4250.0,1347,5815.611387
7380.0,1981,5821.312208
7330.0,1967,5837.965372
6620.0,1911,5842.803465
7000.0,1960,5848.690707
7090.0,1950,5854.694129
7000.0,1925,5860.003334
6530.0,1925,5865.68781
4690.0,1486,5869.813108
6860.0,1939,5887.278203
6680.0,1928,5892.187766
6150.0,1773,5897.547126
8790.0,2639,5905.497348
7390.0,1944,5910.80415
5850.0,1681,5915.794625
7230.0,1934,5932.750453
7190.0,1950,5938.459072
6630.0,1975,5944.287294
6360.0,1884,5949.550092
7780.0,2488,5957.217616
6820.0,1880,5962.510121
7080.0,1968,5967.490065
2750.0,1085,5982.040075
5440.0,2006,5987.637098
7240.0,2020,5993.380148
6990.0,1920,5999.426245
9220.0,2732,6007.643632
6890.0,1937,6013.057192
7210.0,1989,6028.519571
5620.0,1692,6033.448247
7350.0,1972,6038.573265
4810.0,1478,6043.065484
7280.0,1929,6049.033314
7120.0,1977,6055.155838
8310.0,2728,6062.833812
8350.0,2606,6081.499956
6940.0,1985,6087.069615
8000.0,2608,6095.007335
4180.0,1582,6099.807247
4800.0,1897,6105.564779
7020.0,1959,6111.265169
4750.0,1606,6127.066434
6820.0,1990,6132.783137
4960.0,1455,6137.005827
7460.0,1987,6142.956
6190.0,1952,6148.978852
7340.0,1929,6154.95973
7040.0,1932,6160.451539
7320.0,1971,6177.753772
7150.0,1945,6184.052809
5820.0,1709,6188.868861
6910.0,1956,6195.031176
6190.0,2109,6201.368907
6720.0,1936,6207.282402
7050.0,1929,6224.223955
7220.0,1939,6229.888057
6670.0,2163,6236.151766
7300.0,2048,6242.28536
5130.0,1466,6246.714969
4610.0,1476,6251.331863
6690.0,1890,6256.508601
5560.0,1615,6272.373251
6690.0,1949,6277.84914
7310.0,1913,6283.191216
4910.0,1484,6287.786909
7690.0,1984,6293.626716
7090.0,1909,6299.564169
7010.0,1930,6305.234904
6790.0,1920,6321.627212
7110.0,1975,6327.204027
4720.0,1438,6331.234293
7440.0,2350,6337.954114
7290.0,1948,6343.899688
6920.0,1965,6350.044369
8610.0,2643,6357.503293
5200.0,1658,6372.472102
4590.0,1405,6376.366575
7240.0,1928,6381.355892
7250.0,1925,6387.472895
7130.0,1911,6393.465732
7300.0,1995,6399.193964
7210.0,1976,6405.098348
6910.0,1997,6422.060282
5420.0,1959,6427.620688
6500.0,1918,6432.883582
8430.0,2555,6440.739024
5580.0,1985,6446.590231
6680.0,1909,6452.241767
7270.0,1973,6469.897042
7210.0,1996,6475.875449
6650.0,1905,6481.489459
7180.0,1970,6487.844503
6830.0,1974,6493.426024
6000.0,1919,6499.422393
5060.0,1972,6516.998281
5910.0,1933,6521.966147
7310.0,2021,6527.634529
6650.0,1909,6533.640458
5390.0,1943,6539.592262
7050.0,1959,6545.148759
7050.0,1943,6550.8882
7080.0,1942,6567.262552
6600.0,1895,6572.115448
6880.0,1933,6578.024956
6790.0,1996,6584.335445
5760.0,1644,6589.338964
6240.0,1812,6594.871314
5110.0,1643,6599.681275
6940.0,1969,6616.95248
7490.0,1969,6622.58444
6990.0,1946,6629.129631
7270.0,1921,6635.313898
6870.0,1915,6640.921759
4910.0,1562,6645.526714
7030.0,1928,6651.344077
7050.0,1988,6668.522747
5580.0,1609,6672.877763
5680.0,2080,6679.119439
7290.0,1941,6684.54235
4680.0,1470,6689.297742
7300.0,1938,6695.271836
6550.0,1886,6700.428753
7150.0,1965,6716.898013
7310.0,1973,6722.35623
7010.0,1932,6728.026637
7720.0,2014,6733.79576
7260.0,1958,6739.796467
7010.0,1906,6745.804483
6550.0,1936,6763.334312
7510.0,1990,6768.700104
6860.0,1941,6774.223002
8900.0,2615,6782.225954
8630.0,2575,6790.162145
7070.0,1959,6796.22917
7320.0,1986,6813.262163
5630.0,2002,6818.694958
7260.0,2004,6824.24439
7670.0,1989,6830.253098
7100.0,1985,6836.628365
7100.0,1919,6842.18844
7000.0,1951,6859.187998
7700.0,2480,6866.326581
5200.0,1644,6870.730053
5590.0,1702,6875.533625
3090.0,1156,6878.915689
7000.0,1908,6884.687363
5070.0,2067,6890.946965
6930.0,1980,6907.918582
7540.0,1978,6913.826522
6720.0,1913,6919.400344
7840.0,1976,6925.653941
3460.0,1315,6929.383303
7260.0,1983,6935.345474
7110.0,1890,6941.264302
6610.0,1937,6958.60457
8350.0,2543,6965.647634
7550.0,1991,6971.59324
7730.0,1929,6977.51375
6650.0,1852,6982.678883
6780.0,1925,6988.960767
6280.0,1885,6995.132591
7330.0,1949,7010.536343
7300.0,2026,7016.362593
6360.0,1823,7021.658158
6470.0,1890,7027.05087
8720.0,2661,7035.254753
7090.0,1924,7041.125754
7130.0,1979,7058.066765
5680.0,1792,7062.906521
7070.0,1902,7068.437868
7370.0,1938,7074.414214
7400.0,1970,7079.958028
5040.0,1706,7085.382705
7280.0,1937,7090.892547
7430.0,1968,7107.74366
6610.0,1909,7113.753552
7200.0,1973,7120.05836
7060.0,1962,7125.83741
6380.0,1832,7131.638338
6930.0,1953,7137.591304
7410.0,1961,7154.138596
7520.0,2001,7160.051508
7150.0,1934,7165.512577
6910.0,1920,7170.659864
7050.0,1932,7176.595058
7310.0,1930,7182.531075
6980.0,1911,7188.135577
7020.0,1932,7205.422974
9320.0,3164,7215.042933
6990.0,1954,7221.319703
7460.0,1997,7227.579474
7200.0,1961,7233.157507
7490.0,1947,7239.071478
7180.0,1948,7256.515629
7200.0,2016,7262.33806
4640.0,1428,7266.544038
6560.0,1888,7272.921294
6990.0,1922,7279.13499
7590.0,1976,7284.562065
6720.0,1928,7290.429273
4490.0,1463,7305.374634
6880.0,1946,7310.908527
6700.0,1949,7315.851301
5640.0,1678,7320.422371
7070.0,1959,7326.464116
7220.0,2025,7332.688451
4940.0,1523,7337.106108
7080.0,1940,7353.99995
5130.0,1544,7358.432948
7440.0,2017,7363.731666
7330.0,1938,7369.321848
4480.0,1436,7374.023693
7130.0,1943,7379.972152
7530.0,2007,7385.606284
7160.0,1945,7402.952464
7400.0,1980,7408.701846
7050.0,1930,7413.989048
7960.0,2009,7420.180077
5400.0,1570,7424.994713
6400.0,1776,7430.804047
7040.0,1927,7436.406472
7070.0,1978,7453.375231
7210.0,1972,7459.18143
7040.0,1906,7464.631769
7330.0,2013,7470.604493
7530.0,2012,7476.308835
7270.0,1988,7482.334332
5010.0,1491,7497.832085
7150.0,1959,7503.429522
6630.0,1853,7508.197482
7320.0,1914,7514.237405
5180.0,1601,7519.075405
6560.0,1887,7524.753824
7310.0,1984,7530.997323
7630.0,1934,7549.304605
7550.0,1938,7554.816295
5530.0,1662,7559.342128
7130.0,1922,7564.436808
5800.0,1632,7569.768762
7070.0,1941,7575.69024
4900.0,1481,7580.321691
6000.0,2132,7596.854845
6450.0,1899,7602.363252
7130.0,1962,7607.897558
6660.0,1922,7613.005766
5460.0,1599,7617.634315
6910.0,1901,7623.832989
6360.0,1923,7629.589253
7340.0,1963,7647.415334
7190.0,1995,7653.088346
6920.0,1909,7658.504084
6590.0,1893,7663.798621
7080.0,1974,7670.118779
8320.0,2486,7678.062689
6220.0,1897,7695.659298
7120.0,1916,7701.373462
5230.0,1536,7705.827789
7250.0,1903,7711.383229
7470.0,1966,7716.516688
6980.0,1916,7722.639271
7260.0,1958,7728.668348
6710.0,1916,7746.052748
7260.0,1985,7751.942936
6980.0,1914,7757.638286
7340.0,1973,7763.401397
7400.0,1995,7768.760522
7000.0,1936,7774.70972
4910.0,1556,7779.402112
4880.0,1475,7794.939608
6930.0,1940,7801.03855
7010.0,1910,7806.07728
7280.0,1979,7811.452758
7190.0,1939,7816.805805
6890.0,1899,7822.443808
7180.0,1935,7828.591237
7430.0,1982,7846.191905
7210.0,1964,7851.422651
6790.0,1929,7856.801895
4710.0,1515,7861.091592
7180.0,1925,7866.867956
7200.0,1955,7872.612088
8250.0,2561,7892.138013
7120.0,1957,7898.381078
5880.0,1731,7903.157677
7590.0,1940,7908.568608
7220.0,1956,7914.074481
5150.0,1669,7919.013704
7430.0,1956,7925.001733
4130.0,1382,7939.561802
7070.0,1936,7945.701878
7180.0,1980,7951.617972
7250.0,1951,7956.805853
6960.0,1936,7961.623708
5940.0,2028,7967.649053
5970.0,1725,7972.777215
7240.0,1931,7990.001845
7120.0,1930,7995.894581
5060.0,1545,8000.34469
5360.0,1653,8004.656445
7490.0,1951,8009.791576
7190.0,1941,8014.773697
7230.0,1974,8020.841331
6910.0,1900,8037.644427
6940.0,1951,8043.179442
7160.0,1929,8048.826496
7070.0,2018,8054.37365
7180.0,1984,8060.124998
7060.0,1916,8065.766062
6080.0,2069,8072.194909
4730.0,1895,8090.154962
7040.0,1906,8095.994806
5030.0,1594,8100.374299
7190.0,1924,8105.028609
7360.0,1948,8110.581709
7360.0,1970,8116.602073
7190.0,1963,8134.26439
6410.0,2143,8140.695427
8270.0,2686,8148.269701
6310.0,1717,8152.697912
7370.0,1945,8158.205332
6710.0,1933,8163.37578
4880.0,1462,8167.718131
7030.0,1949,8184.510156
7150.0,1903,8189.919465
4830.0,1536,8194.571888
7320.0,1946,8200.02419
7120.0,1953,8205.337944
2460.0,996,8208.089155
6690.0,2137,8214.373908
6890.0,1928,8231.313877
7090.0,1933,8237.29031
7230.0,1954,8243.305149
7140.0,1970,8248.7477
7510.0,2028,8253.813308
7210.0,1929,8259.399226
6830.0,1904,8265.439125
4670.0,1464,8281.335525
7220.0,1991,8286.854826
7260.0,1927,8293.166546
7500.0,1999,8298.730841
5400.0,1524,8302.882878
7420.0,1958,8308.268192
6990.0,1944,8314.398076
7410.0,1960,8332.088095
6880.0,1902,8338.040746
7000.0,1943,8343.648563
7230.0,1923,8349.251379
7470.0,2040,8354.729983
5540.0,1662,8359.33594
6940.0,1928,8375.830209
7050.0,1973,8381.503214
6470.0,1973,8387.636213
6820.0,1893,8393.786377
6700.0,1838,8398.909194
8550.0,2558,8406.389244
7000.0,1935,8412.608578
7500.0,2386,8430.884791
7120.0,1931,8436.982542
8790.0,2590,8444.877479
7070.0,1922,8450.012998
6810.0,1892,8454.705959
7220.0,1983,8460.66061
6640.0,1922,8478.969764
7190.0,1928,8485.096544
7230.0,1956,8490.583383
4830.0,1545,8494.924155
7360.0,1960,8500.052062
7780.0,2471,8507.094779
7030.0,1924,8522.934502
6970.0,1939,8528.863995
6620.0,1926,8534.789333
5320.0,1641,8539.733327
6980.0,1901,8544.962318
7210.0,1933,8550.410242
6910.0,1930,8556.292991
7190.0,1949,8573.979311
6760.0,1840,8579.755717
6540.0,1910,8585.565991
7250.0,1949,8591.331938
4980.0,1556,8595.690376
7140.0,1991,8600.901371
7070.0,1872,8606.02273
7290.0,1955,8622.758253
7180.0,1902,8628.843227
6700.0,1873,8634.763888
4180.0,1491,8638.916907
7120.0,1921,8644.514572
7020.0,2004,8649.81033
6980.0,1952,8655.47925
4570.0,1459,8671.079851
7070.0,1926,8676.981648
7130.0,1974,8683.03502
7210.0,1954,8688.965437
7370.0,1964,8694.351179
7380.0,1966,8699.474499
7220.0,1999,8716.415055
7250.0,1932,8722.457426
8740.0,2669,8730.628624
6880.0,1928,8736.216237
2370.0,1003,8739.166699
7250.0,1938,8744.678566
7480.0,1989,8750.103496
7170.0,1934,8765.43915
7420.0,1974,8771.621827
7010.0,1931,8777.458626
7340.0,1953,8783.596504
7040.0,1931,8789.357037
7230.0,1955,8795.068074
6910.0,1932,8800.310959
6240.0,2099,8816.461362
7030.0,1945,8821.978953
7180.0,1947,8828.062427
7440.0,2012,8834.201396
7080.0,1917,8839.904166
7000.0,1940,8844.994117
7160.0,1982,8861.300093
8240.0,2576,8869.248373
7080.0,1967,8875.322493
6860.0,1932,8881.159743
7160.0,1891,8887.364837
7270.0,1944,8893.470119
5060.0,1490,8897.393273
6980.0,1955,8913.950292
6130.0,2103,8920.478006
7200.0,1965,8926.652619
5200.0,1497,8931.527831
6850.0,1944,8938.092018
7080.0,1948,8943.450005
6750.0,1926,8960.776803
7170.0,1946,8966.97588
4770.0,1637,8972.105468
6520.0,1966,8977.6917
7240.0,1937,8983.665047
6590.0,1933,8989.593863
6190.0,1840,8994.777725
7230.0,1946,9011.132316
7350.0,1997,9017.525252
7210.0,1921,9023.611496
6610.0,1798,9029.257842
4520.0,1456,9033.70741
6750.0,1936,9039.352573
4740.0,1644,9044.643227
6790.0,1884,9060.216011
5280.0,1632,9065.314283
5820.0,1978,9071.730252
6600.0,1932,9077.828668
6170.0,1761,9082.920014
5820.0,1710,9088.203075
7410.0,1961,9094.208287
7350.0,1932,9110.359872
6940.0,2015,9116.627325
8490.0,2610,9124.653975
6810.0,1863,9130.246667
5390.0,1685,9135.371239
6360.0,1854,9141.328829
7290.0,1966,9146.70509
6490.0,1873,9162.944992
5060.0,1540,9167.782209
5740.0,1998,9173.851591
5750.0,1978,9180.196459
7570.0,1953,9185.695139
6520.0,1887,9191.667798
7350.0,1965,9197.211223
7310.0,1952,9211.600557
7370.0,2036,9218.05744
7120.0,1909,9223.788738
6940.0,1923,9229.954352
7220.0,1921,9235.696918
6550.0,1750,9241.314347
6880.0,1962,9257.853784
7660.0,1994,9264.082628
7070.0,1933,9270.102588
7360.0,1928,9276.22767
8510.0,2586,9283.506567
7330.0,1916,9289.588741
5670.0,2125,9306.498815
7070.0,1919,9312.4996
7110.0,1926,9318.756289
7250.0,1986,9324.567949
6760.0,1927,9330.572843
7320.0,1951,9336.566839
7320.0,2008,9342.822544
7210.0,1947,9357.95659
6470.0,1894,9364.018527
7390.0,1986,9370.038166
2980.0,1101,9373.183683
6900.0,1978,9379.352716
6970.0,1966,9384.910106
7090.0,1930,9390.996612
6930.0,1964,9407.621092
7220.0,1941,9413.248794
7400.0,1982,9419.274571
7740.0,1981,9425.467974
7190.0,1964,9431.712932
5540.0,1647,9436.837786
8860.0,2644,9456.143277
5360.0,1587,9460.588048
5910.0,2045,9466.822892
7650.0,1972,9473.078031
8940.0,2581,9481.426256
6590.0,1886,9486.894374
7250.0,1950,9492.818665
7130.0,1991,9509.264471
7610.0,1971,9515.275601
4960.0,1492,9519.620799
7060.0,1975,9525.883209
7140.0,1904,9532.126375
4790.0,1510,9536.738228
6990.0,1937,9542.103569
7160.0,1946,9560.445446
6890.0,1935,9566.408085
7070.0,1975,9572.064368
7440.0,2029,9578.319123
8240.0,2579,9586.222726
6710.0,1923,9592.037283
7460.0,1961,9608.685694
7200.0,1925,9614.463192
6850.0,1923,9620.289269
8450.0,2735,9628.212042
7010.0,1971,9634.323466
7460.0,1993,9640.42752
5150.0,1582,9655.750132
6200.0,1914,9661.180472
7550.0,1954,9667.504008
5080.0,1506,9672.325136
6810.0,1917,9678.318497
7210.0,1954,9683.756535
6570.0,2182,9691.096085
6720.0,1929,9708.490634
7110.0,1898,9714.38238
6970.0,1947,9720.560859
7270.0,1952,9725.946572
7060.0,1938,9731.935173
7390.0,1978,9737.961995
6920.0,1922,9743.30688
7620.0,1973,9759.360526
8610.0,3117,9769.095449
7440.0,1952,9775.653133
7120.0,1950,9782.149119
7120.0,1904,9787.952612
7120.0,1925,9804.509844
5790.0,1687,9809.137037
6990.0,1963,9814.973472
7210.0,1962,9820.991769
7220.0,1953,9826.407945
7010.0,1947,9832.406153
6910.0,1908,9838.33816
6880.0,1943,9854.803337
6600.0,1896,9860.730632
6380.0,1920,9867.318982
7090.0,1961,9873.451853
4760.0,1478,9877.991711
7320.0,2001,9884.270794
7070.0,1952,9890.424986
7070.0,1927,9907.126406
6600.0,1888,9913.226802
7070.0,1934,9919.570864
6110.0,1868,9924.837206
4630.0,1402,9929.220066
6900.0,1934,9935.246456
6710.0,1924,9940.886228
8900.0,2711,9960.400285
5090.0,2132,9966.8176
8530.0,2610,9974.704287
7010.0,1916,9980.312757
6650.0,1927,9986.373774
6980.0,1909,9992.35694
6840.0,1901,10008.619633
6800.0,1924,10014.157732
6990.0,1926,10019.718434
7100.0,2346,10027.513893
7440.0,1954,10033.441525
4360.0,1445,10037.387257
7480.0,1916,10055.231288
6230.0,2063,10061.083009
7300.0,1925,10067.031789
6390.0,2145,10073.873091
8080.0,2510,10081.241209
7070.0,1955,10086.832683
6730.0,1870,10092.802678
5740.0,1694,10109.487568
7080.0,2031,10115.496767
6570.0,1881,10121.669665
7460.0,1972,10127.895108
4770.0,1440,10132.632187
7190.0,1977,10138.75209
7230.0,1958,10144.69119
7320.0,1949,10161.797304
7170.0,1938,10167.508955
7130.0,1947,10173.959649
7260.0,1994,10179.988904
7430.0,1995,10186.668762
7150.0,1965,10193.018583
7170.0,1984,10210.589223
6680.0,1928,10216.069722
4790.0,1464,10220.85472
5320.0,1671,10226.223603
6440.0,1799,10232.256324
7240.0,1964,10238.835073
8440.0,2575,10246.997299
7220.0,1937,10263.667871
7020.0,1947,10269.511795
6940.0,1934,10275.809129
6530.0,1901,10281.788765
7570.0,2020,10288.524255
6030.0,1637,10293.8199
6330.0,1784,10300.103366
7350.0,1926,10316.12239
6230.0,1781,10321.487106
7240.0,1943,10327.234039
7170.0,1904,10333.59342
7480.0,1987,10340.119975
7150.0,1896,10346.060422
7180.0,1944,10364.30077
6770.0,1968,10369.894551
7150.0,1960,10376.190318
7320.0,2002,10382.345084
6880.0,1902,10388.926544
6720.0,1950,10395.549377
7330.0,1975,10402.219281
6990.0,1969,10420.276624
7200.0,1953,10426.34972
7180.0,1962,10432.626427
8230.0,2510,10440.875343
7250.0,1964,10447.07814
7100.0,1969,10453.698421
7080.0,1944,10470.565093
9550.0,3639,10481.760226
6940.0,2049,10488.214104
6490.0,1906,10493.97677
6950.0,1860,10500.099111
7110.0,1924,10506.56676
6840.0,1930,10525.050138
6880.0,1944,10531.47276
6920.0,1918,10537.692697
7240.0,2019,10543.73108
7480.0,1989,10549.960908
4920.0,1674,10555.011768
6830.0,1892,10561.253308
6970.0,1952,10578.858669
7250.0,1954,10585.193273
6500.0,1931,10590.884064
5510.0,2475,10599.055195
7180.0,1934,10605.647052
7100.0,1947,10611.508489
7210.0,1974,10629.536765
5290.0,1671,10634.47073
7200.0,1931,10640.461842
7310.0,1960,10646.676651
7160.0,1922,10652.331307
7390.0,2026,10658.71528
9220.0,2676,10678.72708
7060.0,1914,10685.101818
6710.0,1930,10691.299812
7080.0,1953,10697.047991
7300.0,1934,10703.109816
7330.0,2001,10709.524873
7040.0,1900,10715.129621
7550.0,1999,10732.545209
3550.0,1318,10737.11088
4820.0,1448,10741.680569
8470.0,2647,10750.007683
4040.0,1784,10755.37712
7220.0,1948,10761.559261
11420.0,3138,10782.697354
7300.0,1963,10788.670681
7040.0,1944,10794.976386
6920.0,1943,10801.160776
7210.0,1966,10807.137182
8390.0,2552,10815.063557
4940.0,1474,10831.044197
4810.0,1471,10835.848547
8980.0,2677,10844.567559
5720.0,1567,10849.192113
6980.0,1930,10854.657063
7260.0,2426,10861.251474
7220.0,1943,10867.182434
1950.0,1285,10882.936987
5930.0,2092,10889.27477
4350.0,1425,10893.384004
6700.0,1917,10899.492685
7560.0,1987,10905.480129
7440.0,1952,10910.938875
6650.0,1926,10917.437409
7040.0,1921,10935.614866
7400.0,1957,10942.200107
5090.0,1457,10946.70201
7230.0,1934,10952.659288
6790.0,1921,10958.448053
7430.0,2034,10965.127348
7790.0,2013,10971.009591
7240.0,1979,10988.141466
9320.0,3063,10997.516642
6860.0,1906,11003.240566
7050.0,1914,11009.031519
7000.0,1921,11015.333906
6950.0,1986,11021.844201
7490.0,1982,11041.102616
6930.0,1906,11046.849301
7410.0,1937,11053.05032
7270.0,1919,11058.748779
7250.0,1976,11064.78684
7240.0,1950,11070.605841
7330.0,1914,11089.339425
6640.0,1924,11094.862674
7500.0,1944,11101.264933
7170.0,1949,11107.576995
6890.0,1946,11112.964969
7500.0,1964,11118.564158
6520.0,2229,11125.069361
7130.0,1905,11142.646223
6310.0,2052,11148.894087
6970.0,1930,11155.24951
6960.0,1928,11161.049703
7330.0,2025,11167.224762
7400.0,1946,11173.343029
6960.0,1909,11190.866516
7300.0,1981,11196.62869
6380.0,1838,11202.831354
7260.0,1978,11208.581671
7010.0,1964,11214.522876
6840.0,1902,11220.040033
7880.0,2518,11227.098451
7670.0,2023,11243.856492
5540.0,1726,11249.092887
7170.0,1966,11255.250358
7020.0,1884,11260.553878
7150.0,1891,11266.495454
7210.0,2389,11273.081517
7280.0,2429,11291.618863
6190.0,1852,11297.610757
5640.0,1717,11303.038639
8330.0,2525,11311.05614
7980.0,2462,11317.872483
7050.0,1947,11323.480994
7390.0,1973,11339.974507
6660.0,1942,11345.766088
6960.0,1954,11352.071481
6410.0,1928,11358.181753
7300.0,1981,11364.234178
6710.0,1909,11369.833473
7090.0,1913,11375.735209
5500.0,1647,11391.370408
7080.0,2320,11398.675088
5080.0,1590,11403.475358
6270.0,2108,11409.844541
7740.0,1982,11415.615506
6820.0,1939,11421.472989
7560.0,1992,11437.782953
7140.0,1966,11444.196057
6720.0,2138,11450.724562
5250.0,1660,11455.755947
7190.0,1951,11462.168499
7080.0,1913,11467.895025
7210.0,1975,11473.655952
7220.0,1903,11490.443388
7560.0,1961,11496.225613
7070.0,1865,11502.183147
8440.0,2560,11509.91529
7550.0,1923,11515.819333
7540.0,1986,11521.23179
6600.0,1813,11537.855991
6870.0,1936,11543.943076
7430.0,1967,11550.270569
7130.0,1931,11556.224535
7440.0,1982,11562.192405
7400.0,1979,11567.696459
6960.0,1905,11573.27571
7290.0,2009,11590.35991
5960.0,1700,11595.315446
7180.0,1933,11601.121647
5290.0,1631,11605.67374
6920.0,1895,11611.619838
6930.0,1875,11616.636148
7740.0,2411,11623.883844
6730.0,1893,11640.202893
7630.0,1983,11646.493699
7000.0,1982,11652.575549
5380.0,1682,11657.607131
7240.0,1910,11663.590442
7160.0,1920,11669.01275
7000.0,1949,11686.090325
7220.0,1934,11692.162995
6850.0,1917,11697.939641
5210.0,1916,11704.160024
6870.0,1966,11710.203639
7410.0,1972,11716.172542
5330.0,1676,11721.104819
6970.0,1937,11739.756202
6690.0,2190,11746.535492
5200.0,1603,11751.561919
7300.0,1972,11757.690962
7390.0,1981,11762.844899
7330.0,1958,11768.790248
6700.0,1898,11774.716743
5980.0,1740,11790.916735
7870.0,2489,11798.736227
6940.0,1935,11804.848346
7000.0,1913,11809.927165
7530.0,1978,11815.541626
7260.0,1983,11821.455569
6030.0,1800,11837.008642
7030.0,1931,11843.49694
6570.0,1895,11849.484104
6910.0,1947,11854.815681
7450.0,1974,11860.522962
2370.0,1032,11863.625005
6360.0,2100,11870.059435
7030.0,1913,11886.170963
7660.0,1974,11891.674908
4810.0,1427,11896.179252
4950.0,1533,11900.749974
7200.0,1968,11906.472257
7080.0,1891,11911.876422
7140.0,1986,11917.94227
7330.0,1948,11935.321973
6900.0,1926,11940.897692
7040.0,1937,11946.304007
8170.0,2621,11953.743325
7350.0,1950,11959.97482
6760.0,1853,11965.772079
4930.0,1999,11982.873197
6730.0,1921,11988.176322
4000.0,1301,11991.327507
6650.0,1798,11996.534861
7030.0,1937,12002.363463
7240.0,1993,12008.045441
5140.0,1519,12012.692395
6740.0,1901,12018.253381
7090.0,1964,12034.841196
7420.0,2055,12040.406126
7450.0,1937,12045.551408
7140.0,1977,12051.983793
5650.0,1773,12057.137556
7180.0,1946,12063.202539
5010.0,1471,12079.203479
7000.0,1968,12084.868169
7240.0,1995,12090.005063
7250.0,1922,12095.749189
7130.0,1941,12101.710534
6650.0,1919,12107.290779
5930.0,1800,12113.202097
5650.0,1664,12129.89629
5140.0,1585,12134.283047
7100.0,1948,12139.790852
7150.0,2008,12146.134361
6640.0,2180,12152.978181
6930.0,1915,12158.835154
6810.0,1893,12165.274708
7110.0,1935,12182.462324
7470.0,1962,12187.587276
6370.0,2092,12193.795792
7250.0,1967,12200.588729
7100.0,1944,12207.159545
7290.0,1953,12213.712806
6570.0,1906,12230.947605
7040.0,1972,12236.85925
8880.0,2674,12244.439943
7250.0,1976,12251.004658
7330.0,1982,12257.774096
5140.0,1500,12262.329317
6200.0,1985,12268.930363
7390.0,2006,12286.219662
6810.0,1922,12292.025979
6870.0,1891,12297.215829
7150.0,1942,12303.737483
7740.0,1961,12310.302402
7070.0,1949,12316.645668
4470.0,1424,12320.935144
7180.0,1989,12338.20179
7180.0,1969,12343.950499
7360.0,1933,12349.560399
6810.0,1928,12355.08366
7370.0,1959,12361.589885
7000.0,1925,12368.079198
7110.0,1937,12385.259547
7280.0,1914,12391.49001
6920.0,1947,12397.342963
6920.0,1950,12402.401339
7200.0,1925,12408.393917
7160.0,1962,12414.979989
6440.0,1943,12421.628499
4860.0,1557,12438.990537
7200.0,2014,12445.19263
6890.0,1914,12450.762687
7160.0,1918,12456.235564
6670.0,1975,12462.033097
7100.0,1945,12468.287941
4720.0,1471,12473.064085
6900.0,1914,12491.531087
7490.0,1896,12497.550763
7390.0,1947,12503.437024
7530.0,2051,12509.372048
7260.0,1940,12515.52339
7010.0,1892,12520.660289
7120.0,1945,12537.879209
7800.0,1985,12544.551044
6800.0,1938,12550.468804
7780.0,2495,12557.941593
6870.0,1887,12563.669308
7220.0,1924,12569.390637
7290.0,1955,12575.48051
5220.0,1608,12592.668958
7330.0,1942,12598.678078
5010.0,1475,12603.074908
6280.0,1875,12608.283424
6960.0,2001,12613.905459
7120.0,1906,12619.352464
7240.0,1946,12624.907328
7470.0,2035,12643.510872
6740.0,1943,12649.444658
6520.0,1935,12655.212279
6940.0,1953,12660.339172
7270.0,1936,12665.803668
6690.0,1898,12671.081241
7330.0,1936,12687.627539
7100.0,1952,12693.768015
6800.0,1894,12699.370868
7350.0,1991,12705.563962
7270.0,1995,12711.590073
6860.0,1935,12717.383199
5240.0,1575,12721.61656
7020.0,1990,12738.277643
5250.0,1608,12743.431166
7240.0,1930,12748.653974
6860.0,1891,12754.608953
6840.0,2116,12761.0992
6780.0,1951,12766.905225
6990.0,1921,12771.69023
6790.0,1980,12789.207497
7200.0,1949,12795.602513
6970.0,1949,12802.019705
7360.0,1983,12807.782166
7410.0,1985,12813.653535
6690.0,1897,12819.01747
5620.0,1607,12834.677542
4420.0,1525,12839.403946
6510.0,1768,12844.889368
7400.0,1963,12851.195461
6960.0,1956,12857.525258
5270.0,1629,12862.304783
4930.0,1478,12865.982831
7280.0,1958,12871.039276
7050.0,1951,12887.990983
7240.0,1944,12894.18538
7350.0,1965,12900.144882
6020.0,2112,12906.64355
7050.0,1929,12912.83019
7360.0,1957,12918.4393
6930.0,1954,12935.61871
7110.0,1961,12941.170705
5290.0,1632,12946.238665
7090.0,1975,12952.392728
7010.0,1962,12958.39251
7410.0,2002,12964.399347
6940.0,1945,12969.535074
6930.0,1983,12986.817056
6730.0,1946,12992.755715
6790.0,1899,12998.646048
6830.0,1912,13004.290116
6720.0,1907,13009.986491
6670.0,1928,13015.088105
6790.0,1975,13021.109662
7040.0,1996,13038.888191
7050.0,1954,13044.845167
6970.0,1945,13050.379798
6990.0,1911,13056.245175
7090.0,1938,13061.831004
7440.0,2523,13069.016139
7320.0,1991,13085.916299
6950.0,1984,13092.141666
7380.0,1932,13098.283411
6970.0,1936,13104.540546
7140.0,1952,13110.215051
7430.0,1998,13116.411063
7270.0,1966,13134.375055
6580.0,1909,13140.469302
7300.0,2047,13146.479698
6200.0,1904,13152.566497
8210.0,2666,13160.468261
7310.0,2023,13166.790176
6760.0,1962,13184.167998
7210.0,1949,13189.525444
6670.0,1836,13195.132069
6740.0,1895,13200.761136
7100.0,1965,13206.463658
6040.0,1758,13212.47721
7710.0,2367,13219.539901
7350.0,1981,13236.194824
6520.0,1890,13242.199542
4550.0,1460,13245.877379
7400.0,1892,13251.265714
6950.0,1969,13257.173372
7320.0,1941,13262.93789
6910.0,1905,13268.885678
6470.0,1876,13286.27554
7000.0,1950,13292.090558
6950.0,1943,13297.656137
5280.0,1591,13302.035787
6740.0,1844,13307.947225
6670.0,1938,13313.619114
7470.0,1997,13319.883055
7270.0,1898,13335.52767
7200.0,1943,13341.02178
7190.0,1990,13346.713063
6980.0,1942,13352.567458
6990.0,1929,13358.742033
4720.0,1527,13362.989123
7750.0,2007,13369.422822
7370.0,1998,13387.711097
7160.0,1979,13393.211238
6930.0,1883,13398.191014
6910.0,1904,13404.187168
7150.0,1953,13410.31845
7770.0,2027,13416.864155
6050.0,1939,13432.980528
7190.0,1943,13438.569724
7180.0,1975,13444.038563
6980.0,1824,13449.125319
7790.0,2396,13456.431654
6730.0,1925,13462.460616
7410.0,1949,13479.583999
6620.0,1909,13485.21238
7120.0,1942,13490.666653
5280.0,1738,13495.774491
6940.0,1892,13501.80633
6730.0,1920,13507.355345
7330.0,1931,13513.113404
7190.0,1934,13529.6066
7500.0,2003,13534.988944
6790.0,1946,13540.644623
6150.0,1889,13546.790712
7030.0,1970,13552.624232
4720.0,1447,13557.313229
7320.0,1939,13563.700816
7200.0,1957,13580.648769
7530.0,1959,13585.82727
6970.0,1934,13591.461994
6730.0,1886,13597.544622
6980.0,1891,13603.171558
6790.0,1996,13609.493321
7090.0,1934,13615.308586
4480.0,1504,13631.254117
7020.0,1885,13636.663315
6130.0,2054,13643.30922
7240.0,1977,13649.378088
6500.0,2214,13656.212018
6900.0,1914,13662.708319
7250.0,1921,13679.475173
7460.0,1982,13684.893092
6450.0,2055,13691.309387
8700.0,2712,13699.661451
6570.0,1874,13706.142252
5680.0,1664,13711.046565
5120.0,1614,13715.803097
7070.0,1944,13732.76387
7050.0,1960,13738.413341
7350.0,1988,13744.052883
7350.0,1932,13749.959759
7540.0,1945,13755.913821
7730.0,1932,13762.21278
7570.0,1972,13778.62426
7350.0,1923,13784.628404
7290.0,1933,13790.739676
6620.0,1911,13796.222105
7580.0,1919,13802.230344
7380.0,1998,13808.555255
7250.0,1924,13814.081655
7520.0,2009,13831.115031
7200.0,1969,13837.069117
7060.0,1917,13843.364942
7020.0,1918,13849.239958
7410.0,1932,13855.398623
6960.0,1880,13861.319098
6710.0,1886,13866.843135
6960.0,1923,13884.249723
4820.0,1440,13888.689157
5130.0,1481,13892.85777
7500.0,1977,13899.492665
6010.0,1659,13904.617481
7150.0,1955,13910.673995
7180.0,1924,13916.87638
6890.0,1908,13933.373458
7230.0,1945,13939.35527
7000.0,1924,13945.758673
7090.0,1913,13951.561748
7250.0,1917,13958.037525
7700.0,2009,13964.064463
5280.0,1590,13968.510339
6970.0,1906,13985.952482
6510.0,1900,13991.134744
6900.0,1891,13997.281466
6610.0,2131,14004.261935
7050.0,1931,14010.067139
7250.0,1949,14016.263703
7340.0,1954,14034.045401
7470.0,1923,14039.911212
7430.0,1993,14045.861224
7240.0,1985,14052.463906
7610.0,1998,14059.064617
7410.0,2014,14065.221847
7420.0,1984,14070.967351
7120.0,1958,14087.866632
6900.0,1899,14093.968344
7060.0,1946,14099.920892
6870.0,1996,14105.982795
6990.0,1964,14112.622898
6930.0,1941,14118.402749
7380.0,1977,14138.202475
6740.0,1939,14143.897827
6940.0,1862,14150.0532
7330.0,1946,14156.617183
7340.0,1925,14162.701881
7240.0,1965,14168.565729
6960.0,1926,14174.422153
6830.0,1955,14191.602622
7440.0,1962,14197.757207
7290.0,1957,14204.091491
8560.0,2600,14212.464335
7190.0,1911,14218.67591
6640.0,2168,14225.227942
7180.0,1959,14243.038876
6450.0,1945,14249.153384
4750.0,1451,14253.628103
5610.0,1966,14259.702464
6850.0,1886,14265.7453
7430.0,1903,14271.625905
5820.0,1750,14276.740691
7290.0,1978,14294.055877
7410.0,1970,14300.226868
7300.0,1970,14306.092104
7510.0,2038,14312.780708
4920.0,1495,14317.494157
6980.0,1964,14323.761731
5140.0,1469,14328.325463
7230.0,1969,14347.364109
7400.0,1893,14353.253521
6850.0,1849,14358.583764
6700.0,1867,14364.548369
7510.0,1954,14370.637177
5030.0,1583,14375.677985
7250.0,1896,14381.254342
7670.0,1974,14399.081124
5510.0,1950,14405.188301
7170.0,1933,14411.017603
7530.0,1932,14416.646982
7210.0,2012,14423.164885
2580.0,959,14426.287426
5710.0,1741,14431.473721
7060.0,1973,14449.188414
7470.0,1941,14455.504258
4860.0,1586,14460.192899
6440.0,1882,14465.185148
7120.0,1945,14471.122102
6980.0,1914,14477.52527
7040.0,1939,14483.344197
7430.0,1966,14501.938775
7470.0,1960,14508.24959
7090.0,1938,14513.373249
7300.0,1960,14519.339979
7220.0,1904,14525.832081
6860.0,1891,14531.709969
6980.0,1967,14548.880961
7150.0,1927,14555.138311
7430.0,1992,14560.777981
7340.0,1953,14565.799864
9060.0,2641,14573.983222
7000.0,1965,14580.612107
6450.0,2257,14599.050587
7460.0,2033,14605.590238
6000.0,1923,14611.452546
7630.0,1995,14617.355721
7130.0,1902,14622.888113
6950.0,1941,14629.402141
6700.0,2108,14636.003294
7130.0,1962,14654.469648
7260.0,1905,14660.034698
7070.0,1946,14666.354439
7640.0,1949,14672.53085
6900.0,1949,14678.82307
6950.0,1964,14684.804598
6850.0,1939,14690.938936
7060.0,1950,14708.671406
7550.0,1979,14714.526366
6570.0,1907,14720.615415
7250.0,1916,14726.703598
5540.0,1666,14731.739342
7230.0,1912,14737.546783
7280.0,1951,14756.26385
7120.0,1937,14762.228559
6870.0,1902,14768.643529
4830.0,1566,14773.30531
5180.0,1610,14778.222227
6860.0,1927,14783.69501
7140.0,1958,14789.931187
7240.0,1957,14807.543766
7300.0,1986,14813.719589
6880.0,1956,14819.862029
5630.0,1786,14825.493243
6170.0,1767,14830.682487
7090.0,1921,14836.91448
6840.0,2019,14843.506572
7360.0,1993,14860.936405
6900.0,1929,14867.145053
6830.0,1946,14873.763541
7120.0,2017,14880.111698
7160.0,1982,14885.866158
7120.0,1988,14892.534264
6870.0,1963,14908.175348
7650.0,2002,14914.417242
6930.0,1953,14920.184437
6270.0,1759,14925.90601
7330.0,1943,14931.812775
7520.0,1942,14937.850283
6510.0,1841,14943.809191
7250.0,1976,14959.671221
6730.0,1919,14965.933164
7180.0,1864,14971.717495
4760.0,1554,14976.372865
6260.0,1842,14981.759481
7200.0,1974,14987.811873
6710.0,1874,14993.249524
7150.0,1949,15009.78068
6590.0,1916,15015.689867
7220.0,1879,15021.092914
6620.0,1950,15027.451744
6240.0,1709,15032.939968
7590.0,1896,15038.901845
5670.0,1659,15043.908095
5270.0,1669,15059.203051
7380.0,1991,15065.123511
7160.0,1965,15071.176996
7100.0,1904,15076.900103
7530.0,1960,15083.154171
6990.0,1902,15089.202088
7090.0,1926,15094.92991
7130.0,1927,15111.863147
4820.0,1419,15116.402635
6880.0,1908,15122.451826
7020.0,1939,15127.922133
7020.0,1955,15133.948101
6660.0,1913,15139.825092
7520.0,1949,15144.752488
7170.0,1922,15161.570016
7210.0,1943,15167.481831
6880.0,1882,15172.965886
5950.0,1644,15177.969518
7420.0,2007,15184.271804
6570.0,1868,15189.975665
7230.0,1908,15205.638556
7180.0,1976,15211.557049
7150.0,1982,15218.047462
7180.0,1936,15224.483989
7070.0,1959,15230.345498
7330.0,1938,15236.285236
7260.0,1957,15242.234055
7200.0,1952,15259.298221
7090.0,1936,15265.156598
5390.0,1604,15270.166179
6760.0,1871,15276.147865
7000.0,1912,15281.728551
6890.0,1894,15287.151665
6970.0,1865,15292.667814
8980.0,2728,15312.483141
7460.0,1986,15319.0481
7410.0,1958,15324.638746
5040.0,1456,15329.269862
7230.0,1968,15335.034817
7580.0,1982,15341.229882
7270.0,1956,15358.194391
5620.0,1660,15363.811553
7270.0,1998,15369.594081
7210.0,1942,15375.900511
7340.0,1976,15381.925307
7280.0,2005,15388.288053
7060.0,1885,15393.975472
7370.0,1979,15411.660446
4760.0,1557,15416.704301
7410.0,1971,15422.892686
7270.0,1957,15428.586711
7490.0,1960,15434.257562
8060.0,2018,15440.672932
7120.0,1926,15447.074631
7060.0,1990,15464.07515
7250.0,1964,15470.068587
7370.0,1966,15476.270756
6690.0,1914,15482.167895
7240.0,1982,15488.585938
5610.0,1666,15493.90321
7480.0,1927,15510.369088
5880.0,1769,15515.637189
7360.0,1967,15521.089454
7170.0,1904,15526.4989
7100.0,1936,15532.22149
4820.0,1490,15537.174018
7240.0,1913,15542.899097
7100.0,1969,15560.449555
7380.0,1977,15566.064565
7390.0,1944,15571.675006
5930.0,1761,15576.406016
6590.0,1941,15582.301038
7330.0,1968,15587.91312
6190.0,1675,15593.508113
7350.0,1983,15609.443131
7060.0,1916,15614.704905
5910.0,1770,15619.327536
7550.0,1981,15625.172324
7110.0,1955,15631.151836
7070.0,1888,15636.556273
7430.0,1994,15642.817956
7530.0,1945,15659.303398
5640.0,1687,15663.614283
6990.0,1922,15668.98437
6280.0,1792,15674.041354
5160.0,1619,15678.842132
6860.0,1918,15684.966378
6370.0,1742,15690.371272
7230.0,1976,15707.791215
7340.0,1967,15712.969772
7110.0,1988,15718.565884
6790.0,1992,15724.233202
7280.0,1960,15730.354528
6670.0,1923,15736.592291
7400.0,1970,15754.085625
7540.0,2403,15760.305651
3350.0,1209,15763.391189
7260.0,1953,15768.918854
7100.0,1951,15774.882735
5770.0,1709,15779.894067
6290.0,1739,15785.105867
7140.0,1958,15802.532784
7230.0,1920,15808.057374
7020.0,1907,15813.038813
7000.0,1871,15818.366527
4150.0,1351,15822.150032
6730.0,1924,15827.327693
5940.0,1702,15832.491587
7330.0,1916,15851.642964
7270.0,1966,15857.878415
7290.0,1940,15863.916624
7020.0,1972,15869.204914
6980.0,1942,15875.144152
7060.0,1949,15881.417981
7410.0,1960,15887.717242
7440.0,1989,15906.408825
7130.0,1943,15912.735484
7060.0,1955,15918.672603
7220.0,1961,15924.173975
6330.0,1881,15930.033521
7590.0,1958,15936.348131
6550.0,1897,15942.161114
6880.0,1907,15959.999236
6860.0,1934,15966.158792
7110.0,1892,15971.736774
7400.0,2335,15978.892733
7410.0,1960,15985.221941
7290.0,1957,15991.257245
8220.0,2465,16012.048743
7220.0,1967,16018.148711
7050.0,1877,16023.725575
6580.0,1928,16029.872417
5210.0,1636,16034.871882
6370.0,1769,16040.184026
7400.0,1983,16058.737919
7040.0,1944,16065.486508
5350.0,1516,16070.228197
6950.0,1921,16076.027899
5320.0,1630,16081.465656
8610.0,3104,16090.92012
7230.0,1962,16096.769479
7400.0,1960,16114.517123
7240.0,1981,16120.811308
4780.0,1521,16125.489965
6030.0,1710,16130.830023
7360.0,1941,16136.801729
6720.0,1907,16142.223963
5590.0,2067,16148.712311
7270.0,1897,16166.830818
7260.0,1986,16173.061023
5250.0,1573,16177.679685
7010.0,1881,16183.048371
7270.0,1941,16189.043323
6930.0,1902,16194.819613
6880.0,1919,16200.253907
6970.0,1915,16218.573935
7310.0,1979,16224.485635
7080.0,1962,16230.000552
6430.0,1895,16236.069745
7270.0,1954,16242.195523
7360.0,1966,16248.108941
4900.0,1451,16266.385808
6690.0,1934,16272.658614
7210.0,1960,16278.899835
6690.0,1919,16284.223263
6860.0,1994,16290.05561
6750.0,1927,16295.619549
6000.0,1807,16300.491357
7020.0,1914,16317.440085
7170.0,1954,16323.141074
7390.0,1977,16328.736162
7110.0,1912,16333.832133
7280.0,1965,16339.781892
7360.0,1957,16345.628073
6840.0,1924,16350.852203
6920.0,1956,16369.299033
7520.0,1941,16375.598415
5330.0,1556,16380.363759
6370.0,1876,16385.515314
6910.0,1894,16391.192505
6240.0,1844,16396.693892
6950.0,1935,16402.758352
7150.0,1894,16421.469099
7320.0,1971,16426.874561
6930.0,1898,16432.354783
7520.0,1947,16438.563655
6920.0,1939,16444.380268
5460.0,1651,16449.610429
7160.0,1926,16467.992248
7280.0,1946,16474.135391
6830.0,1915,16479.461127
7010.0,1897,16485.177063
6640.0,1912,16491.263556
7270.0,1946,16497.290376
6590.0,2401,16505.36047
7040.0,1933,16523.183415
7180.0,1967,16529.212809
7220.0,1952,16534.253884
7000.0,1974,16539.905813
7250.0,1950,16546.219117
8650.0,2617,16554.372563
7300.0,1956,16572.596174
6840.0,1931,16578.123048
6950.0,1942,16583.622406
6730.0,1934,16589.216552
6630.0,1902,16595.118506
7100.0,1962,16601.70388
7300.0,1933,16607.905714
7050.0,1903,16625.725884
7400.0,1945,16631.394287
7710.0,2016,16637.120585
5510.0,1625,16642.19021
7460.0,1985,16648.904512
7310.0,1963,16655.288029
5920.0,1708,16672.466013
7350.0,1959,16678.408306
7060.0,1954,16684.229441
7120.0,1977,16689.98638
7030.0,1878,16696.172356
7200.0,1923,16702.16768
8620.0,2637,16710.417778
7430.0,1924,16727.711824
7080.0,1961,16733.497231
5250.0,1646,16738.190397
6640.0,2199,16744.89234
6440.0,1873,16751.290424
7440.0,1958,16757.213291
7420.0,1978,16775.491212
7340.0,1965,16781.783756
7450.0,1996,16787.56632
6880.0,1911,16792.623972
5090.0,1596,16797.238055
6820.0,1920,16803.206002
8910.0,2662,16811.298295
5920.0,1732,16827.979473
7420.0,1990,16833.475972
7190.0,1966,16838.899896
7190.0,1951,16844.537949
6730.0,1894,16850.498374
7280.0,1981,16856.640564
6050.0,1859,16873.452767
6940.0,1874,16878.347407
6650.0,1918,16883.789934
7310.0,1986,16889.878773
6960.0,1884,16894.921299
7240.0,1939,16901.063666
6310.0,1782,16906.331783
7190.0,1977,16923.071989
7140.0,1957,16928.805703
7040.0,1947,16934.154016
6780.0,1947,16939.798151
6790.0,1919,16945.611252
7190.0,1966,16951.719153
5670.0,1715,16957.07984
6970.0,1949,16973.90343
7140.0,1949,16979.679463
6870.0,1933,16985.351367
6750.0,1842,16990.819373
6570.0,1900,16996.525255
5530.0,1610,17001.413715
6930.0,1923,17007.345979
8590.0,2592,17025.892983
9190.0,2718,17034.05987
6950.0,1879,17039.537119
7150.0,1972,17044.888612
7140.0,1890,17051.160943
7230.0,2002,17068.378867
7540.0,1949,17074.409724
9170.0,3089,17083.819463
6490.0,1896,17088.922496
8390.0,2486,17096.310402
6250.0,1899,17102.574264
5820.0,2256,17120.66661
7040.0,1925,17126.790097
7130.0,1911,17132.330259
7230.0,1922,17138.083781
7350.0,1966,17143.627087
7430.0,1968,17149.152779
6960.0,1905,17155.523406
7200.0,1928,17172.910284
7080.0,1912,17178.314734
8580.0,2580,17186.123892
7480.0,1994,17191.708937
7140.0,1953,17197.353694
7420.0,1955,17203.20944
7110.0,1930,17222.255311
6820.0,1909,17228.488275
6950.0,1939,17234.856136
7310.0,1962,17240.360608
6880.0,1952,17246.316123
7310.0,1982,17252.742413
7440.0,1973,17271.403777
6940.0,1939,17277.292475
6790.0,1913,17283.296494
7050.0,1897,17289.120297
6660.0,1909,17294.127171
6320.0,1832,17299.332023
7130.0,1957,17304.301109
2800.0,1131,17307.763696
6810.0,1956,17324.478253
7420.0,1992,17330.813586
6900.0,1936,17336.865344
7100.0,1936,17342.33485
7210.0,1925,17347.514108
7090.0,1919,17352.942131
7820.0,2508,17372.365593
7030.0,1932,17378.00873
7140.0,1900,17383.968774
7200.0,1930,17389.806126
6960.0,1933,17394.656446
5220.0,1680,17399.396026
7270.0,1919,17404.555726
8750.0,2655,17423.797182
5720.0,2191,17430.471667
6990.0,1943,17436.49902
5000.0,1583,17441.028944
7160.0,1944,17446.433067
7200.0,1930,17452.350732
7090.0,1968,17470.221861
7160.0,1916,17476.676021
7200.0,2025,17483.140707
4970.0,1464,17487.712084
7090.0,1966,17492.59599
5500.0,1652,17497.684948
6860.0,1935,17503.559063
6090.0,1772,17520.640623
7280.0,1930,17526.060863
7400.0,1981,17532.26187
7460.0,2411,17539.120943
8120.0,2508,17545.489697
5430.0,1641,17550.951681
7270.0,1920,17568.443454
7060.0,1994,17575.080872
8370.0,2603,17582.993579
7220.0,1940,17588.523537
6840.0,1938,17593.270845
7270.0,1931,17599.095575
7100.0,1905,17616.101599
6940.0,1952,17621.878141
6920.0,1949,17628.123194
6740.0,1923,17633.592418
7380.0,1928,17638.965189
6970.0,1952,17644.282512
7440.0,1932,17649.900169
5300.0,1683,17665.743549
7240.0,1939,17671.88248
5580.0,1619,17676.497642
4450.0,1880,17681.449488
7470.0,2003,17687.062517
7180.0,1960,17692.561252
7780.0,1970,17698.514778
7300.0,1942,17716.134806
4280.0,1742,17721.374506
6880.0,1983,17726.923565
6850.0,1945,17732.041553
7510.0,1928,17737.609493
6880.0,1958,17743.122333
6370.0,2110,17760.676821
7260.0,1954,17766.173961
5690.0,1796,17771.477261
7210.0,1977,17777.377878
5430.0,1609,17782.153547
7140.0,1955,17787.714769
6000.0,1716,17792.72644
5940.0,1759,17809.350709
7000.0,1908,17815.210591
7780.0,1990,17820.794185
6910.0,1975,17826.182339
6000.0,1826,17831.914221
6110.0,1815,17836.805216
7440.0,2049,17842.829534
7410.0,1947,17860.761675
7220.0,1996,17866.29157
7020.0,1965,17871.637808
7330.0,1939,17877.840255
6860.0,1929,17883.639976
7460.0,1934,17889.328244
7250.0,1965,17894.648757
7340.0,1972,17912.344932
6590.0,1938,17917.99644
7340.0,1977,17924.340608
7150.0,1920,17929.949409
7310.0,1927,17935.661296
6780.0,1920,17941.114375
7210.0,1927,17957.354271
7800.0,1993,17963.070755
8110.0,2579,17971.080019
7180.0,1923,17976.97643
7150.0,1953,17982.304878
7040.0,1884,17987.689013
7430.0,1928,18005.598067
7420.0,2009,18011.17882
6850.0,1934,18017.078623
10140.0,3335,18027.714078
6770.0,1859,18032.835712
6750.0,1947,18038.382415
7620.0,2016,18055.063583
6640.0,1912,18060.647864
5930.0,1687,18066.197773
6810.0,1908,18071.743648
7050.0,1973,18077.798812
7460.0,1971,18083.49607
7290.0,1949,18088.528343
7140.0,1970,18104.699087
7020.0,1914,18110.67495
7410.0,1959,18116.621441
7260.0,1923,18122.267878
5150.0,1562,18126.922829
6800.0,1880,18132.314744
7100.0,1962,18137.897693
7190.0,2005,18153.978244
7870.0,1983,18159.996912
6860.0,1904,18165.876371
6630.0,1840,18171.067838
6430.0,1883,18177.073103
7030.0,1937,18182.653895
7350.0,1999,18199.832348
7870.0,2518,18207.599811
6190.0,1773,18213.462061
7260.0,1914,18218.98364
7050.0,1933,18224.879822
5200.0,1653,18229.727743
6750.0,1944,18234.993834
7410.0,1916,18251.706208
7240.0,1963,18257.819854
6950.0,1956,18264.024331
7290.0,1924,18269.961753
7080.0,1969,18275.612272
8340.0,2559,18282.629835
6860.0,1907,18299.553871
7080.0,1940,18305.476952
7250.0,1982,18311.08956
6990.0,1945,18316.948655
6060.0,1704,18322.010687
5280.0,1697,18327.134495
6890.0,1900,18331.72624
7450.0,1968,18348.929256
4240.0,1531,18353.384378
7270.0,1905,18358.714255
7190.0,1986,18364.68273
4980.0,1517,18369.196973
5850.0,2134,18375.022873
7510.0,1983,18380.376494
7440.0,1998,18397.726735
7220.0,1958,18403.187069
7290.0,1999,18409.413111
7380.0,1896,18415.299285
6920.0,1918,18421.23326
8580.0,2648,18428.469142
7040.0,1914,18444.529012
7290.0,1968,18450.673717
6740.0,1953,18456.769368
7200.0,1931,18462.425174
7450.0,1938,18468.086046
6980.0,1994,18473.603544
7070.0,2012,18479.355107
6510.0,1894,18496.019399
7360.0,1941,18501.949144
7180.0,1929,18507.834518
7360.0,1955,18513.050348
4940.0,1459,18517.08585
7340.0,2023,18522.647846
7710.0,2319,18540.434916
5700.0,1665,18545.270157
5030.0,1582,18550.035769
5810.0,1669,18554.911471
6590.0,2140,18561.165986
7000.0,1895,18566.861182
6720.0,1979,18572.249315
7020.0,1958,18588.614028
7220.0,1944,18594.5032
7410.0,2312,18601.171502
5200.0,1604,18605.551035
6880.0,1925,18610.994074
7310.0,1899,18616.715171
6200.0,2185,18622.748894
6950.0,1900,18638.672626
8760.0,2599,18646.458103
5450.0,1560,18650.999788
7190.0,2040,18656.638436
7340.0,1932,18662.553053
6840.0,1890,18668.154582
6520.0,1761,18684.742094
7420.0,1935,18690.909549
4800.0,1477,18694.78845
7340.0,1997,18700.412176
7070.0,1895,18706.314135
7680.0,1971,18711.843835
7310.0,1989,18717.619244
7090.0,1979,18735.36162
6850.0,1931,18741.123957
7270.0,1951,18746.205002
6960.0,1902,18751.925975
7810.0,1950,18757.984308
7410.0,2060,18764.245235
6580.0,1804,18769.268538
8790.0,2645,18787.136916
6830.0,1951,18792.597846
6860.0,1948,18798.582031
8190.0,2485,18806.337951
7420.0,1976,18811.759691
7810.0,2002,18817.752733
7080.0,1964,18834.009811
7150.0,1898,18839.385768
7650.0,2012,18845.163017
7550.0,1996,18851.340796
7450.0,1979,18857.549715
7320.0,2001,18863.732685
6870.0,1916,18879.278033
6930.0,1930,18884.949482
5320.0,1621,18889.543534
5130.0,1688,18894.145179
5590.0,1986,18899.999155
8760.0,2611,18907.695531
7480.0,1928,18913.864581
7480.0,1922,18929.849601
7350.0,1926,18935.175004
7370.0,1921,18941.14557
6950.0,1954,18947.089442
5070.0,1946,18952.724941
7360.0,1910,18958.706092
6810.0,1877,18973.900823
6160.0,1766,18979.095433
6570.0,1836,18984.248672
7140.0,1968,18990.297276
5940.0,2126,18996.789331
7380.0,2000,19002.908809
6930.0,1959,19008.98478
7850.0,1969,19026.439099
7120.0,1917,19032.069019
6370.0,1953,19038.20675
7570.0,2395,19045.221153
7600.0,1970,19051.414518
5340.0,1621,19056.0581
5380.0,1919,19072.242095
6970.0,1912,19078.15078
7760.0,1941,19083.584341
7040.0,1927,19089.567243
7610.0,2021,19095.96272
7090.0,1901,19101.088638
7100.0,1926,19106.513861
7010.0,1933,19121.589662
7140.0,1956,19126.476482
7050.0,1946,19132.026661
7720.0,1939,19137.980639
7340.0,1946,19143.946263
7150.0,1912,19149.402032
6980.0,1952,19155.107156
4950.0,1446,19170.141774
6880.0,1946,19175.730163
7400.0,1956,19181.825514
7210.0,2003,19188.051858
7320.0,1912,19193.862795
7360.0,1961,19199.426865
7280.0,1963,19215.202639
7220.0,1990,19221.37428
7430.0,1981,19227.419661
7430.0,1947,19233.058015
6930.0,1970,19239.271138
7570.0,1939,19245.401768
7600.0,1953,19251.373086
7080.0,1902,19266.750411
7490.0,1966,19272.818971
6540.0,1818,19278.235418
7040.0,1925,19284.347743
7270.0,1938,19290.393877
7260.0,1929,19296.227537
7770.0,2395,19315.076468
7610.0,1954,19321.175682
7460.0,1930,19326.751735
6520.0,1799,19332.588081
7430.0,1954,19338.452133
6990.0,1948,19343.620393
6500.0,1777,19349.000277
6950.0,1982,19364.429666
7620.0,2576,19372.279843
7120.0,1936,19378.359237
7230.0,1979,19384.392112
5290.0,1549,19388.911729
7000.0,1940,19394.140676
7550.0,1998,19399.728772
7060.0,1926,19417.116426
4540.0,1708,19422.215442
7140.0,1932,19428.050841
7360.0,1942,19434.047423
7150.0,1946,19439.620693
6060.0,1689,19444.067942
5770.0,2090,19460.978291
7260.0,1910,19466.763816
7410.0,1959,19472.725881
7350.0,1910,19478.249482
6810.0,1958,19484.345914
7020.0,1934,19490.181347
7400.0,1880,19495.229745
5260.0,1560,19510.423232
6790.0,1931,19516.368337
7100.0,1906,19522.466383
4780.0,1515,19527.241389
7250.0,1966,19532.507446
9010.0,2668,19539.676585
7580.0,2013,19545.992692
5800.0,1713,19562.316692
7470.0,1953,19567.799532
7130.0,1981,19573.822288
7420.0,1926,19579.225449
5550.0,1920,19584.232535
7380.0,1930,19589.75942
7130.0,1945,19605.03352
7310.0,1952,19609.929454
7180.0,1930,19615.881188
7460.0,1975,19621.471458
6850.0,1925,19627.004411
7750.0,1998,19632.045527
6650.0,1819,19637.160637
6170.0,1745,19652.119684
6220.0,2170,19657.795678
5040.0,1572,19662.010071
7400.0,1965,19667.278769
7480.0,1985,19672.717253
7350.0,1926,19677.945289
7420.0,1956,19682.797835
6960.0,1949,19698.010217
7180.0,1969,19703.422298
6440.0,1877,19708.172866
6650.0,1893,19713.435812
8820.0,2573,19720.374162
6770.0,1931,19725.636447
7350.0,1927,19741.133977
6600.0,1893,19746.306045
6940.0,1839,19750.880574
6180.0,1832,19755.933013
6840.0,1928,19761.259315
7210.0,2051,19766.267604
7290.0,1870,19771.651475
7330.0,1920,19786.475739
6840.0,1931,19791.28766
5310.0,1578,19795.441639
7500.0,1959,19800.712505
6440.0,1843,19805.764657
5720.0,1760,19810.228805
6970.0,1984,19815.601094
