#{"t_start": 1680733348.0095336, "env_id": "Frostbite-v4"}
r,l,t
8800.0,2113,9.547652
8920.0,2216,16.25288
8900.0,2157,22.768584
8440.0,2024,28.98122
8820.0,2177,35.341479
9260.0,2192,41.491806
8700.0,2200,60.449069
8780.0,2200,67.117943
8980.0,2100,73.330438
8860.0,2221,80.196328
9310.0,2193,86.700775
8850.0,2127,106.457101
8880.0,2132,113.835241
9530.0,2168,120.676775
4920.0,1692,125.775047
5250.0,1904,131.213719
9490.0,2192,138.209346
8880.0,2138,144.405121
8870.0,2147,163.691052
8710.0,2225,170.471931
8810.0,2173,176.754486
9050.0,2140,183.440454
8880.0,2147,189.635846
9220.0,2168,196.102354
9370.0,2227,215.806494
9060.0,2168,222.133602
9240.0,2177,229.492579
8990.0,2271,236.372274
8700.0,2148,242.772161
8770.0,2114,249.207796
8870.0,2212,267.749326
8980.0,2155,274.473537
8630.0,2123,281.122086
9070.0,2149,287.500115
8570.0,2119,293.568398
8980.0,2121,300.05612
9080.0,2181,319.161844
9220.0,2097,325.817129
9110.0,2189,332.994194
9480.0,2183,339.180047
9340.0,2124,345.573998
5660.0,1831,350.992725
8490.0,2161,370.781928
4780.0,1534,375.602898
8610.0,2116,382.051997
8840.0,2139,388.519686
9010.0,2189,395.514934
8790.0,2245,402.520992
9030.0,2182,420.343976
8990.0,2167,427.037611
9240.0,2163,433.4669
8400.0,2042,439.823844
8970.0,2185,446.307645
8620.0,2138,452.452918
9380.0,2145,470.48667
8400.0,2082,476.518032
8840.0,2149,482.685478
8860.0,2086,488.718755
8950.0,2152,494.970392
9690.0,2219,501.175757
9260.0,2160,518.431786
8660.0,2215,524.881042
9300.0,2201,532.154656
8890.0,2153,538.477925
8600.0,2105,544.340731
8820.0,2194,551.044598
8970.0,2179,569.983264
8450.0,2189,576.42033
8340.0,2093,582.602754
9220.0,2164,588.813189
9280.0,2187,595.315978
8970.0,2204,601.707913
9200.0,2172,619.510921
8570.0,2103,625.478427
9410.0,2218,631.979362
8850.0,2166,638.243399
8630.0,2204,644.8821
8840.0,2070,650.917347
9010.0,2160,668.75348
9470.0,2246,675.477628
8780.0,2172,682.154186
9020.0,2204,688.623597
8820.0,2158,694.96518
8770.0,2053,701.022813
8920.0,2151,719.655307
8440.0,2069,725.978271
8880.0,2138,732.210205
8690.0,2173,738.410765
8880.0,2137,744.710713
9110.0,2157,751.077985
9510.0,2247,769.732433
8870.0,2161,776.040687
8840.0,2132,782.189878
8870.0,2177,788.637369
8630.0,2196,794.715742
8840.0,2157,800.923825
8670.0,2138,819.03426
9010.0,2227,825.615293
8720.0,2173,832.725698
8860.0,2110,838.594691
9610.0,2154,844.906777
8890.0,2144,851.29391
3360.0,1423,867.298727
9060.0,2180,873.728155
9070.0,2140,879.674381
9260.0,2173,886.591853
8920.0,2148,892.711199
8930.0,2076,898.940432
8800.0,2204,917.253798
9300.0,2176,923.4148
8590.0,2080,929.686027
8820.0,2171,936.157363
9340.0,2213,942.937935
8560.0,2057,949.405424
8900.0,2177,968.451889
8750.0,2059,974.898238
8800.0,2124,981.301742
8890.0,2174,987.805655
2880.0,1260,991.351691
8350.0,2079,997.922476
9120.0,2139,1004.746257
9240.0,2191,1023.506861
8120.0,2080,1029.828715
8570.0,2107,1036.391001
9020.0,2182,1042.888859
4910.0,1646,1048.537073
9060.0,2188,1055.003755
8780.0,2049,1072.989952
9190.0,2194,1079.183139
9210.0,2158,1085.482914
8480.0,2082,1091.384038
8890.0,2210,1097.637128
9480.0,2155,1103.877262
8840.0,2232,1121.626866
8970.0,2097,1128.054127
3240.0,1320,1132.135178
9020.0,2125,1138.1133
5520.0,1959,1143.399955
9030.0,2199,1150.456566
8880.0,2110,1156.508817
8690.0,2147,1174.163857
8960.0,2162,1180.081892
9000.0,2183,1186.458481
8090.0,2075,1192.685702
8650.0,2095,1198.806345
8490.0,2121,1205.195395
9460.0,2167,1223.530685
9530.0,2172,1229.88101
8960.0,2250,1236.309677
9230.0,2135,1242.592249
8810.0,2221,1249.18707
9260.0,2204,1256.293772
9650.0,2183,1275.142538
9050.0,2145,1281.483798
9510.0,2252,1287.784149
4760.0,1717,1292.861131
8880.0,2148,1299.058545
8950.0,2191,1305.187874
8260.0,2100,1323.64044
9030.0,2210,1330.363986
8870.0,2120,1336.619064
3310.0,1356,1340.458134
8600.0,2123,1346.583848
8650.0,2166,1352.957731
8890.0,2150,1371.170827
8600.0,2143,1377.163999
9100.0,2188,1384.015126
8810.0,2152,1390.133492
9370.0,2280,1397.00105
9370.0,2203,1403.381411
8840.0,2149,1421.781349
9190.0,2164,1427.974451
8870.0,2134,1433.723874
9640.0,2193,1440.097407
9020.0,2204,1447.189481
8970.0,2248,1453.872203
8990.0,2204,1472.433255
9460.0,2211,1478.248525
8660.0,2126,1484.25319
9210.0,2121,1490.486773
9190.0,2140,1496.779352
8560.0,2196,1503.522844
9210.0,2128,1522.425686
8860.0,2130,1528.887868
9160.0,2167,1535.511626
9700.0,2214,1542.03648
5960.0,1909,1547.80194
8450.0,2102,1553.583543
9030.0,2158,1572.306832
9330.0,2248,1578.898326
9200.0,2224,1585.502669
9390.0,2184,1591.641412
9110.0,2166,1598.174044
8840.0,2113,1604.30149
9100.0,2225,1622.609293
9590.0,2233,1629.494402
8500.0,2189,1635.653606
9030.0,2185,1641.931722
5950.0,1875,1646.8076
9120.0,2176,1653.862989
8370.0,2185,1671.817945
9330.0,2236,1678.00507
8950.0,2204,1684.057386
8570.0,2214,1690.37545
9140.0,2187,1696.738113
8870.0,2165,1702.965402
9160.0,2104,1720.415942
8740.0,2186,1726.746905
2750.0,1334,1730.452032
9310.0,2146,1736.727804
8950.0,2227,1743.221487
8840.0,2181,1750.16051
8780.0,2143,1768.497939
8890.0,2187,1775.039444
8820.0,2161,1781.165996
9070.0,2211,1787.634879
8740.0,2131,1793.987179
8710.0,2203,1800.427671
8960.0,2139,1819.026771
9300.0,2226,1825.28863
9070.0,2174,1831.566416
3570.0,1319,1835.602883
8750.0,2278,1842.308925
9120.0,2165,1847.998431
8320.0,2044,1865.819332
8640.0,2230,1872.135431
9220.0,2173,1878.405694
9490.0,2118,1884.495502
8960.0,2282,1891.408653
8830.0,2156,1897.555114
8930.0,2175,1915.382742
9670.0,2235,1921.807637
8920.0,2173,1927.850126
8770.0,2136,1933.849731
8320.0,2107,1939.828559
8970.0,2185,1946.153425
8590.0,2140,1964.602984
9440.0,2157,1971.208661
9080.0,2128,1977.195995
9560.0,2158,1983.466091
4970.0,1633,1988.131204
8710.0,2200,1994.414341
8930.0,2126,2000.682146
8850.0,2127,2018.887205
8850.0,2108,2024.717311
8970.0,2225,2031.074084
8940.0,2193,2037.526228
9060.0,2172,2043.941458
8990.0,2205,2062.073406
9140.0,2080,2067.507733
9110.0,2132,2073.687643
8620.0,2102,2079.925376
8970.0,2150,2086.301709
8870.0,2178,2092.954142
9110.0,2147,2098.905942
9190.0,2199,2117.990172
8740.0,2199,2124.558758
8990.0,2165,2131.228874
8870.0,2212,2137.18294
9440.0,2183,2143.524298
8930.0,2155,2162.26652
8540.0,2157,2168.669691
8920.0,2164,2175.248006
8720.0,2111,2181.005964
8870.0,2176,2187.888398
9140.0,2200,2194.253423
8930.0,2205,2212.724051
9080.0,2165,2218.871807
9210.0,2139,2225.057387
8920.0,2151,2231.330341
9150.0,2147,2237.702523
8990.0,2195,2243.827798
9270.0,2222,2262.860804
9040.0,2141,2269.120151
8700.0,2151,2275.291491
8900.0,2189,2281.627344
8890.0,2142,2287.858079
8970.0,2198,2294.305543
9390.0,2238,2312.400779
9350.0,2380,2319.810319
8550.0,2120,2326.189643
9420.0,2184,2332.433999
5860.0,1853,2337.545355
9220.0,2266,2344.576447
2600.0,1342,2347.942423
8990.0,2245,2364.748335
8950.0,2196,2370.635409
8460.0,2184,2376.817713
4920.0,1583,2381.001284
9170.0,2179,2386.809393
9260.0,2152,2392.522328
9040.0,2226,2409.905433
8950.0,2155,2415.743035
9010.0,2132,2421.75472
9190.0,2191,2427.882252
8990.0,2099,2433.560435
8810.0,2171,2439.379732
9310.0,2199,2457.555794
8390.0,2114,2464.376994
8830.0,2198,2471.393083
4940.0,1762,2476.245938
8940.0,2111,2482.563401
5450.0,1788,2487.693907
9260.0,2134,2504.373584
8710.0,2173,2510.684615
8670.0,2172,2516.983102
9290.0,2238,2524.131902
8840.0,2188,2530.153908
8720.0,2162,2536.116023
8650.0,2152,2553.503335
9060.0,2169,2559.953605
9070.0,2196,2566.153127
8690.0,2142,2572.158792
8490.0,1980,2578.02618
8460.0,2074,2583.980972
8990.0,2168,2601.903387
5490.0,1727,2606.912529
8980.0,2146,2612.716204
8790.0,2140,2618.941107
9150.0,2139,2625.423418
8880.0,2129,2631.380262
9390.0,2153,2637.827855
8960.0,2119,2655.046047
8730.0,2205,2661.943781
8670.0,2162,2668.265392
9490.0,2159,2674.757377
8760.0,2202,2681.239915
8430.0,2095,2687.499901
9010.0,2246,2705.812069
9090.0,2195,2712.366868
8730.0,2109,2718.601025
8590.0,2169,2725.278534
8650.0,2149,2731.615643
2790.0,1395,2735.785311
9660.0,2207,2754.886483
9160.0,2159,2761.404511
8820.0,2224,2768.184388
8620.0,2160,2775.173815
8660.0,2061,2780.978301
8570.0,2025,2787.145138
8910.0,2147,2805.058147
8510.0,2040,2811.176359
9460.0,2169,2817.40315
9060.0,2136,2823.780021
4910.0,1747,2829.755363
9000.0,2237,2836.268975
8740.0,2182,2854.557659
9190.0,2162,2860.710705
9310.0,2223,2866.968953
9040.0,2095,2873.317109
8970.0,2116,2879.516086
8670.0,2135,2885.708728
9710.0,2202,2902.726735
9170.0,2067,2908.677265
9040.0,2193,2915.904091
9180.0,2158,2922.298149
9260.0,2176,2928.442701
8630.0,2130,2934.513264
9060.0,2146,2951.8479
8600.0,2120,2958.102062
9290.0,2192,2964.296472
8510.0,2094,2970.297044
8840.0,2158,2976.669228
8550.0,2083,2982.755622
8820.0,2159,3000.940663
8950.0,2215,3007.207692
9210.0,2162,3013.372484
9210.0,2141,3019.685679
9660.0,2203,3026.650254
8690.0,2170,3032.722742
8620.0,2142,3051.359023
8820.0,2139,3057.479599
9030.0,2097,3063.688372
9210.0,2121,3069.455132
9160.0,2206,3075.822788
8630.0,2285,3082.622647
8660.0,2117,3100.99348
9210.0,2215,3107.514241
8830.0,2256,3114.509004
9240.0,2132,3120.790625
8670.0,2153,3127.089006
9040.0,2168,3133.518648
9020.0,2180,3151.632502
8460.0,2078,3157.592026
8730.0,2146,3163.839747
9310.0,2151,3170.370414
9010.0,2160,3176.764403
2490.0,1277,3180.300242
9260.0,2210,3198.799223
9080.0,2153,3205.167242
9060.0,2207,3211.493535
9010.0,2152,3217.619759
8560.0,2103,3223.831271
8830.0,2089,3230.061187
9100.0,2148,3248.516775
9290.0,2172,3255.048737
8990.0,2238,3261.508732
8880.0,2168,3267.780615
8930.0,2121,3274.103334
8960.0,2196,3280.563669
8550.0,2145,3299.16824
9090.0,2200,3305.636513
8940.0,2123,3311.790247
9090.0,2145,3318.167541
8840.0,2132,3324.093666
9040.0,2137,3329.780765
9410.0,2161,3346.891937
9160.0,2126,3352.522196
8700.0,2139,3358.179023
9210.0,2148,3363.883671
9710.0,2170,3369.373178
9080.0,2169,3375.033383
8860.0,2199,3392.900787
9640.0,2150,3398.688377
8680.0,2206,3404.902673
8990.0,2163,3410.437844
9440.0,2139,3416.0994
8060.0,2108,3421.694656
8990.0,2180,3439.529381
8950.0,2136,3445.84308
8850.0,2194,3451.921862
8250.0,2098,3458.03733
5600.0,2029,3463.795346
9130.0,2153,3470.306139
9240.0,2149,3489.703478
8740.0,2173,3495.842853
8580.0,2213,3502.167255
9040.0,2139,3508.231068
9010.0,2147,3514.807103
8860.0,2125,3521.179874
8600.0,2141,3539.594132
9000.0,2233,3546.153448
8820.0,2189,3552.3638
8940.0,2250,3558.797657
8050.0,2086,3564.960635
9460.0,2212,3571.721232
8410.0,2080,3590.177868
8930.0,2220,3596.930856
8900.0,2211,3603.99617
8580.0,2117,3610.376584
8660.0,2191,3616.888464
8970.0,2182,3623.18529
8470.0,2065,3641.503105
9500.0,2218,3647.987269
8500.0,2221,3654.46813
8740.0,2175,3660.799089
2460.0,1237,3664.119747
9280.0,2187,3670.568288
8840.0,2134,3676.803963
9210.0,2139,3695.440546
970.0,929,3697.828874
8850.0,2181,3704.730306
8990.0,2222,3710.808941
4880.0,1711,3715.618043
8960.0,2090,3721.751785
8930.0,2250,3740.336979
8800.0,2139,3746.540564
8420.0,2087,3752.320458
8730.0,2205,3758.453369
8920.0,2141,3764.670173
8570.0,2213,3770.999649
9200.0,2193,3789.417439
8620.0,2145,3795.246841
8760.0,2136,3801.273187
5750.0,1930,3806.545638
5990.0,1907,3812.396595
9090.0,2159,3818.689318
9110.0,2177,3825.109749
8840.0,2220,3843.61203
8860.0,2141,3850.400424
8360.0,2083,3856.893372
9150.0,2138,3863.182944
9300.0,2191,3870.134567
8670.0,2097,3876.377508
9660.0,2250,3895.560671
9520.0,2184,3902.029013
9340.0,2124,3908.46739
9440.0,2187,3915.322905
8440.0,2120,3921.588824
5910.0,1898,3927.736256
8370.0,2045,3946.001135
9510.0,2234,3953.341149
9320.0,2105,3959.555586
9350.0,2148,3965.987017
8790.0,2126,3972.253317
9440.0,2189,3978.615179
8650.0,2072,3997.622384
8540.0,2136,4004.004865
9110.0,2180,4010.878951
9280.0,2268,4017.915331
8990.0,2240,4024.797731
8650.0,2212,4031.295924
8950.0,2228,4050.143551
9190.0,2238,4056.963268
8860.0,2126,4063.45583
9410.0,2224,4070.281796
9030.0,2151,4077.344716
8900.0,2174,4095.837686
8440.0,2122,4102.426126
9510.0,2178,4109.0861
8750.0,2105,4115.568782
9170.0,2255,4122.394402
9050.0,2224,4128.879411
9210.0,2185,4147.44294
8350.0,2055,4153.827374
9220.0,2173,4160.280355
9430.0,2139,4166.710634
9030.0,2174,4173.868651
9160.0,2177,4180.908695
9030.0,2159,4200.030767
9710.0,2254,4206.805029
8250.0,2150,4213.255738
8900.0,2140,4219.787545
8620.0,2121,4226.600781
9500.0,2197,4233.479329
5680.0,1834,4239.434775
9050.0,2258,4258.108934
8900.0,2165,4264.887041
9350.0,2204,4271.732685
8690.0,2098,4278.345523
9440.0,2184,4284.672676
9090.0,2148,4303.544062
8860.0,2090,4310.052459
9160.0,2176,4316.698028
8860.0,2165,4323.846581
9100.0,2173,4329.968541
9050.0,2143,4335.839794
9190.0,2230,4356.070879
8820.0,2150,4362.772081
8540.0,2162,4369.192521
8020.0,2100,4375.257235
8630.0,2160,4381.851679
9170.0,2176,4388.482705
8720.0,2159,4407.289118
9660.0,2223,4414.364004
9260.0,2107,4420.25753
9120.0,2167,4426.430448
8760.0,2017,4432.42131
9100.0,2136,4438.66862
9260.0,2152,4457.628923
9330.0,2105,4463.74196
8990.0,2135,4469.74107
9080.0,2116,4476.081667
8710.0,2089,4482.401408
9360.0,2165,4488.801859
9200.0,2175,4495.625613
8590.0,2147,4514.782402
9110.0,2153,4521.208464
9690.0,2190,4527.905049
9090.0,2224,4534.384327
5650.0,1985,4540.352636
8730.0,2205,4547.028991
8860.0,2191,4566.272441
8810.0,2214,4572.964461
9170.0,2174,4579.910218
9110.0,2203,4586.474539
8720.0,2168,4593.021112
8800.0,2158,4612.423659
8770.0,2178,4619.451509
8210.0,2179,4625.812341
8810.0,2164,4632.292601
8950.0,2170,4638.564667
8840.0,2127,4645.210589
8620.0,2093,4664.177757
9000.0,2220,4670.984692
8700.0,2213,4677.868103
8890.0,2141,4683.552821
8860.0,2173,4689.564147
8410.0,2069,4696.137111
9000.0,2200,4715.122532
9310.0,2140,4721.515064
8460.0,2212,4727.435844
9040.0,2186,4732.926532
7990.0,2117,4739.019079
9140.0,2160,4745.520639
9030.0,2153,4764.948903
8640.0,2208,4771.4922
9210.0,2129,4777.139228
8910.0,2103,4782.842526
9000.0,2141,4789.720917
9350.0,2267,4796.364994
8990.0,2127,4812.743129
9250.0,2168,4818.98114
9190.0,2183,4825.094265
9080.0,2169,4830.975724
8860.0,2194,4837.39139
8970.0,2093,4843.964358
9290.0,2162,4863.28495
8950.0,2205,4870.195623
9060.0,2199,4876.49349
8830.0,2187,4882.407268
9450.0,2261,4889.101097
8660.0,2113,4895.477088
9140.0,2201,4914.04469
9170.0,2216,4920.512356
8850.0,2175,4927.201777
9170.0,2209,4933.423241
8360.0,2099,4939.755926
9500.0,2196,4945.844017
8600.0,2102,4964.798308
9210.0,2177,4970.906923
4930.0,1631,4975.514301
8570.0,2076,4981.400418
8860.0,2105,4986.980644
8580.0,2132,4992.74709
8850.0,2099,4999.290549
8930.0,2112,5018.762602
8840.0,2150,5024.94728
9440.0,2222,5030.710739
4910.0,1670,5035.040587
8850.0,2117,5041.069259
8910.0,2201,5047.867746
8950.0,2134,5066.760326
8830.0,2154,5072.86317
9070.0,2171,5078.562717
8720.0,2201,5084.691655
9010.0,2148,5090.883377
9210.0,2109,5097.228909
9290.0,2184,5116.452691
8780.0,2102,5122.072674
9260.0,2300,5128.41363
8820.0,2214,5135.170487
9210.0,2167,5141.465826
9190.0,2101,5147.954769
8980.0,2219,5167.094779
9440.0,2139,5173.341312
8760.0,2088,5179.391393
9060.0,2103,5185.540154
8870.0,2159,5191.897781
8990.0,2186,5198.375593
8820.0,2124,5216.429083
9260.0,2231,5223.044697
9400.0,2146,5229.338176
9090.0,2210,5235.673433
8780.0,2113,5241.914315
8710.0,2168,5248.289798
8830.0,2107,5266.394744
8640.0,2074,5272.64338
4330.0,1576,5277.146869
8820.0,2089,5282.954551
9020.0,2272,5289.980345
8930.0,2197,5296.145627
9370.0,2247,5316.377182
4920.0,1776,5321.53368
9190.0,2185,5327.860413
8840.0,2188,5334.301942
8340.0,2196,5340.10874
9520.0,2161,5346.441494
9090.0,2212,5366.607255
8770.0,2223,5373.342374
9000.0,2185,5379.267747
9130.0,2236,5385.142057
9510.0,2213,5390.881545
9230.0,2210,5396.700315
8410.0,2111,5414.473835
9240.0,2157,5420.421987
9390.0,2104,5426.054871
8810.0,2206,5431.387923
8660.0,2082,5436.712219
8890.0,2126,5442.298934
9540.0,2180,5461.071946
9280.0,2220,5467.152243
9440.0,2234,5473.759436
8990.0,2219,5479.460015
8350.0,2205,5485.195281
8570.0,2169,5491.531776
9000.0,2184,5510.861497
9000.0,2229,5517.743086
9440.0,2162,5524.09876
9430.0,2186,5530.014594
9440.0,2200,5536.03936
8760.0,2139,5542.486002
8770.0,2150,5561.675179
3740.0,1418,5565.946767
8560.0,2129,5572.207145
9100.0,2232,5578.314244
8640.0,2114,5583.764413
8910.0,2161,5589.849032
8910.0,2126,5609.145307
9450.0,2126,5615.475051
8890.0,2156,5621.99151
8820.0,2146,5627.798927
8990.0,2151,5633.621527
8750.0,2192,5640.107159
9360.0,2190,5659.310099
9460.0,2146,5665.864358
9010.0,2217,5672.710209
8650.0,2084,5678.247059
8890.0,2171,5683.801358
8460.0,2113,5689.803901
8980.0,2172,5708.867316
8550.0,2145,5715.421726
8740.0,2188,5721.927243
8570.0,2094,5727.855409
9240.0,2189,5733.355168
9290.0,2195,5739.327039
8810.0,2168,5758.832535
8860.0,2106,5765.02339
9310.0,2190,5771.203391
9060.0,2116,5776.782078
8630.0,2128,5781.979805
8450.0,2114,5787.885617
8810.0,2172,5807.61896
8820.0,2147,5814.140933
9290.0,2282,5820.841132
5810.0,1943,5826.349131
8990.0,2197,5831.977692
9470.0,2201,5838.254295
8930.0,2180,5858.553478
8650.0,2160,5865.028565
9210.0,2199,5871.256827
8620.0,2248,5877.964832
8860.0,2148,5883.494339
8620.0,2246,5889.799299
8910.0,2160,5908.886164
8740.0,2128,5915.033677
9220.0,2254,5921.496414
9700.0,2209,5927.411649
8590.0,2293,5933.646442
9010.0,2143,5939.849926
8950.0,2160,5958.397373
8490.0,2043,5964.56565
9620.0,2265,5971.359238
8040.0,2123,5977.261799
8350.0,2092,5982.703218
9160.0,2159,5988.736177
8940.0,2167,6008.252907
8830.0,2130,6014.838561
9810.0,2169,6021.158258
9230.0,2201,6027.193564
8790.0,2134,6032.867333
8720.0,2114,6038.966725
9200.0,2202,6059.009991
8790.0,2110,6065.184979
9080.0,2196,6071.688813
8920.0,2110,6077.56423
9180.0,2151,6083.179858
9200.0,2170,6088.85552
9050.0,2132,6107.249803
8950.0,2198,6113.537318
8830.0,2269,6120.003881
8950.0,2127,6126.164442
9010.0,2162,6131.598403
8990.0,2197,6137.797129
8970.0,2143,6157.271888
8900.0,2143,6163.877332
8880.0,2168,6170.317451
8470.0,2001,6175.910173
8850.0,2173,6181.288456
9460.0,2221,6187.444905
9100.0,2092,6206.694611
8720.0,2153,6212.984274
9110.0,2203,6219.351997
8940.0,2191,6225.326982
8910.0,2151,6230.942429
9170.0,2181,6237.774106
8670.0,2180,6258.006781
9110.0,2111,6263.990776
8900.0,2124,6269.907687
8790.0,2073,6275.70433
8910.0,2150,6281.575214
8370.0,2057,6287.24744
8820.0,2120,6306.465027
8650.0,2175,6313.180944
8300.0,2114,6319.646761
8740.0,2155,6325.99197
1580.0,1019,6328.450813
8750.0,2108,6334.30105
9140.0,2190,6352.142667
8700.0,2117,6358.256478
9190.0,2155,6364.559649
2980.0,1351,6368.113734
9230.0,2280,6375.07418
9660.0,2204,6381.905288
9420.0,2262,6388.213439
9010.0,2239,6407.08655
8830.0,2161,6413.686097
9290.0,2158,6420.331809
9360.0,2189,6427.094461
5620.0,1761,6431.83869
9070.0,2206,6438.059875
9140.0,2121,6454.700133
9560.0,2140,6460.997633
8900.0,2109,6466.913004
5340.0,1846,6471.840124
8690.0,2169,6478.542876
8870.0,2178,6484.724426
9110.0,2226,6502.520932
8360.0,2103,6508.745286
9430.0,2177,6515.105227
9030.0,2191,6521.600553
9490.0,2184,6527.738848
9160.0,2158,6533.526844
9470.0,2222,6552.499833
9290.0,2208,6559.156945
9280.0,2159,6565.795737
8990.0,2143,6572.165281
8090.0,2102,6577.96914
8670.0,2167,6583.936676
8590.0,2146,6601.549305
9430.0,2214,6608.201677
8790.0,2180,6614.71489
9550.0,2257,6621.328823
8910.0,2136,6626.970292
8940.0,2169,6632.984761
2740.0,1310,6649.590456
8910.0,2123,6655.988585
9390.0,2169,6662.204451
9710.0,2207,6668.367857
8900.0,2228,6675.146568
8860.0,2158,6681.58842
9150.0,2136,6700.946666
9690.0,2209,6707.309389
9310.0,2146,6713.396243
8730.0,2178,6719.88558
9110.0,2209,6725.83554
8920.0,2164,6731.882483
8800.0,2154,6750.642692
9360.0,2151,6757.31556
8480.0,2010,6763.101275
8010.0,2078,6769.252768
8530.0,2045,6775.310442
8990.0,2132,6781.721852
2780.0,1373,6785.881833
9370.0,2206,6803.98001
3170.0,1313,6807.188903
8870.0,2149,6813.42942
9130.0,2206,6820.408706
8540.0,2060,6825.934903
8640.0,2134,6832.28485
8940.0,2140,6850.870939
9360.0,2202,6857.717391
9390.0,2182,6864.051742
9280.0,2175,6870.320039
9550.0,2204,6876.56532
9320.0,2173,6882.965363
9350.0,2189,6902.379776
9180.0,2230,6908.719087
8440.0,2101,6915.156031
9050.0,2082,6921.201153
9190.0,2187,6927.947082
8800.0,2130,6933.848988
9530.0,2194,6952.952166
8980.0,2170,6959.354934
9040.0,2167,6965.936925
8940.0,2243,6972.097137
9460.0,2210,6977.757597
9020.0,2186,6984.238906
9220.0,2243,7003.25288
7960.0,2047,7009.422824
8890.0,2171,7015.577782
9270.0,2155,7021.170374
8740.0,2164,7026.973228
8360.0,2152,7033.263406
8990.0,2151,7052.190611
9470.0,2266,7058.479728
8980.0,2209,7064.898946
8950.0,2172,7070.974985
9160.0,2128,7077.305779
9210.0,2215,7084.163956
9450.0,2225,7103.132745
8940.0,2177,7109.465198
9820.0,2266,7116.012682
8720.0,2217,7122.412032
9070.0,2197,7129.527253
8910.0,2143,7136.021133
9320.0,2158,7153.425106
9060.0,2157,7159.667123
9120.0,2115,7166.065535
9190.0,2155,7172.156602
8840.0,2140,7178.449196
9460.0,2196,7197.422372
9010.0,2160,7203.478971
8940.0,2158,7210.049591
9400.0,2197,7216.465403
9080.0,2182,7223.227917
8870.0,2161,7230.13616
9260.0,2192,7249.042591
9640.0,2242,7255.411317
9500.0,2195,7262.183899
9020.0,2088,7268.325747
8990.0,2145,7274.697651
8970.0,2227,7281.26862
9460.0,2217,7299.964052
8840.0,2153,7306.508244
8900.0,2067,7312.752161
8980.0,2090,7318.939454
9290.0,2237,7325.25936
9160.0,2137,7331.421853
9440.0,2201,7350.487969
9190.0,2212,7356.961116
9180.0,2156,7363.297364
9390.0,2254,7370.018221
9000.0,2192,7376.057841
9460.0,2246,7382.587667
9340.0,2182,7401.872435
9250.0,2209,7408.424881
8810.0,2110,7414.3309
9000.0,2169,7420.015745
8920.0,2194,7426.479103
8930.0,2150,7433.323129
9220.0,2178,7452.675625
9300.0,2178,7458.709865
8840.0,2133,7464.326125
8760.0,2163,7470.609943
9600.0,2201,7477.303393
9390.0,2163,7483.694688
8540.0,2123,7502.698554
8860.0,2154,7508.453352
9020.0,2148,7514.672721
9080.0,2138,7520.803789
9070.0,2164,7527.468756
9280.0,2181,7534.149137
9510.0,2198,7553.796494
9310.0,2126,7559.682155
9020.0,2217,7566.00514
9490.0,2166,7572.563465
8920.0,2131,7579.127655
8870.0,2150,7585.768216
9210.0,2244,7604.669029
8840.0,2155,7610.855187
8050.0,2186,7617.597083
9640.0,2222,7624.384431
8590.0,2072,7630.664434
3240.0,1272,7634.130899
9160.0,2164,7653.451334
9010.0,2152,7659.567324
8880.0,2126,7665.524881
9490.0,2212,7671.727563
9030.0,2142,7678.273223
8930.0,2141,7683.995378
8020.0,2054,7701.460697
8740.0,2221,7707.94803
9010.0,2129,7713.960124
8390.0,2191,7720.157292
8140.0,2193,7726.353505
8860.0,2142,7732.24945
9090.0,2188,7751.731857
8930.0,2149,7757.655844
8980.0,2159,7763.508981
9490.0,2213,7769.553282
8660.0,2185,7775.885153
9260.0,2139,7782.211018
8770.0,2222,7802.460003
8450.0,2161,7808.310196
9360.0,2143,7814.017136
8870.0,2186,7819.971005
8840.0,2203,7826.590661
8830.0,2210,7833.277861
9460.0,2251,7853.863533
8910.0,2222,7859.285888
9510.0,2192,7865.348438
8520.0,2148,7871.958075
9040.0,2151,7878.612281
9510.0,2231,7885.445549
8620.0,2166,7903.226714
8950.0,2182,7909.329268
9100.0,2169,7915.146777
8680.0,2155,7921.59605
9260.0,2184,7928.271161
8600.0,2136,7934.859877
8800.0,2183,7953.831102
9460.0,2163,7959.585019
9520.0,2182,7965.374125
9170.0,2141,7971.682618
8990.0,2116,7977.982615
9160.0,2117,7984.304461
8570.0,2053,8003.505279
8640.0,2185,8009.333682
9140.0,2191,8015.117207
9310.0,2202,8022.18348
8840.0,2177,8028.745092
5900.0,1925,8033.803902
9060.0,2145,8053.599384
9460.0,2188,8059.965729
9460.0,2204,8065.748917
9260.0,2193,8072.267021
9260.0,2158,8078.527923
8970.0,2080,8084.744607
9420.0,2146,8103.399971
8950.0,2114,8109.117609
9690.0,2234,8114.778509
8390.0,2218,8121.122261
8680.0,2120,8127.211952
8810.0,2137,8133.73556
8810.0,2159,8152.810508
9310.0,2147,8158.640826
8410.0,1965,8163.257579
9030.0,2174,8168.875834
9220.0,2212,8176.03385
9130.0,2238,8182.732483
8880.0,2168,8201.488278
9100.0,2133,8207.398345
9190.0,2177,8212.605265
8700.0,2184,8218.496561
8720.0,2152,8225.11148
9420.0,2226,8232.366462
4900.0,1534,8250.163646
9410.0,2151,8256.323537
8720.0,2102,8261.143152
9240.0,2190,8267.736392
4900.0,1665,8272.402505
9110.0,2122,8278.318829
9110.0,2229,8284.799211
9490.0,2232,8303.359887
8990.0,2213,8309.42679
9120.0,2221,8316.115866
9420.0,2233,8322.541636
8340.0,2138,8328.877868
9000.0,2290,8346.63794
8990.0,2233,8352.501057
9220.0,2187,8358.716606
9560.0,2198,8364.973488
8790.0,2239,8371.318085
8980.0,2170,8377.889382
8590.0,2090,8396.544431
9060.0,2138,8402.347965
9060.0,2208,8408.606
8890.0,2127,8414.103477
8260.0,2109,8420.024542
9190.0,2176,8426.242137
9220.0,2155,8444.778852
9230.0,2193,8451.366595
9440.0,2179,8457.261959
9510.0,2213,8463.147186
9210.0,2162,8469.307659
8960.0,2125,8475.43189
9460.0,2292,8494.049584
8690.0,2185,8500.94156
9090.0,2198,8507.067442
4940.0,1752,8511.902616
4900.0,1743,8516.614748
9380.0,2142,8522.647653
8660.0,2180,8542.621882
9180.0,2252,8549.325539
8930.0,2130,8555.577203
9390.0,2202,8561.74529
9410.0,2169,8567.444583
8800.0,2161,8573.8658
9460.0,2210,8594.01369
8970.0,2237,8600.878077
9260.0,2224,8607.372128
8800.0,2087,8613.298159
8990.0,2140,8619.340319
9020.0,2337,8626.269357
8640.0,2157,8644.489794
8820.0,2133,8650.488149
8760.0,2201,8656.763048
9170.0,2189,8663.557003
9070.0,2245,8669.913198
8740.0,2234,8676.248421
9170.0,2174,8694.746911
8720.0,2090,8700.319024
8740.0,2249,8706.486076
8740.0,2086,8712.632231
9030.0,2171,8719.144696
8720.0,2178,8725.799525
9180.0,2208,8744.673404
9450.0,2229,8750.564109
9470.0,2220,8756.65265
8920.0,2186,8762.925881
8860.0,2159,8768.915741
8970.0,2152,8775.378261
9260.0,2120,8793.7505
8780.0,2103,8799.837489
9470.0,2277,8807.042407
9220.0,2283,8813.481091
9510.0,2172,8819.827647
8960.0,2211,8826.154289
8650.0,2211,8843.979592
3190.0,1245,8847.787519
4840.0,1721,8852.828799
9360.0,2161,8859.324813
5840.0,2000,8865.288358
8970.0,2096,8871.311117
8870.0,2104,8877.377739
9170.0,2220,8895.78512
8970.0,2143,8902.022944
8960.0,2102,8908.631459
8110.0,2127,8914.929613
9220.0,2216,8920.563341
9110.0,2135,8926.314656
8740.0,2131,8945.356479
8960.0,2122,8951.575702
4940.0,1556,8956.17989
9460.0,2170,8962.356872
8900.0,2175,8968.207423
9280.0,2184,8974.316825
8270.0,2213,8993.476926
9360.0,2117,8999.758175
9690.0,2219,9006.356227
8990.0,2274,9012.691887
9030.0,2140,9018.494724
9310.0,2218,9024.800391
8870.0,2199,9044.348731
9080.0,2180,9050.934065
8960.0,2192,9057.227036
9080.0,2190,9063.515872
8930.0,2122,9069.775235
9010.0,2136,9075.892763
9060.0,2192,9094.921324
8340.0,2046,9100.532606
8990.0,2182,9106.775952
8910.0,2151,9113.299344
9140.0,2180,9119.517656
9320.0,2166,9125.731449
8800.0,2202,9144.658603
9210.0,2212,9150.505392
8870.0,2201,9157.225567
8930.0,2165,9163.653767
8980.0,2184,9170.17035
3390.0,1298,9174.141536
8460.0,2113,9191.442816
9290.0,2157,9197.59501
8750.0,2104,9204.020103
8900.0,2163,9210.466249
9220.0,2204,9217.145008
8380.0,2117,9223.38892
8640.0,2142,9241.90543
9260.0,2149,9248.241689
9030.0,2133,9254.661456
8500.0,2136,9261.176905
8870.0,2166,9267.508495
9010.0,2094,9273.318957
8700.0,2191,9290.345178
8860.0,2175,9296.588007
9150.0,2171,9303.346278
9260.0,2157,9309.948696
8820.0,2237,9317.008992
9300.0,2159,9322.83751
9000.0,2145,9340.720249
9140.0,2159,9346.929842
1030.0,994,9350.002209
8640.0,2068,9356.188833
8860.0,2102,9362.274709
8690.0,2079,9367.721276
9020.0,2176,9374.065897
8940.0,2096,9393.034511
8900.0,2215,9399.83859
9060.0,2157,9406.336717
9180.0,2188,9412.637224
8860.0,2195,9418.978914
9260.0,2232,9424.960277
8910.0,2194,9444.792668
8560.0,2166,9451.214929
9460.0,2213,9457.57936
9110.0,2242,9464.222197
9030.0,2183,9470.496093
9150.0,2246,9489.392844
8970.0,2151,9496.117729
9010.0,2115,9502.049074
8800.0,2124,9508.435546
9200.0,2184,9515.020464
8560.0,2076,9521.578386
9200.0,2200,9540.867202
8800.0,2085,9546.735595
9660.0,2228,9553.125062
9290.0,2245,9559.755098
8910.0,2211,9566.408289
9260.0,2189,9572.780771
8920.0,2158,9591.879189
8860.0,2154,9597.768056
8740.0,2206,9604.342191
8740.0,2139,9610.883011
8960.0,2129,9617.151594
8670.0,2104,9623.4798
8740.0,2100,9641.101517
8680.0,2118,9647.524305
8920.0,2172,9654.25845
9620.0,2210,9660.953561
8990.0,2117,9667.489437
9420.0,2235,9673.996274
9290.0,2225,9692.127
8640.0,2225,9699.250059
9070.0,2198,9705.967371
9190.0,2161,9712.566518
8420.0,2086,9718.865357
8610.0,2170,9725.053981
8580.0,2146,9743.124979
9090.0,2135,9749.650805
8950.0,2149,9756.125704
9510.0,2166,9762.533042
9140.0,2205,9768.697854
8970.0,2210,9775.166258
8940.0,2220,9794.286766
9240.0,2174,9800.900526
8980.0,2222,9807.085798
9070.0,2114,9813.13809
9210.0,2145,9819.630639
8870.0,2358,9827.084886
9390.0,2129,9845.325154
9150.0,2201,9851.611609
8980.0,2193,9857.915531
8840.0,2211,9864.256544
8900.0,2144,9870.799608
8670.0,2124,9877.210971
8860.0,2250,9895.080626
9460.0,2237,9901.962118
9110.0,2233,9908.676732
9410.0,2134,9915.189464
9180.0,2194,9921.909415
8420.0,2093,9928.147663
8960.0,2196,9946.211654
9660.0,2200,9952.951713
8520.0,2265,9959.487041
8950.0,2191,9966.529761
9440.0,2211,9973.191736
9070.0,2189,9979.707489
9410.0,2127,9997.998408
8960.0,2144,10004.33141
8110.0,2180,10010.797698
9010.0,2162,10017.483392
8700.0,2255,10024.531078
8910.0,2207,10030.344642
8870.0,2139,10047.389183
9370.0,2161,10053.356763
8820.0,2110,10059.260014
8950.0,2208,10065.71316
8990.0,2231,10071.918988
5560.0,1804,10077.072941
9090.0,2201,10095.341924
9460.0,2214,10102.052591
8580.0,2117,10108.549731
9060.0,2128,10114.99234
8630.0,2101,10121.064272
9060.0,2193,10127.19416
9190.0,2150,10145.395014
9360.0,2214,10151.984585
9200.0,2156,10157.939255
8430.0,2131,10164.039016
8690.0,2196,10171.074168
4900.0,1748,10176.17626
8850.0,2145,10194.560397
8890.0,2156,10200.760995
9260.0,2224,10206.65285
9550.0,2217,10213.163709
8780.0,2159,10219.79579
8710.0,2165,10226.167563
9070.0,2199,10245.468249
9040.0,2215,10251.813912
9260.0,2230,10258.266598
9060.0,2227,10264.611248
9060.0,2147,10270.798224
4890.0,1579,10275.642663
9730.0,2206,10294.218555
9080.0,2160,10300.540517
9110.0,2240,10307.179288
8740.0,2113,10313.663131
9460.0,2170,10320.326993
9200.0,2241,10327.163621
9470.0,2214,10345.341868
8800.0,2182,10352.27542
9260.0,2154,10358.849014
9200.0,2158,10365.40297
9590.0,2240,10372.128974
8750.0,2214,10378.485783
9090.0,2100,10396.234927
9000.0,2140,10402.640694
9710.0,2218,10409.356226
9320.0,2215,10416.627947
9000.0,2186,10423.179632
9440.0,2224,10429.542419
9390.0,2135,10447.594499
9280.0,2056,10453.988428
8560.0,2121,10460.625564
8890.0,2230,10467.244041
9180.0,2164,10473.418893
9180.0,2150,10479.828055
9470.0,2274,10498.302561
8890.0,2162,10505.318509
9240.0,2144,10511.626122
9060.0,2173,10517.905203
9010.0,2192,10524.585795
8680.0,2167,10531.255956
9440.0,2235,10550.408995
9310.0,2227,10556.79191
9030.0,2177,10563.079858
9240.0,2233,10570.243062
8930.0,2142,10576.724045
9510.0,2182,10583.274395
9240.0,2103,10601.420919
9420.0,2269,10607.796422
9710.0,2181,10614.523102
9400.0,2191,10621.233296
9370.0,2263,10628.539676
9160.0,2090,10634.867912
9040.0,2157,10652.833176
8940.0,2136,10659.406187
8790.0,2122,10666.049052
8780.0,2194,10672.684721
9380.0,2188,10679.458694
9830.0,2221,10697.498257
9550.0,2177,10703.918801
9140.0,2169,10711.016833
9490.0,2161,10717.488524
8700.0,2224,10724.032386
8960.0,2230,10730.571035
9170.0,2272,10749.19916
8920.0,2140,10755.498004
9410.0,2207,10762.753836
9010.0,2079,10768.700874
9020.0,2174,10775.565537
8990.0,2193,10781.864779
8800.0,2142,10800.324105
8870.0,2173,10806.611689
9190.0,2201,10812.95727
9160.0,2139,10819.13766
9200.0,2189,10825.251842
9410.0,2253,10831.754124
9310.0,2123,10849.636486
9290.0,2165,10856.319665
9340.0,2204,10862.510051
9160.0,2176,10868.846289
9510.0,2238,10875.377394
9130.0,2240,10881.615946
9150.0,2247,10900.909631
8940.0,2174,10906.704693
9240.0,2151,10912.457771
8520.0,2306,10919.312658
9240.0,2198,10925.755938
8690.0,2178,10931.979487
8410.0,2127,10950.030633
8650.0,2166,10956.137351
9050.0,2185,10962.775114
9120.0,2190,10969.435899
8760.0,2221,10976.058591
8990.0,2134,10982.307229
8990.0,2208,11001.142139
8880.0,2187,11007.381778
9140.0,2193,11013.664329
9010.0,2136,11020.227838
9410.0,2221,11027.272346
9460.0,2185,11033.634233
8730.0,2011,11050.152482
8860.0,2220,11056.497632
8880.0,2162,11062.802794
8740.0,2204,11069.391616
9310.0,2195,11075.855597
9090.0,2148,11081.939754
8470.0,2221,11100.478208
9230.0,2202,11107.369683
8970.0,2186,11113.759847
8930.0,2151,11120.203455
8530.0,2195,11126.293998
9030.0,2270,11132.145856
9380.0,2281,11151.984887
9260.0,2124,11157.673154
9010.0,2144,11163.830077
8960.0,2189,11170.165605
9110.0,2113,11176.195358
9170.0,2146,11182.715028
8670.0,2234,11202.215966
8540.0,2186,11208.678286
8790.0,2138,11214.555308
9410.0,2135,11220.700438
9460.0,2176,11227.122551
8490.0,2070,11233.464626
5550.0,1847,11252.086868
9370.0,2231,11258.339551
9310.0,2154,11264.125098
8330.0,2081,11270.057457
9260.0,2189,11276.751701
8680.0,2169,11283.483967
4900.0,1618,11301.241015
9420.0,2294,11307.992636
8840.0,2153,11314.067243
9080.0,2174,11320.261144
9440.0,2203,11326.54349
9130.0,2132,11332.945011
8820.0,2140,11350.542909
9530.0,2237,11356.914137
9060.0,2215,11363.219648
9620.0,2209,11370.134941
9170.0,2154,11376.698473
9420.0,2261,11383.506918
9310.0,2189,11402.138038
9260.0,2155,11408.557084
9440.0,2169,11414.505256
8880.0,2154,11420.743501
9110.0,2116,11427.094151
8880.0,2140,11433.513003
8510.0,2109,11451.960493
9490.0,2227,11458.99003
8900.0,2153,11465.333083
9460.0,2197,11471.417842
8670.0,2160,11477.96212
8840.0,2098,11484.117866
9150.0,2201,11503.275161
8020.0,2155,11509.80761
9310.0,2169,11516.188732
9120.0,2171,11522.286463
9140.0,2205,11528.463933
9470.0,2289,11535.448685
8760.0,2152,11555.47172
9060.0,2172,11561.955744
9610.0,2142,11567.907649
9030.0,2159,11574.038029
9360.0,2213,11580.602217
8810.0,2186,11587.124142
9510.0,2210,11607.348335
9390.0,2212,11613.635646
9820.0,2199,11619.387171
9080.0,2154,11625.610595
9430.0,2212,11632.286108
8950.0,2155,11650.448213
9080.0,2193,11656.816593
9020.0,2203,11663.315719
8430.0,2178,11669.221016
8280.0,2176,11675.677722
8860.0,2242,11682.437824
9490.0,2226,11701.12327
9060.0,2165,11707.351928
8920.0,2188,11713.400791
8560.0,2232,11720.198245
9020.0,2233,11726.800306
9190.0,2196,11733.083467
9400.0,2179,11751.808996
9420.0,2236,11758.30679
9050.0,2181,11764.994394
9060.0,2236,11771.498827
9090.0,2206,11778.075656
9120.0,2169,11784.435242
9200.0,2170,11802.033957
9370.0,2179,11808.677316
9090.0,2206,11814.712783
9090.0,2189,11821.353024
9290.0,2146,11827.96143
9510.0,2188,11834.177092
8700.0,2157,11853.593818
8690.0,2217,11859.889731
9110.0,2202,11865.747306
9190.0,2204,11871.868991
8870.0,2162,11878.47726
9140.0,2202,11884.93935
9260.0,2149,11904.399539
8160.0,2110,11910.707366
9660.0,2196,11917.071249
8570.0,2133,11923.285638
8830.0,2224,11929.57927
8410.0,2148,11935.623321
8330.0,2244,11955.525634
8570.0,2130,11962.041744
9040.0,2194,11968.253486
8920.0,2157,11974.452972
9060.0,2154,11980.620811
8850.0,2156,11986.750704
8690.0,2124,12005.996137
8780.0,2152,12012.582514
8880.0,2178,12018.41871
9240.0,2185,12024.22439
9540.0,2134,12030.481558
9510.0,2180,12036.601859
8740.0,2122,12055.119989
8970.0,2173,12061.218468
9460.0,2197,12067.31789
8940.0,2150,12073.511625
8630.0,2226,12080.604968
9240.0,2244,12086.781173
9270.0,2189,12106.801582
8790.0,2238,12113.295
9490.0,2193,12119.93453
9190.0,2186,12126.77034
9460.0,2244,12133.096614
9240.0,2174,12139.41137
9400.0,2243,12158.910936
8980.0,2125,12165.338178
9040.0,2204,12171.963969
8840.0,2203,12178.731991
9440.0,2239,12185.265176
9390.0,2204,12204.280259
3380.0,1292,12207.979489
9440.0,2224,12215.388313
8130.0,2149,12221.630116
9000.0,2216,12227.593581
9150.0,2183,12233.564479
8720.0,2159,12239.625805
4940.0,1656,12257.851734
9040.0,2151,12264.424534
8900.0,2123,12270.825726
8170.0,2153,12276.711367
9020.0,2224,12282.769953
8510.0,2105,12288.661145
9710.0,2227,12308.925434
3420.0,1401,12312.94492
5610.0,1883,12318.910299
8940.0,2114,12324.4609
8790.0,2167,12329.723623
8790.0,2133,12335.634811
9510.0,2251,12356.132576
9440.0,2179,12362.818442
8940.0,2159,12369.604366
8860.0,2188,12375.342705
9190.0,2222,12381.03431
8420.0,2237,12387.468363
8810.0,2107,12406.773188
8790.0,2110,12413.07815
9440.0,2184,12419.419661
9290.0,2106,12425.560368
8970.0,2143,12431.329469
4820.0,1714,12436.22863
8790.0,2175,12443.185917
8780.0,2245,12462.739109
9330.0,2124,12469.144548
9150.0,2142,12475.190275
8750.0,2121,12480.770938
8540.0,2232,12486.79043
9230.0,2297,12505.258962
8980.0,2138,12511.696297
9100.0,2229,12518.926814
8950.0,2204,12525.21536
9490.0,2147,12531.062261
8810.0,2160,12537.03499
9110.0,2279,12555.831645
8460.0,2187,12562.319824
9310.0,2161,12569.050755
9360.0,2123,12575.354985
8990.0,2180,12581.675617
3520.0,1363,12584.945475
9410.0,2192,12591.131953
9060.0,2178,12611.385963
9510.0,2270,12618.737725
9070.0,2221,12625.230404
9300.0,2175,12630.757206
9110.0,2156,12636.149221
9100.0,2109,12642.248577
8900.0,2135,12661.054829
8830.0,2115,12667.458518
9370.0,2237,12673.868209
9390.0,2116,12679.240013
8940.0,2129,12685.211877
8880.0,2119,12691.535937
8910.0,2099,12711.340157
8850.0,2124,12717.497409
9160.0,2195,12723.472264
9550.0,2184,12729.435967
2890.0,1313,12732.530162
9260.0,2173,12738.876046
9080.0,2192,12758.620368
9050.0,2150,12765.014982
8900.0,2197,12771.797603
9210.0,2147,12777.717816
8340.0,2129,12783.31602
8540.0,2285,12789.643528
8750.0,2096,12808.967784
9710.0,2215,12815.212148
8680.0,2163,12821.617197
9320.0,2145,12827.518014
8950.0,2137,12833.552193
9440.0,2157,12839.960044
9580.0,2186,12858.886501
9190.0,2103,12865.025824
8970.0,2194,12871.466692
9140.0,2145,12878.079496
9060.0,2229,12884.268386
8930.0,2122,12890.551361
9040.0,2251,12909.595286
9310.0,2146,12916.057545
9070.0,2184,12922.504579
9280.0,2125,12928.765891
8170.0,2080,12934.545299
8940.0,2141,12940.360233
8810.0,2108,12958.888261
9050.0,2167,12965.456415
9150.0,2199,12971.938383
8700.0,2243,12978.700091
8630.0,2154,12984.635804
8930.0,2144,12990.226071
8640.0,2194,13009.549613
8770.0,2221,13016.389401
9380.0,2180,13022.826185
8920.0,2090,13028.705168
8970.0,2118,13034.545033
4850.0,1626,13038.834312
9170.0,2178,13058.797031
8910.0,2177,13065.319953
9260.0,2139,13071.753975
9350.0,2154,13077.335561
9270.0,2164,13083.858852
9040.0,2166,13090.320287
9540.0,2231,13110.38321
9250.0,2156,13116.934109
9130.0,2176,13122.605161
9420.0,2208,13128.451834
9510.0,2201,13134.852663
9460.0,2238,13141.876062
8660.0,2164,13161.376437
9610.0,2162,13167.761576
9090.0,2183,13173.732118
9290.0,2112,13179.874476
9610.0,2229,13186.417873
9510.0,2161,13193.04084
9020.0,2184,13212.570955
8920.0,2095,13218.886074
9510.0,2213,13225.149185
9440.0,2146,13231.407514
9050.0,2226,13238.15122
8750.0,2167,13244.394775
8530.0,1989,13262.849895
9550.0,2220,13269.79485
9030.0,2209,13276.118958
8850.0,2165,13282.655843
8930.0,2191,13289.259707
9670.0,2229,13295.782929
9280.0,2209,13315.051925
9060.0,2204,13321.43283
9270.0,2179,13327.714884
4820.0,1675,13332.735455
8810.0,2161,13338.91214
9100.0,2179,13344.833541
9150.0,2117,13364.510154
9110.0,2141,13371.126992
9660.0,2209,13377.475022
9220.0,2238,13383.791841
8790.0,2143,13389.91731
9030.0,2164,13396.207674
8740.0,2163,13416.120239
8690.0,2142,13422.341539
8970.0,2163,13428.083884
9210.0,2163,13434.402892
9370.0,2157,13440.969155
9170.0,2157,13447.748088
9640.0,2218,13467.767769
9300.0,2220,13473.693559
8870.0,2167,13479.658896
9110.0,2180,13486.33803
8600.0,2143,13492.752998
8880.0,2192,13499.034404
9270.0,2167,13517.351842
9060.0,2174,13523.850682
8490.0,2028,13529.659066
3300.0,1256,13533.762708
8680.0,2180,13540.413779
2920.0,1383,13544.342163
8750.0,2198,13551.103566
9240.0,2163,13570.170088
8760.0,2165,13576.380948
9190.0,2173,13583.065388
9200.0,2275,13589.970554
9330.0,2175,13596.487032
8790.0,2136,13614.000333
9490.0,2191,13620.190979
8460.0,2230,13627.079259
9270.0,2215,13634.026105
9490.0,2189,13640.783559
9370.0,2171,13647.077506
8700.0,2150,13665.485935
8680.0,2235,13671.842098
9240.0,2167,13678.940209
8790.0,2123,13685.513089
5820.0,1778,13690.724462
8670.0,2090,13696.858511
8610.0,2131,13702.885375
8740.0,2152,13720.979829
9340.0,2191,13727.350214
9240.0,2167,13733.811124
8520.0,2080,13739.784799
9070.0,2166,13746.316055
9350.0,2130,13752.521669
9680.0,2256,13771.484024
9470.0,2210,13778.4321
8710.0,2112,13784.426002
9260.0,2189,13790.819047
9000.0,2226,13797.743642
9470.0,2273,13816.910465
8800.0,2130,13822.897563
9370.0,2148,13828.940878
8690.0,2199,13836.371493
8760.0,2151,13843.147998
9020.0,2238,13849.8358
9760.0,2168,13868.865055
8350.0,2159,13874.662586
4920.0,1682,13879.511585
9030.0,2165,13886.52323
8860.0,2205,13893.55381
9410.0,2134,13900.622194
9040.0,2195,13918.237632
8890.0,2147,13924.663833
8930.0,2126,13931.291188
9660.0,2232,13937.941772
8840.0,2208,13944.742835
9170.0,2264,13951.361054
8760.0,2164,13969.586245
8170.0,2175,13976.170339
9010.0,2193,13982.831577
8650.0,2120,13989.177112
9510.0,2206,13995.853543
9420.0,2205,14002.118631
8660.0,2148,14020.869717
9150.0,2136,14027.533312
9060.0,2208,14034.186901
8620.0,2198,14041.196184
9610.0,2219,14047.708407
9600.0,2267,14054.495517
9020.0,2172,14074.456117
9040.0,2202,14080.982893
9110.0,2199,14087.680493
9090.0,2261,14094.410242
9350.0,2174,14100.997342
8450.0,2164,14107.350205
8780.0,2099,14126.783385
8880.0,2160,14133.044728
8430.0,2149,14139.513695
9270.0,2245,14146.141874
9240.0,2175,14152.908844
8990.0,2210,14159.139401
9260.0,2133,14177.494107
8930.0,2129,14183.850622
9120.0,2170,14190.374273
8820.0,2129,14196.952157
8090.0,2064,14203.337621
9060.0,2246,14209.471399
9360.0,2144,14226.834543
9460.0,2163,14233.459362
4870.0,1664,14238.531942
9310.0,2221,14245.178397
9260.0,2172,14251.621934
9440.0,2215,14258.076472
8750.0,2220,14276.534893
9890.0,2192,14283.17464
8800.0,2103,14289.726421
8390.0,2090,14295.872698
9180.0,2159,14302.26433
9330.0,2187,14308.205135
9510.0,2214,14327.718295
9450.0,2189,14334.802419
9130.0,2226,14341.204649
9440.0,2233,14347.80707
9080.0,2224,14354.204712
9090.0,2160,14360.391067
9230.0,2169,14379.709667
8970.0,2193,14386.804166
9050.0,2152,14393.276049
9200.0,2239,14399.658794
8370.0,2185,14406.431671
8860.0,2191,14412.322602
2860.0,1318,14427.278893
9260.0,2165,14433.73897
9260.0,2178,14439.824057
9150.0,2208,14446.110426
8570.0,2107,14452.343226
9460.0,2165,14458.693845
9020.0,2199,14477.230291
8900.0,2188,14483.59683
8870.0,2110,14490.002121
10200.0,2398,14497.675639
8950.0,2095,14504.232946
8840.0,2193,14510.441422
9180.0,2166,14528.282053
8090.0,2112,14534.562886
2840.0,1310,14538.742689
9020.0,2181,14545.192255
8740.0,2162,14551.588228
8930.0,2148,14557.755614
9010.0,2178,14563.662463
9060.0,2251,14582.982478
9480.0,2192,14589.623905
9040.0,2121,14596.074897
9620.0,2176,14602.888184
9080.0,2176,14609.628516
9100.0,2276,14628.02597
8970.0,2184,14634.584234
8790.0,2193,14640.991498
9010.0,2205,14647.479262
8950.0,2168,14653.421874
8610.0,2142,14659.130517
9370.0,2195,14679.22461
9160.0,2219,14685.702762
8840.0,2140,14691.937886
9460.0,2251,14698.293632
9710.0,2212,14704.355802
9510.0,2234,14710.838633
9250.0,2204,14730.4973
9260.0,2173,14736.553433
9110.0,2229,14742.48154
9310.0,2245,14748.424509
9200.0,2206,14754.338104
8940.0,2333,14760.900336
9060.0,2216,14779.547244
9370.0,2300,14785.503938
9110.0,2232,14792.339974
8640.0,2095,14797.793804
8890.0,2183,14803.36207
9550.0,2176,14809.500549
9440.0,2168,14827.3188
9310.0,2193,14833.815424
9270.0,2230,14840.045223
9330.0,2108,14845.674373
9120.0,2155,14851.323546
9410.0,2214,14857.971686
9500.0,2185,14877.037132
8830.0,2196,14883.207867
8930.0,2130,14889.364744
8820.0,2139,14895.350105
9390.0,2167,14901.519711
9270.0,2167,14907.918043
8820.0,2149,14927.220975
8940.0,2118,14933.722242
9060.0,2168,14939.86149
9410.0,2182,14945.524356
8820.0,2208,14951.132093
8450.0,2052,14957.282456
8990.0,2195,14977.196637
8790.0,2102,14983.330776
8450.0,1993,14989.248713
9090.0,2189,14994.968899
8600.0,2111,15000.574446
8420.0,2163,15007.045599
3790.0,1312,15024.646907
9160.0,2136,15031.24438
8600.0,2212,15037.527705
9170.0,2216,15043.195453
8950.0,2165,15049.300516
9190.0,2244,15056.278341
9470.0,2254,15075.859483
9110.0,2165,15081.870979
8820.0,2215,15087.883766
8960.0,2135,15093.988724
9140.0,2211,15100.043322
9440.0,2173,15106.389353
9260.0,2161,15125.496448
8960.0,2136,15131.689324
9460.0,2216,15138.61706
9210.0,2142,15144.521437
9590.0,2246,15150.936591
8900.0,2167,15157.431741
9200.0,2179,15175.852096
9440.0,2187,15182.148666
9460.0,2145,15188.515103
9110.0,2210,15195.087834
9050.0,2198,15201.607945
9460.0,2159,15207.928909
8940.0,2139,15226.977153
9020.0,2203,15233.332434
9060.0,2149,15239.469398
9440.0,2185,15245.86726
9040.0,2181,15252.498156
8550.0,2022,15258.654183
9510.0,2202,15277.312599
9470.0,2201,15284.304912
9300.0,2194,15290.643524
9420.0,2248,15297.121197
8950.0,2192,15303.380659
9110.0,2181,15309.496096
8690.0,2193,15328.963753
8930.0,2135,15335.515344
7670.0,2037,15341.369511
9110.0,2192,15347.358556
9060.0,2199,15353.722913
9400.0,2182,15360.238929
8760.0,2204,15379.233103
9150.0,2157,15385.11779
8840.0,2096,15390.362732
8620.0,2067,15395.938748
8790.0,2098,15401.962899
9220.0,2164,15408.162647
8930.0,2175,15426.089929
8890.0,2144,15431.490286
9060.0,2214,15436.834557
9040.0,2203,15442.826579
8550.0,2136,15448.9332
9660.0,2211,15455.685243
9030.0,2170,15473.87772
9060.0,2120,15479.216605
8790.0,2085,15484.607905
8300.0,2132,15490.427813
8750.0,2197,15496.590563
9510.0,2205,15502.701353
9250.0,2213,15521.611401
8950.0,2133,15527.350061
8970.0,2186,15533.362365
9110.0,2229,15539.757549
8920.0,2158,15546.565089
8910.0,2159,15552.673717
8860.0,2144,15570.407106
9020.0,2229,15576.411352
9280.0,2170,15582.122324
9310.0,2181,15588.211663
8620.0,2091,15594.307392
8840.0,2186,15600.353458
8650.0,2133,15619.898818
8900.0,2173,15625.898653
8550.0,2072,15631.353394
9060.0,2200,15637.65101
8810.0,2208,15644.223614
9110.0,2241,15650.167898
9040.0,2163,15670.425266
8440.0,2062,15676.541944
9310.0,2113,15682.363565
9310.0,2132,15688.097635
8320.0,2217,15694.214036
9110.0,2192,15700.883582
8840.0,2118,15719.615509
8910.0,2140,15725.430721
9090.0,2122,15730.842866
8400.0,2191,15736.709466
9270.0,2185,15742.956189
9050.0,2166,15749.138751
9020.0,2187,15769.385598
9070.0,2125,15774.895163
8970.0,2197,15780.331978
8750.0,2166,15786.392352
8880.0,2139,15792.226245
9060.0,2156,15798.396933
9110.0,2202,15817.796223
9310.0,2164,15823.582742
8900.0,2182,15829.569897
9350.0,2211,15836.276421
8850.0,2145,15842.372512
8900.0,2210,15861.890886
9540.0,2166,15867.972979
8980.0,2206,15873.972544
8600.0,2099,15879.820776
9200.0,2245,15886.325941
9110.0,2178,15892.960058
9300.0,2182,15912.733028
9260.0,2181,15918.86871
9030.0,2113,15924.536886
3360.0,1381,15928.022856
8430.0,2211,15934.313504
8640.0,2155,15940.57583
9350.0,2126,15946.642673
5860.0,1873,15965.08987
8690.0,2157,15971.259115
9660.0,2232,15977.572457
8470.0,2188,15984.247938
9420.0,2281,15991.489426
9260.0,2249,15997.753838
9510.0,2263,16017.103476
9180.0,2185,16023.478497
8970.0,2145,16029.654365
8930.0,2187,16036.121691
9070.0,2145,16041.827497
9510.0,2203,16048.259517
9110.0,2208,16068.566688
9060.0,2183,16074.918938
9330.0,2203,16081.137732
9140.0,2192,16087.468256
9040.0,2161,16094.124365
9410.0,2162,16101.211346
8920.0,2126,16120.635495
8750.0,2189,16126.688146
8480.0,2155,16132.716871
8720.0,2158,16139.229401
8350.0,2173,16145.566633
8850.0,2196,16152.060802
9020.0,2209,16170.850753
9440.0,2209,16176.804269
8920.0,2156,16183.447485
9410.0,2204,16189.965427
9100.0,2196,16196.257625
9060.0,2236,16214.34703
9410.0,2174,16220.176372
8720.0,2124,16226.295711
9510.0,2180,16232.718353
9010.0,2267,16239.673378
9410.0,2167,16246.154854
8870.0,2181,16264.890764
8920.0,2189,16271.087878
8740.0,2212,16277.233173
9030.0,2095,16283.335582
9350.0,2227,16290.032522
9100.0,2176,16296.40407
8950.0,2160,16315.06242
9470.0,2240,16321.676514
9010.0,2225,16327.619429
8940.0,2142,16334.192856
12990.0,2709,16342.403449
9260.0,2197,16348.632185
4930.0,1642,16366.814352
9040.0,2163,16372.730142
9510.0,2183,16379.59035
8510.0,2212,16386.203107
8910.0,2117,16392.258919
9210.0,2206,16398.799691
9390.0,2136,16418.092306
8960.0,2100,16423.855941
9230.0,2194,16430.309961
9070.0,2118,16436.322475
9020.0,2181,16442.672246
9130.0,2180,16449.218856
9510.0,2232,16469.195857
9670.0,2276,16475.341543
9040.0,2154,16481.499846
8440.0,2082,16487.65671
9110.0,2157,16494.247115
9890.0,2232,16500.999592
9010.0,2151,16519.805923
9260.0,2180,16525.50012
9210.0,2129,16531.849159
9650.0,2216,16538.76012
9150.0,2154,16545.370079
4940.0,1683,16550.305701
8660.0,2083,16569.411188
8110.0,2146,16575.270273
9420.0,2208,16581.884125
9300.0,2174,16588.645251
8840.0,2151,16595.040367
9410.0,2180,16601.364602
9050.0,2181,16619.879457
9060.0,2175,16626.218749
8800.0,2141,16632.767369
9070.0,2182,16639.431637
9060.0,2146,16645.770585
9460.0,2176,16652.42282
9000.0,2212,16671.191977
9310.0,2170,16677.451694
9410.0,2238,16684.123543
9650.0,2207,16690.941902
8990.0,2148,16697.28248
8510.0,2176,16703.534865
9010.0,2168,16722.187832
9310.0,2173,16728.473243
4930.0,1637,16733.253817
8060.0,2132,16739.586342
9460.0,2185,16746.05616
8790.0,2110,16752.354005
9260.0,2192,16772.039534
9370.0,2221,16779.075686
9270.0,2205,16785.546986
8290.0,2061,16791.413565
8960.0,2116,16797.706517
8970.0,2166,16804.2461
9260.0,2203,16822.60019
8590.0,2050,16828.661301
9030.0,2221,16835.019506
9440.0,2323,16841.85177
8940.0,2181,16848.505946
8870.0,2137,16855.069042
9110.0,2421,16873.955654
8930.0,2166,16880.019019
9280.0,2132,16886.439791
8830.0,2103,16892.874841
9160.0,2198,16899.39052
8700.0,2162,16905.692296
9010.0,2156,16924.110976
8860.0,2209,16930.333709
9370.0,2201,16936.55243
9030.0,2131,16942.483958
9210.0,2289,16948.828669
9250.0,2183,16954.501933
8750.0,2245,16972.869541
8860.0,2119,16978.799093
9200.0,2279,16985.065738
9490.0,2144,16991.028322
8610.0,2146,16996.770002
8510.0,2109,17002.723
9460.0,2144,17020.204869
8140.0,2107,17026.245771
8390.0,2069,17032.070598
9050.0,2214,17037.717166
8850.0,2125,17043.467383
9220.0,2194,17049.50033
8910.0,2151,17066.934031
9230.0,2194,17073.49593
9270.0,2213,17079.364791
9060.0,2148,17085.313946
8820.0,2170,17091.35585
9460.0,2195,17097.402137
9260.0,2243,17115.065759
8910.0,2180,17121.433938
9420.0,2230,17127.625733
8910.0,2138,17133.624234
9570.0,2222,17139.960566
9110.0,2163,17146.001
9040.0,2104,17162.955528
9210.0,2223,17168.969766
9510.0,2234,17175.669095
9070.0,2269,17181.898591
8850.0,2141,17187.742015
9130.0,2132,17193.337095
8840.0,2155,17209.827628
8990.0,2211,17215.838923
9460.0,2180,17221.807651
8520.0,2199,17227.700624
8740.0,2102,17233.345976
9410.0,2169,17249.829634
9060.0,2171,17256.135106
9110.0,2183,17262.324966
9010.0,2166,17268.384587
8950.0,2107,17274.223071
9660.0,2256,17280.20928
9510.0,2225,17297.368682
8950.0,2166,17303.301608
9180.0,2210,17309.873053
9110.0,2170,17315.84179
9200.0,2107,17321.660088
9460.0,2207,17327.284967
8260.0,2108,17344.891168
9240.0,2163,17350.740171
9460.0,2199,17356.728348
8120.0,2063,17362.460898
8940.0,2064,17368.021864
9160.0,2112,17373.485186
9130.0,2240,17391.020171
9260.0,2167,17397.058233
9110.0,2196,17403.601096
8710.0,2170,17409.303059
8850.0,2162,17415.384454
8740.0,2220,17421.062466
8980.0,2179,17437.741582
8870.0,2197,17443.3429
8950.0,2142,17449.095866
8890.0,2142,17454.829835
8990.0,2174,17460.618407
9260.0,2246,17467.327285
8520.0,2197,17484.704199
9360.0,2130,17490.309508
9450.0,2178,17496.314504
3260.0,1393,17500.197634
9410.0,2284,17506.082548
8840.0,2127,17511.447833
8120.0,2157,17528.979129
8830.0,2172,17535.021507
8760.0,2117,17541.055483
8900.0,2135,17546.807673
8650.0,2247,17552.609722
9120.0,2229,17559.208293
9110.0,2164,17576.56112
9460.0,2179,17581.98678
9120.0,2205,17587.407087
8510.0,2126,17592.72692
8680.0,2177,17598.200454
9170.0,2232,17603.621727
9440.0,2152,17619.761502
9190.0,2170,17625.107361
9260.0,2162,17630.42741
8870.0,2149,17636.246288
9060.0,2152,17641.594549
9420.0,2226,17647.044637
9090.0,2177,17663.369098
8890.0,2218,17668.80081
9090.0,2153,17674.093274
8790.0,2209,17679.402703
9210.0,2160,17684.930898
8400.0,2063,17690.060659
9290.0,2179,17706.151824
8960.0,2114,17711.404047
9180.0,2169,17716.703452
4860.0,1707,17720.795798
9330.0,2184,17726.143371
8180.0,2132,17731.414874
9230.0,2205,17747.739771
8650.0,2184,17753.085049
8880.0,2136,17758.334786
8810.0,2110,17763.554589
9430.0,2206,17768.925459
8450.0,2022,17774.01279
8900.0,2139,17779.150928
8340.0,2091,17795.374286
8880.0,2130,17800.62695
9020.0,2262,17806.548907
9480.0,2183,17811.903621
9070.0,2165,17817.248762
8940.0,2180,17833.305649
8930.0,2181,17838.649292
9510.0,2211,17844.111495
8930.0,2194,17849.464681
9260.0,2194,17854.897819
8870.0,2186,17860.745136
9090.0,2232,17877.441142
9420.0,2204,17882.750701
9410.0,2147,17888.039808
9190.0,2185,17893.355458
9710.0,2228,17898.767638
8820.0,2221,17904.582285
9510.0,2222,17920.919341
9060.0,2174,17926.228469
9270.0,2157,17931.490287
9590.0,2159,17936.812508
9120.0,2180,17942.096755
9240.0,2161,17947.246324
9000.0,2168,17963.240901
9150.0,2242,17969.18978
8880.0,2112,17974.385672
9300.0,2209,17979.811622
9290.0,2179,17985.170701
12700.0,2634,17991.469695
9270.0,2151,18007.939427
8790.0,2176,18013.257907
8830.0,2098,18018.460649
9460.0,2155,18023.784045
9130.0,2169,18029.111018
8870.0,2205,18034.143441
9130.0,2163,18051.145743
9460.0,2194,18056.588341
8870.0,2214,18062.112951
9130.0,2271,18067.709217
9020.0,2239,18073.108585
8520.0,2159,18078.092299
9590.0,2221,18094.849983
8370.0,2117,18100.106241
8080.0,2120,18105.398671
9090.0,2179,18110.740509
9330.0,2120,18115.8224
9500.0,2230,18120.954059
8820.0,2119,18137.226501
9050.0,2193,18142.589729
9260.0,2169,18147.908528
8910.0,2100,18153.180059
9010.0,2171,18158.333177
9190.0,2223,18163.461136
8930.0,2156,18179.061918
9000.0,2111,18184.261763
9510.0,2162,18190.04785
9490.0,2190,18195.379882
8910.0,2118,18200.495203
8310.0,2113,18205.454553
8990.0,2183,18222.198212
9340.0,2172,18227.583984
8880.0,2128,18232.843364
8850.0,2152,18238.087361
9420.0,2234,18243.257354
9350.0,2245,18248.879695
8880.0,2221,18265.415783
9510.0,2222,18270.897561
8520.0,2179,18276.267309
9190.0,2163,18281.551468
8920.0,2195,18286.575059
8920.0,2122,18291.532661
9730.0,2155,18308.49459
8860.0,2178,18313.822495
9010.0,2115,18319.108185
9020.0,2144,18324.746005
8910.0,2195,18329.77636
9060.0,2201,18346.016939
8890.0,2148,18351.276855
9240.0,2171,18356.665266
8500.0,2161,18361.933704
9160.0,2162,18367.096891
8430.0,2132,18372.050863
8670.0,2190,18388.290281
9390.0,2157,18393.614017
8880.0,2137,18398.872061
8960.0,2137,18404.178385
8860.0,2164,18409.347337
8870.0,2199,18414.845425
8950.0,2197,18431.386714
8850.0,2191,18436.800611
8730.0,2213,18442.195645
9190.0,2233,18447.589433
8560.0,2026,18452.489917
9180.0,2160,18457.494105
9230.0,2144,18473.892261
8950.0,2159,18479.240756
8880.0,2052,18484.363202
8970.0,2181,18489.753356
8500.0,2143,18494.864411
8970.0,2158,18499.863623
9350.0,2182,18516.781617
8880.0,2151,18522.105167
9280.0,2137,18527.399262
8450.0,2048,18532.106561
9440.0,2206,18537.682552
9410.0,2165,18542.720191
8900.0,2173,18559.063355
8800.0,2145,18564.350792
9220.0,2191,18569.69122
7960.0,2174,18574.981428
9840.0,2254,18580.159556
8960.0,2219,18585.728486
8960.0,2122,18602.18587
8900.0,2110,18607.441517
8910.0,2179,18612.736119
10220.0,2345,18618.238123
9150.0,2196,18623.329656
9090.0,2052,18628.323616
9620.0,2193,18645.140414
9020.0,2212,18650.521238
8020.0,2038,18655.603667
9210.0,2160,18660.807902
8700.0,2149,18665.920042
8870.0,2207,18671.638303
8720.0,2191,18688.323995
8820.0,2144,18693.641285
9530.0,2160,18698.946239
9350.0,2225,18704.117643
9510.0,2205,18709.224044
9490.0,2199,18714.545448
8800.0,2146,18731.156119
9390.0,2251,18737.25719
9510.0,2244,18742.721112
8840.0,2139,18747.726016
9270.0,2200,18752.753191
9460.0,2190,18758.027871
9040.0,2218,18774.994823
8950.0,2179,18780.383391
9110.0,2189,18785.704951
9340.0,2139,18790.682719
4900.0,1709,18794.548489
9840.0,2197,18799.890837
9140.0,2102,18816.30076
9510.0,2247,18821.813667
9460.0,2195,18827.66272
9390.0,2239,18832.77029
8820.0,2171,18837.857992
8990.0,2205,18843.244443
8990.0,2170,18859.881631
9010.0,2145,18865.151381
9670.0,2187,18870.414783
9680.0,2204,18875.90884
8880.0,2153,18880.97894
8480.0,2159,18886.286227
8510.0,2158,18903.037286
9620.0,2263,18908.531985
9690.0,2179,18913.693971
8940.0,2191,18918.755667
8990.0,2216,18923.92311
9490.0,2226,18929.43949
8920.0,2173,18945.227905
8930.0,2172,18950.329015
8690.0,2168,18955.278352
8800.0,2125,18960.233719
9380.0,2175,18965.255802
9410.0,2142,18970.180379
8590.0,2110,18986.013313
8530.0,2115,18990.900995
9710.0,2199,18995.901834
8670.0,2109,19000.688895
9180.0,2119,19005.540307
8910.0,2129,19010.356663
9310.0,2146,19025.937458
8880.0,2140,19030.772003
9320.0,2145,19035.623627
9660.0,2185,19041.013714
9460.0,2205,19045.941149
8880.0,2189,19050.853034
9620.0,2206,19066.542841
9220.0,2224,19071.503778
9710.0,2207,19076.485602
8890.0,2063,19081.235861
9000.0,2245,19086.701236
9090.0,2099,19091.51843
9620.0,2167,19106.556603
9410.0,2152,19111.465765
8640.0,2208,19116.451622
9530.0,2262,19121.524129
9020.0,2170,19126.493007
9110.0,2207,19131.463034
8370.0,2182,19148.125548
8720.0,2237,19153.195689
9460.0,2168,19158.212461
9500.0,2251,19163.34123
8590.0,2135,19168.253309
9120.0,2135,19173.157411
9510.0,2194,19189.128869
9110.0,2134,19194.126218
9660.0,2232,19199.679048
9460.0,2166,19204.833389
2620.0,1379,19207.835749
8950.0,2167,19213.007162
8910.0,2160,19229.570529
9440.0,2192,19234.813856
8390.0,2241,19239.934693
9040.0,2215,19245.082503
9020.0,2225,19250.352327
4870.0,1736,19254.832777
8900.0,2161,19271.278516
9060.0,2148,19276.583753
8730.0,2183,19281.79435
9420.0,2208,19286.872524
9150.0,2197,19292.002323
8800.0,2100,19296.825099
9180.0,2164,19312.445888
9600.0,2239,19317.494371
9130.0,2161,19322.924135
9200.0,2126,19327.832445
9210.0,2168,19332.774619
9120.0,2185,19337.782725
9180.0,2190,19353.471606
9440.0,2229,19358.501091
8880.0,2109,19363.354682
8950.0,2189,19368.341697
8810.0,2118,19373.191011
9140.0,2194,19378.192889
9140.0,2194,19394.27538
8980.0,2155,19399.19591
9210.0,2196,19404.166322
9660.0,2248,19409.208465
8950.0,2180,19414.141268
9270.0,2200,19419.165219
9470.0,2244,19435.325773
9010.0,2148,19440.238309
9170.0,2163,19445.133814
9910.0,2186,19450.100327
9020.0,2206,19455.08087
9200.0,2198,19460.066448
9570.0,2233,19476.122598
8680.0,2204,19481.09602
8510.0,2202,19486.080284
8990.0,2150,19491.039059
8750.0,2175,19496.150515
9110.0,2207,19501.315663
9030.0,2228,19516.158028
9040.0,2164,19521.556372
9470.0,2110,19525.9773
8990.0,2155,19531.325026
9210.0,2196,19536.339081
8730.0,2045,19541.082327
8740.0,2161,19556.059086
9110.0,2199,19561.021825
9020.0,2250,19566.106177
9350.0,2140,19570.994367
9130.0,2197,19575.980583
8970.0,2183,19591.638929
