#{"t_start": 1680678430.3978133, "env_id": "Freeway-v4"}
r,l,t
0.0,2732,10.566687
0.0,2745,17.023942
0.0,2738,23.575124
0.0,2743,30.495406
0.0,2760,53.310693
0.0,2750,60.861975
2.0,2757,68.270527
9.0,2742,75.418142
11.0,2739,83.098223
19.0,2759,107.195805
18.0,2738,114.933867
19.0,2719,122.037179
21.0,2724,129.5543
19.0,2742,153.981969
22.0,2735,161.497487
20.0,2744,169.899122
17.0,2729,178.177968
24.0,2707,186.571953
22.0,2747,212.417582
22.0,2702,220.668939
21.0,2701,228.073248
20.0,2731,235.410859
19.0,2744,261.502614
22.0,2728,269.586378
20.0,2735,277.571099
21.0,2730,285.234984
23.0,2735,293.012162
20.0,2720,317.77716
23.0,2733,325.649701
23.0,2749,333.878841
21.0,2738,342.081573
20.0,2739,349.826128
19.0,2726,374.901608
19.0,2718,382.368138
21.0,2717,391.152461
24.0,2750,399.846988
21.0,2706,426.084872
20.0,2733,433.909721
21.0,2710,442.319082
22.0,2716,451.45787
22.0,2732,459.387738
21.0,2725,484.062298
21.0,2708,492.615941
21.0,2726,501.023465
21.0,2738,509.559946
21.0,2731,517.671945
22.0,2747,542.039473
22.0,2740,550.279022
23.0,2748,559.01448
24.0,2752,567.018372
22.0,2727,590.846345
23.0,2711,599.307619
20.0,2709,607.879292
22.0,2756,616.129866
23.0,2716,623.493458
21.0,2746,648.556125
27.0,2748,656.695876
25.0,2732,664.441558
24.0,2706,672.045254
24.0,2743,695.497614
24.0,2765,703.901608
24.0,2695,712.082743
23.0,2743,719.515003
22.0,2730,727.035777
21.0,2738,751.648091
25.0,2738,759.554758
21.0,2725,766.998812
21.0,2712,775.009598
18.0,2732,799.633059
20.0,2754,806.901768
20.0,2716,813.880586
24.0,2727,822.130973
18.0,2717,830.619036
21.0,2708,854.367081
21.0,2733,862.168223
23.0,2738,870.469525
24.0,2737,878.80667
24.0,2714,887.4605
22.0,2718,911.0303
22.0,2731,918.636919
21.0,2713,926.807478
22.0,2736,935.230271
24.0,2736,958.927436
22.0,2740,966.202601
23.0,2725,974.742104
23.0,2734,982.917336
24.0,2738,990.997524
24.0,2732,1015.789224
27.0,2708,1022.817967
22.0,2734,1030.760873
25.0,2745,1039.504205
23.0,2745,1063.774561
25.0,2737,1071.683835
26.0,2709,1079.328101
26.0,2751,1087.506635
25.0,2744,1095.203834
26.0,2735,1118.493451
27.0,2725,1125.849451
22.0,2732,1133.049773
27.0,2731,1140.834724
27.0,2736,1148.397628
27.0,2725,1172.357075
23.0,2736,1179.410416
27.0,2718,1186.566395
27.0,2744,1193.530923
25.0,2712,1217.744929
24.0,2739,1225.430598
24.0,2738,1232.277343
28.0,2722,1239.257686
26.0,2729,1246.813966
27.0,2763,1272.70002
26.0,2743,1279.600928
24.0,2751,1286.701882
29.0,2719,1294.282372
26.0,2733,1318.977161
27.0,2749,1327.432338
25.0,2727,1334.869096
22.0,2724,1341.987992
26.0,2724,1349.768602
25.0,2741,1374.700716
28.0,2729,1381.613898
27.0,2727,1388.916953
26.0,2714,1396.394404
28.0,2725,1404.670972
23.0,2717,1428.481617
25.0,2755,1435.993083
25.0,2716,1443.666174
27.0,2728,1450.783515
29.0,2714,1475.742894
25.0,2735,1484.160149
28.0,2754,1491.639008
25.0,2738,1499.128211
25.0,2716,1506.744852
26.0,2729,1531.08817
26.0,2740,1538.91954
29.0,2721,1546.636076
25.0,2707,1553.598716
27.0,2728,1577.197497
26.0,2728,1585.600066
23.0,2727,1594.073209
27.0,2702,1601.641354
25.0,2734,1608.584172
29.0,2739,1632.68835
28.0,2699,1641.296616
27.0,2724,1649.614535
26.0,2720,1657.066582
24.0,2719,1663.913493
24.0,2735,1688.611936
26.0,2737,1696.778464
28.0,2709,1705.078397
29.0,2741,1712.43064
26.0,2743,1736.344347
29.0,2719,1745.488039
26.0,2742,1753.763606
28.0,2737,1760.998859
27.0,2729,1768.125644
27.0,2725,1793.875204
26.0,2719,1801.66328
25.0,2732,1809.215488
28.0,2738,1817.610197
27.0,2724,1824.869849
25.0,2747,1848.542524
28.0,2719,1855.81857
27.0,2733,1863.590852
27.0,2701,1871.611511
29.0,2743,1895.021366
27.0,2735,1902.633617
31.0,2743,1910.955918
24.0,2745,1919.411883
28.0,2741,1927.684826
26.0,2716,1950.440282
28.0,2714,1958.567169
27.0,2743,1967.292398
30.0,2724,1975.391534
26.0,2723,1998.545291
26.0,2741,2006.883047
26.0,2713,2014.867753
28.0,2741,2023.158794
29.0,2757,2031.466134
26.0,2727,2055.177814
25.0,2714,2063.294427
29.0,2738,2071.372177
30.0,2761,2079.996424
26.0,2727,2087.310721
29.0,2754,2110.536225
29.0,2748,2119.17461
22.0,2742,2127.646392
26.0,2729,2135.051733
28.0,2741,2159.011231
28.0,2738,2167.062083
29.0,2769,2175.419681
28.0,2736,2183.132625
30.0,2734,2190.169708
30.0,2701,2213.520182
27.0,2721,2221.166307
28.0,2732,2228.233326
27.0,2727,2235.370513
28.0,2737,2260.61984
29.0,2743,2268.375068
30.0,2750,2275.190943
26.0,2727,2282.24764
30.0,2738,2291.033639
29.0,2718,2315.798773
27.0,2736,2322.806778
30.0,2749,2330.503974
28.0,2699,2338.693445
27.0,2749,2364.050728
31.0,2717,2371.160135
31.0,2728,2378.045538
29.0,2720,2386.200991
30.0,2742,2394.565273
30.0,2759,2419.832082
30.0,2730,2426.957635
29.0,2712,2434.035355
30.0,2739,2442.618722
28.0,2744,2451.012579
29.0,2755,2475.9496
30.0,2720,2483.535318
28.0,2746,2490.722476
31.0,2723,2498.891356
30.0,2712,2523.752095
29.0,2760,2531.53306
30.0,2762,2539.049717
29.0,2720,2546.929305
31.0,2727,2554.863639
32.0,2709,2579.74966
28.0,2737,2587.644707
26.0,2748,2594.774323
27.0,2721,2602.65692
28.0,2724,2626.893017
29.0,2724,2635.005659
29.0,2736,2642.535488
27.0,2744,2649.817612
32.0,2722,2656.969658
31.0,2728,2681.900833
29.0,2704,2689.760465
31.0,2724,2697.470544
28.0,2718,2704.110738
29.0,2720,2711.001159
29.0,2741,2736.49217
26.0,2716,2744.79213
27.0,2720,2752.19546
30.0,2738,2759.515569
29.0,2745,2784.971756
25.0,2737,2793.31739
31.0,2720,2800.802074
28.0,2698,2807.621687
28.0,2720,2814.822851
29.0,2735,2840.286783
29.0,2725,2847.721101
30.0,2725,2854.932676
29.0,2745,2862.082693
28.0,2732,2885.942839
31.0,2718,2893.255595
31.0,2708,2900.54259
28.0,2725,2908.386844
30.0,2710,2916.009381
31.0,2739,2939.478137
30.0,2721,2946.411982
28.0,2737,2954.664929
31.0,2736,2962.791576
29.0,2727,2969.800431
30.0,2741,2993.455838
30.0,2722,3001.932192
31.0,2744,3010.279584
29.0,2730,3017.653083
32.0,2733,3041.151847
31.0,2721,3049.176977
31.0,2707,3057.068521
31.0,2760,3065.760552
30.0,2751,3073.410593
30.0,2735,3096.742675
29.0,2735,3104.931055
30.0,2731,3113.815195
29.0,2724,3122.185614
31.0,2716,3129.324038
30.0,2725,3154.681413
27.0,2729,3162.822468
31.0,2738,3170.988205
29.0,2717,3178.297545
29.0,2736,3202.787517
29.0,2708,3210.798564
31.0,2731,3218.991139
29.0,2751,3226.658883
31.0,2713,3233.544481
31.0,2724,3257.892711
28.0,2718,3266.380015
28.0,2721,3273.831957
31.0,2726,3280.95494
31.0,2737,3305.719403
29.0,2721,3313.76362
30.0,2735,3320.978164
30.0,2745,3328.258543
31.0,2751,3336.791238
32.0,2733,3360.86863
32.0,2757,3367.973506
32.0,2734,3375.650396
29.0,2697,3383.666562
30.0,2722,3391.851615
30.0,2744,3416.386881
30.0,2724,3423.775296
31.0,2733,3431.899003
31.0,2708,3439.800086
30.0,2729,3464.07851
31.0,2724,3471.031464
30.0,2717,3478.934702
31.0,2700,3487.014367
28.0,2735,3495.844458
30.0,2739,3519.186353
30.0,2747,3527.37238
30.0,2761,3536.413701
30.0,2723,3544.559945
30.0,2745,3569.263647
29.0,2760,3577.342224
30.0,2736,3585.509899
30.0,2734,3593.640677
30.0,2736,3601.813481
30.0,2745,3625.725403
31.0,2716,3633.410314
30.0,2736,3641.947603
29.0,2713,3649.844359
30.0,2728,3657.071625
29.0,2758,3681.848685
31.0,2742,3689.286935
31.0,2742,3697.234126
29.0,2730,3704.535246
31.0,2718,3728.193418
31.0,2749,3735.382243
31.0,2749,3743.273344
29.0,2736,3750.697852
30.0,2694,3758.153478
32.0,2742,3782.487324
30.0,2747,3789.989726
31.0,2701,3797.105849
31.0,2775,3804.716313
30.0,2727,3830.608176
32.0,2733,3837.675977
29.0,2733,3844.823455
30.0,2736,3852.718259
31.0,2743,3860.943208
30.0,2745,3885.595394
32.0,2732,3893.066502
31.0,2728,3900.835283
32.0,2759,3909.005887
31.0,2728,3917.357568
30.0,2718,3940.585092
30.0,2738,3947.970487
29.0,2747,3955.345976
31.0,2722,3963.772142
30.0,2728,3987.683923
32.0,2730,3995.185623
28.0,2717,4003.730087
31.0,2724,4011.694985
30.0,2703,4019.71286
32.0,2739,4043.872706
28.0,2725,4051.797063
30.0,2756,4059.24109
30.0,2724,4067.881064
32.0,2745,4092.720778
30.0,2718,4100.872723
29.0,2742,4108.846709
31.0,2742,4115.927783
30.0,2751,4123.738419
29.0,2742,4148.23941
30.0,2725,4156.436878
29.0,2720,4163.501699
30.0,2740,4170.397029
30.0,2727,4194.674422
29.0,2751,4203.036015
31.0,2735,4211.164604
27.0,2735,4218.448677
28.0,2721,4224.886164
30.0,2729,4249.843901
30.0,2717,4258.273901
31.0,2738,4265.630034
31.0,2716,4272.160507
27.0,2761,4279.426827
32.0,2737,4304.272142
31.0,2737,4311.981087
28.0,2715,4319.546733
29.0,2751,4327.438304
32.0,2713,4351.723855
31.0,2737,4359.226706
31.0,2735,4366.717042
30.0,2760,4374.050091
29.0,2724,4381.342731
31.0,2732,4405.452209
29.0,2712,4412.76747
31.0,2727,4420.991429
31.0,2723,4429.165159
31.0,2749,4453.035381
30.0,2728,4460.120138
32.0,2739,4468.175978
30.0,2754,4476.845989
29.0,2730,4484.75284
31.0,2747,4507.941029
32.0,2747,4516.259856
32.0,2727,4524.550518
32.0,2740,4532.607923
31.0,2753,4540.839779
31.0,2751,4564.484931
30.0,2714,4572.369411
31.0,2726,4580.893733
31.0,2731,4589.038254
30.0,2722,4613.034461
31.0,2716,4621.275616
29.0,2728,4629.84306
30.0,2723,4638.15493
30.0,2730,4645.93923
32.0,2711,4670.363022
31.0,2707,4678.323176
32.0,2718,4686.210022
31.0,2713,4693.503142
28.0,2716,4701.249427
31.0,2738,4726.540299
32.0,2731,4734.796025
32.0,2741,4742.311135
29.0,2736,4749.67627
31.0,2748,4774.206389
28.0,2725,4782.89912
32.0,2739,4790.518625
32.0,2740,4797.555667
31.0,2712,4805.508891
31.0,2727,4830.341739
32.0,2744,4837.991857
31.0,2734,4845.276033
30.0,2759,4853.887625
30.0,2733,4878.472368
31.0,2712,4885.285515
31.0,2726,4892.957777
32.0,2711,4900.851918
31.0,2713,4909.070893
32.0,2753,4933.679961
30.0,2711,4940.777842
32.0,2730,4948.865563
30.0,2727,4957.075971
32.0,2708,4964.849598
30.0,2697,4987.994534
30.0,2740,4995.252208
32.0,2750,5004.115364
30.0,2718,5012.079348
31.0,2745,5035.950121
30.0,2737,5043.260666
30.0,2741,5051.060849
32.0,2730,5059.631013
31.0,2744,5067.678934
32.0,2749,5091.637458
31.0,2741,5098.828382
31.0,2734,5106.52941
32.0,2744,5115.057042
31.0,2737,5139.812214
32.0,2711,5147.109022
30.0,2737,5154.78629
32.0,2718,5162.719188
30.0,2738,5170.911406
32.0,2741,5195.614502
29.0,2733,5203.495317
31.0,2731,5210.566298
28.0,2741,5217.566216
31.0,2749,5225.211369
31.0,2723,5249.879868
31.0,2756,5257.145361
30.0,2756,5264.279406
31.0,2720,5271.454043
32.0,2754,5296.61409
29.0,2727,5304.451638
30.0,2745,5311.228531
32.0,2750,5318.080566
29.0,2707,5326.788468
30.0,2731,5351.842187
32.0,2734,5359.180496
31.0,2733,5366.489963
30.0,2721,5374.11615
31.0,2741,5398.698848
32.0,2733,5405.634767
32.0,2739,5412.800175
30.0,2729,5419.856621
29.0,2744,5427.085308
30.0,2711,5451.916827
30.0,2707,5459.533821
31.0,2726,5467.736276
31.0,2735,5476.101061
31.0,2727,5483.575889
31.0,2716,5507.778942
32.0,2734,5516.072403
32.0,2734,5524.460748
32.0,2742,5531.700522
32.0,2744,5555.115675
31.0,2727,5563.541664
32.0,2729,5571.898111
32.0,2745,5579.549718
32.0,2733,5587.053874
30.0,2735,5611.042037
30.0,2744,5619.152535
30.0,2741,5627.765806
32.0,2740,5635.030841
31.0,2719,5658.126819
32.0,2733,5666.727443
31.0,2721,5675.115195
32.0,2734,5682.658535
32.0,2723,5689.402834
32.0,2762,5713.301207
31.0,2745,5721.456548
30.0,2708,5729.592354
30.0,2720,5736.924366
32.0,2755,5760.006601
31.0,2743,5768.360899
32.0,2715,5777.226377
28.0,2716,5785.12532
32.0,2721,5792.898946
31.0,2742,5818.123848
32.0,2724,5825.856765
31.0,2725,5833.610429
32.0,2731,5842.396461
30.0,2750,5850.124539
29.0,2736,5874.014208
32.0,2734,5881.389976
31.0,2741,5889.976359
30.0,2725,5897.817802
32.0,2742,5921.829869
32.0,2747,5930.645018
30.0,2734,5938.929388
32.0,2734,5947.278663
31.0,2729,5955.318129
31.0,2725,5979.132162
32.0,2729,5987.286144
32.0,2731,5995.828538
32.0,2753,6003.921569
32.0,2739,6027.291791
31.0,2732,6035.989947
28.0,2703,6043.846232
31.0,2756,6052.099576
31.0,2724,6060.37021
32.0,2739,6084.054348
32.0,2738,6092.400321
32.0,2741,6101.118644
31.0,2694,6108.764734
31.0,2746,6115.67719
32.0,2736,6140.300002
30.0,2736,6149.176049
31.0,2707,6157.119794
31.0,2760,6164.350895
30.0,2742,6188.464132
32.0,2728,6196.80424
31.0,2726,6204.538675
31.0,2729,6212.209521
32.0,2727,6219.61528
32.0,2729,6243.379575
32.0,2715,6250.702941
31.0,2722,6258.169237
32.0,2728,6265.725085
31.0,2746,6290.345666
32.0,2727,6297.664669
30.0,2735,6304.903937
32.0,2738,6313.477072
31.0,2734,6322.571565
30.0,2730,6346.963794
31.0,2727,6353.946169
32.0,2742,6362.471124
32.0,2758,6371.100647
31.0,2755,6380.172307
31.0,2735,6403.248204
32.0,2741,6411.333588
32.0,2727,6419.644176
30.0,2745,6428.638785
29.0,2703,6452.27161
31.0,2741,6459.577898
31.0,2750,6467.83671
31.0,2737,6476.699806
31.0,2741,6485.104723
31.0,2732,6508.659864
32.0,2730,6516.324675
31.0,2728,6524.715646
31.0,2742,6533.026789
32.0,2730,6558.278057
30.0,2715,6565.390619
31.0,2722,6572.646868
31.0,2752,6581.721027
31.0,2758,6589.059073
31.0,2729,6614.129582
31.0,2724,6621.214149
30.0,2760,6628.892678
31.0,2739,6636.381229
28.0,2729,6643.870188
32.0,2742,6670.723522
31.0,2731,6677.798008
32.0,2742,6684.497082
29.0,2720,6692.459534
31.0,2733,6718.566193
29.0,2716,6726.057011
32.0,2714,6733.166271
32.0,2718,6739.751642
32.0,2749,6747.66189
31.0,2740,6773.575305
32.0,2737,6781.449218
31.0,2751,6787.99105
28.0,2744,6794.785531
32.0,2726,6820.053101
32.0,2751,6828.297832
30.0,2730,6836.01783
31.0,2721,6843.109828
31.0,2757,6850.469033
31.0,2734,6875.428851
31.0,2748,6883.09209
32.0,2748,6890.230011
32.0,2735,6897.31244
29.0,2734,6904.89433
29.0,2751,6930.075499
32.0,2740,6937.823862
31.0,2749,6945.721011
31.0,2721,6952.904218
27.0,2704,6976.551145
28.0,2735,6984.998061
31.0,2704,6993.279458
31.0,2739,7001.262836
32.0,2733,7008.540823
32.0,2730,7033.623481
32.0,2733,7041.716406
31.0,2724,7050.002796
32.0,2729,7058.141572
31.0,2717,7081.299832
32.0,2714,7089.690166
32.0,2710,7098.609616
31.0,2749,7106.971792
32.0,2721,7113.892349
32.0,2733,7137.510221
33.0,2713,7146.41096
30.0,2721,7155.083451
32.0,2718,7162.780552
32.0,2740,7169.846581
32.0,2747,7194.469468
31.0,2731,7202.871104
32.0,2738,7211.450255
31.0,2750,7218.567092
32.0,2712,7242.526732
31.0,2725,7250.517543
32.0,2723,7258.438156
30.0,2736,7266.193957
31.0,2737,7273.559722
30.0,2728,7298.161421
31.0,2736,7305.850059
31.0,2732,7313.757273
29.0,2740,7322.454895
32.0,2741,7347.060202
30.0,2728,7354.364688
31.0,2740,7361.584499
31.0,2755,7370.488441
32.0,2749,7378.263674
31.0,2761,7402.044693
32.0,2741,7409.164139
32.0,2745,7416.754619
31.0,2752,7425.254588
31.0,2732,7433.202316
32.0,2732,7456.500258
31.0,2733,7464.508084
32.0,2731,7473.128363
31.0,2738,7481.121464
32.0,2732,7504.851932
30.0,2727,7513.371674
32.0,2734,7521.464226
31.0,2717,7529.493724
32.0,2722,7538.027369
32.0,2754,7561.629166
30.0,2745,7569.910751
31.0,2742,7578.487703
30.0,2717,7586.388884
32.0,2748,7609.771947
32.0,2739,7617.108511
31.0,2727,7625.522687
31.0,2710,7633.493579
31.0,2721,7640.601773
31.0,2743,7664.237198
30.0,2730,7671.800812
32.0,2737,7679.770206
32.0,2734,7688.039806
32.0,2728,7695.511784
32.0,2732,7719.654933
32.0,2727,7727.308236
31.0,2750,7734.438219
30.0,2720,7741.769417
31.0,2718,7767.570628
31.0,2735,7774.918194
32.0,2738,7782.209774
32.0,2749,7790.039259
32.0,2720,7798.108624
32.0,2770,7821.860312
30.0,2736,7828.902392
31.0,2751,7836.035835
32.0,2712,7844.171397
32.0,2733,7868.593063
32.0,2722,7875.871035
32.0,2725,7882.548808
32.0,2739,7890.440222
32.0,2736,7898.916781
32.0,2726,7923.126081
31.0,2725,7929.841511
30.0,2736,7937.886765
32.0,2723,7945.989054
30.0,2716,7954.203271
33.0,2731,7978.146272
30.0,2732,7985.2336
31.0,2712,7992.327964
32.0,2737,8000.397105
32.0,2738,8024.924618
31.0,2723,8032.769881
31.0,2716,8040.115275
32.0,2722,8047.66197
31.0,2735,8055.889209
32.0,2733,8080.054111
31.0,2749,8088.600235
31.0,2720,8095.782243
32.0,2744,8102.82753
30.0,2723,8126.525963
32.0,2737,8134.805833
31.0,2742,8142.259518
32.0,2714,8149.29777
30.0,2719,8156.462675
32.0,2714,8180.157418
32.0,2710,8188.150461
31.0,2723,8195.800881
31.0,2725,8203.802111
31.0,2736,8211.442371
31.0,2744,8236.567054
32.0,2745,8244.913312
33.0,2747,8251.807325
32.0,2715,8259.227838
31.0,2724,8285.83148
31.0,2733,8293.627693
32.0,2719,8300.847412
32.0,2716,8308.465418
32.0,2716,8316.409052
30.0,2732,8341.164308
32.0,2749,8348.664551
31.0,2714,8356.481737
30.0,2736,8363.734241
28.0,2704,8388.895051
29.0,2725,8396.741179
31.0,2767,8404.9087
32.0,2739,8412.623131
32.0,2726,8420.357924
31.0,2706,8444.994707
33.0,2749,8452.929193
32.0,2708,8460.874493
32.0,2721,8469.065797
31.0,2735,8476.82756
33.0,2744,8501.260922
31.0,2726,8509.741065
32.0,2755,8518.010409
30.0,2731,8525.495111
32.0,2706,8549.730323
32.0,2742,8557.621025
31.0,2710,8565.205668
30.0,2751,8573.336187
31.0,2738,8580.505094
32.0,2697,8604.666891
30.0,2734,8612.552568
32.0,2740,8621.102072
32.0,2749,8628.799112
32.0,2717,8651.928341
32.0,2742,8660.51972
32.0,2730,8668.532936
31.0,2726,8675.68578
31.0,2743,8683.069235
31.0,2740,8706.80455
32.0,2751,8715.173481
31.0,2751,8722.602335
32.0,2740,8729.928863
31.0,2742,8737.593116
32.0,2746,8762.009136
32.0,2744,8769.806078
31.0,2731,8776.753739
29.0,2725,8784.484703
31.0,2757,8808.975743
32.0,2751,8817.067697
31.0,2732,8825.01848
31.0,2727,8833.566831
32.0,2734,8841.656034
29.0,2742,8865.075388
32.0,2728,8873.340967
31.0,2700,8881.846966
31.0,2778,8889.955461
30.0,2728,8915.749826
31.0,2728,8923.633537
32.0,2733,8932.025657
32.0,2719,8940.641885
32.0,2728,8949.150245
32.0,2731,8973.191377
32.0,2743,8981.726532
32.0,2733,8990.90046
31.0,2750,8999.528021
32.0,2722,9007.651696
29.0,2728,9031.54959
31.0,2733,9039.895485
31.0,2742,9048.199129
31.0,2728,9056.487937
32.0,2725,9079.786642
31.0,2725,9086.762539
32.0,2737,9095.412292
30.0,2738,9102.926502
31.0,2737,9109.916008
32.0,2730,9133.519664
31.0,2709,9141.423148
31.0,2756,9149.184691
32.0,2746,9156.119266
31.0,2720,9180.66032
32.0,2732,9187.949029
32.0,2726,9194.899331
30.0,2734,9202.225632
31.0,2733,9209.764178
32.0,2732,9235.235005
32.0,2720,9242.612414
31.0,2715,9249.239715
31.0,2760,9256.893125
30.0,2732,9265.45604
32.0,2732,9290.442256
32.0,2725,9297.350419
31.0,2744,9304.656723
32.0,2734,9313.38599
32.0,2724,9337.928809
31.0,2731,9345.428362
31.0,2713,9353.542914
31.0,2724,9361.448904
32.0,2732,9369.654523
31.0,2731,9393.892178
32.0,2735,9401.999384
31.0,2737,9409.366909
32.0,2720,9417.537788
32.0,2710,9442.072256
32.0,2731,9450.000596
31.0,2754,9457.305971
31.0,2740,9464.716795
30.0,2735,9473.000584
32.0,2750,9497.390198
31.0,2728,9505.707033
31.0,2749,9513.111336
32.0,2744,9520.303514
32.0,2713,9527.935548
31.0,2725,9552.150789
32.0,2719,9559.834885
32.0,2730,9567.631037
31.0,2734,9574.564695
32.0,2697,9598.856709
31.0,2730,9606.738084
31.0,2743,9614.714552
30.0,2724,9621.511982
32.0,2721,9628.433851
30.0,2724,9653.246501
31.0,2707,9661.530978
31.0,2740,9669.105113
30.0,2746,9676.560316
32.0,2740,9701.431522
32.0,2714,9709.221385
32.0,2739,9716.395551
32.0,2710,9723.764852
30.0,2691,9730.765879
30.0,2737,9755.799209
32.0,2729,9762.960038
31.0,2723,9770.091598
30.0,2713,9777.351647
31.0,2729,9784.969575
32.0,2738,9810.648066
31.0,2711,9817.817208
31.0,2734,9825.823996
30.0,2721,9833.1705
32.0,2737,9857.417095
32.0,2741,9865.189396
30.0,2710,9873.229701
32.0,2745,9881.275331
32.0,2739,9888.770177
32.0,2733,9913.620882
31.0,2750,9922.224051
32.0,2716,9930.224043
31.0,2717,9937.887259
32.0,2748,9962.630147
32.0,2713,9971.379802
32.0,2737,9980.051035
32.0,2730,9987.783835
32.0,2730,9995.522398
32.0,2738,10020.468557
32.0,2727,10028.697861
30.0,2714,10037.430739
32.0,2765,10045.219937
32.0,2748,10052.107687
31.0,2737,10077.786462
32.0,2730,10086.024694
32.0,2722,10094.002632
30.0,2728,10101.578484
31.0,2733,10124.880756
31.0,2731,10132.980488
32.0,2736,10141.294022
31.0,2715,10147.986375
31.0,2736,10154.743758
31.0,2737,10178.863619
32.0,2733,10187.424597
30.0,2736,10195.496872
31.0,2689,10202.63511
31.0,2736,10226.800486
31.0,2732,10235.05322
32.0,2748,10243.124611
32.0,2738,10251.250577
30.0,2739,10258.939584
31.0,2720,10282.399852
32.0,2740,10290.835042
31.0,2735,10298.40501
32.0,2732,10305.899727
32.0,2729,10314.58064
32.0,2746,10338.29128
32.0,2736,10345.315695
30.0,2737,10353.269378
32.0,2747,10361.526
32.0,2738,10385.167435
31.0,2726,10392.056262
32.0,2734,10400.409361
32.0,2742,10408.906522
30.0,2736,10417.079876
32.0,2728,10440.537906
31.0,2702,10447.919194
31.0,2735,10456.139529
32.0,2737,10465.155618
32.0,2727,10489.381927
31.0,2745,10496.28862
32.0,2750,10503.907219
32.0,2719,10512.612623
32.0,2737,10521.061049
31.0,2726,10545.063127
31.0,2720,10552.718897
32.0,2746,10560.432162
32.0,2733,10568.535668
31.0,2760,10576.939255
32.0,2745,10600.446245
32.0,2737,10607.864454
30.0,2718,10616.340091
31.0,2735,10624.59792
32.0,2743,10648.968277
32.0,2734,10656.367351
32.0,2744,10663.452143
31.0,2755,10670.788213
31.0,2721,10677.756075
31.0,2753,10702.638968
30.0,2765,10709.754064
32.0,2703,10716.746207
31.0,2738,10724.113841
32.0,2725,10748.800913
32.0,2735,10756.813554
31.0,2742,10764.284774
32.0,2774,10771.415168
32.0,2732,10779.033442
32.0,2740,10804.650722
32.0,2741,10811.608958
31.0,2748,10818.13589
30.0,2744,10825.529145
32.0,2731,10833.66646
32.0,2727,10858.032191
32.0,2717,10865.223582
32.0,2699,10872.57484
32.0,2715,10880.145401
31.0,2702,10904.804679
32.0,2734,10912.895603
32.0,2716,10920.668031
31.0,2742,10927.68514
32.0,2744,10935.321227
31.0,2726,10958.788189
32.0,2727,10966.618104
32.0,2716,10974.475536
32.0,2737,10981.915781
31.0,2743,11005.50268
32.0,2730,11014.063063
32.0,2717,11022.071796
31.0,2746,11030.047014
32.0,2704,11037.870257
31.0,2698,11061.663664
31.0,2728,11070.071543
31.0,2711,11077.862938
32.0,2729,11086.138554
32.0,2743,11093.559166
32.0,2726,11117.568891
32.0,2723,11126.240781
30.0,2746,11134.176311
32.0,2733,11140.928015
32.0,2718,11166.155571
30.0,2726,11174.280953
31.0,2741,11182.330062
31.0,2772,11189.912719
32.0,2729,11196.94178
31.0,2724,11222.057109
31.0,2738,11230.057884
32.0,2721,11237.645141
32.0,2716,11244.803571
33.0,2748,11269.171102
29.0,2736,11277.060309
32.0,2731,11284.231837
30.0,2750,11291.376273
32.0,2735,11299.219754
32.0,2725,11323.217214
32.0,2751,11330.3873
32.0,2748,11337.975919
32.0,2704,11346.025673
32.0,2723,11353.28503
30.0,2729,11377.094068
32.0,2734,11384.324215
32.0,2735,11392.008915
31.0,2737,11400.491559
32.0,2748,11424.187281
32.0,2716,11431.384137
31.0,2739,11439.513495
31.0,2724,11447.883317
31.0,2750,11456.074594
32.0,2723,11479.551876
31.0,2739,11488.527358
31.0,2729,11496.615447
32.0,2745,11504.77607
32.0,2738,11528.725574
32.0,2748,11537.353922
32.0,2739,11545.538292
32.0,2716,11553.781814
31.0,2719,11561.78793
31.0,2702,11585.81225
32.0,2746,11594.190007
31.0,2724,11602.633836
32.0,2722,11610.259628
32.0,2727,11617.621803
31.0,2730,11641.826702
32.0,2711,11649.793533
32.0,2738,11657.917828
31.0,2719,11665.24993
32.0,2740,11689.886986
32.0,2740,11698.319775
32.0,2732,11706.497819
32.0,2722,11714.235575
29.0,2729,11721.797262
32.0,2748,11746.621732
31.0,2733,11755.785429
30.0,2714,11764.120807
32.0,2730,11772.319405
32.0,2743,11797.728336
32.0,2752,11805.41457
31.0,2724,11812.906216
31.0,2719,11820.497335
32.0,2744,11829.00352
31.0,2723,11853.599316
32.0,2702,11860.991758
32.0,2747,11869.392572
31.0,2719,11878.001204
31.0,2755,11887.124385
32.0,2729,11911.766191
31.0,2729,11919.643502
31.0,2747,11927.639793
32.0,2748,11936.47409
30.0,2753,11960.404468
32.0,2742,11967.520321
31.0,2748,11975.209976
32.0,2722,11983.258356
32.0,2705,11991.427539
32.0,2757,12015.750915
30.0,2711,12023.035175
30.0,2747,12030.566578
31.0,2712,12038.885707
32.0,2714,12064.119239
31.0,2708,12071.591772
32.0,2742,12079.417347
31.0,2745,12087.494672
32.0,2750,12095.76907
31.0,2737,12120.464056
32.0,2736,12127.485138
32.0,2743,12134.397339
31.0,2710,12141.756501
30.0,2730,12149.802358
32.0,2734,12174.583522
31.0,2742,12181.671253
32.0,2749,12188.703771
32.0,2730,12196.552856
32.0,2727,12221.780654
32.0,2740,12228.848977
31.0,2731,12235.97368
31.0,2758,12244.037072
30.0,2739,12252.030923
32.0,2710,12277.105865
32.0,2730,12284.785846
32.0,2732,12292.12526
31.0,2730,12299.808203
32.0,2719,12324.576826
32.0,2753,12332.459204
32.0,2735,12339.835524
32.0,2733,12346.656867
32.0,2732,12353.795172
32.0,2710,12378.371138
32.0,2705,12386.159992
31.0,2718,12392.967299
32.0,2715,12399.762457
31.0,2730,12424.065925
31.0,2731,12432.521442
31.0,2731,12440.436514
32.0,2713,12447.984576
32.0,2754,12454.930475
32.0,2717,12478.696686
32.0,2733,12486.824668
32.0,2743,12494.654191
32.0,2734,12501.803739
32.0,2717,12508.852278
31.0,2743,12534.667919
32.0,2724,12542.508872
32.0,2734,12550.415037
31.0,2757,12557.815891
32.0,2695,12582.331267
31.0,2740,12590.08812
32.0,2721,12598.471859
32.0,2728,12606.840205
32.0,2723,12614.616113
32.0,2744,12640.745235
30.0,2731,12648.84103
30.0,2727,12656.947084
32.0,2713,12664.728501
32.0,2725,12671.930959
31.0,2731,12697.538884
31.0,2718,12705.591261
31.0,2720,12714.688993
32.0,2750,12722.675128
32.0,2762,12748.207236
31.0,2780,12756.689626
32.0,2736,12764.930808
32.0,2742,12773.582949
31.0,2735,12782.236676
32.0,2757,12807.453093
32.0,2740,12815.720032
31.0,2731,12824.563958
31.0,2742,12833.466018
31.0,2736,12858.157223
32.0,2746,12866.737512
32.0,2741,12875.346713
32.0,2743,12884.260633
31.0,2743,12893.300421
32.0,2705,12917.194708
31.0,2737,12925.159358
32.0,2744,12934.105507
32.0,2744,12943.707503
31.0,2754,12967.918334
32.0,2710,12975.961488
31.0,2734,12984.507095
32.0,2764,12993.286885
30.0,2726,13001.9729
31.0,2726,13025.910773
32.0,2704,13034.160338
31.0,2772,13042.835983
32.0,2728,13051.883837
32.0,2709,13060.309785
32.0,2764,13083.241013
32.0,2747,13091.772783
32.0,2736,13099.862926
32.0,2713,13107.975966
31.0,2718,13132.529427
31.0,2725,13139.998312
31.0,2709,13147.844722
31.0,2724,13156.0413
31.0,2722,13164.606273
32.0,2744,13188.802826
32.0,2722,13196.513038
32.0,2726,13204.7605
31.0,2720,13212.72547
32.0,2733,13236.80692
31.0,2750,13244.036302
32.0,2747,13251.846487
30.0,2720,13259.731691
32.0,2734,13268.267263
32.0,2757,13292.282749
32.0,2739,13299.285921
31.0,2766,13307.335356
31.0,2725,13315.432708
32.0,2726,13323.584761
32.0,2723,13347.51404
32.0,2748,13354.676252
31.0,2752,13362.307623
32.0,2731,13369.79946
32.0,2720,13394.745794
30.0,2759,13401.447518
32.0,2734,13408.110276
32.0,2731,13416.050793
31.0,2736,13423.98131
32.0,2747,13448.4756
31.0,2759,13455.91272
31.0,2736,13463.260955
31.0,2708,13471.031155
32.0,2759,13496.297427
32.0,2748,13504.265485
31.0,2739,13511.22513
32.0,2715,13518.373076
30.0,2725,13526.37312
32.0,2757,13551.371444
31.0,2740,13559.289819
32.0,2718,13565.983566
31.0,2723,13572.910251
31.0,2741,13580.800926
32.0,2727,13605.898297
32.0,2700,13613.382697
31.0,2718,13619.852976
32.0,2729,13626.75522
30.0,2742,13651.265872
32.0,2736,13659.490889
32.0,2747,13667.444932
32.0,2752,13674.172576
32.0,2760,13681.211956
32.0,2714,13706.997029
31.0,2731,13715.053033
32.0,2719,13722.584708
32.0,2732,13729.284401
32.0,2734,13754.205372
31.0,2725,13762.070693
32.0,2726,13770.042379
31.0,2718,13777.606719
32.0,2750,13784.098021
32.0,2738,13808.308054
32.0,2737,13816.710348
32.0,2727,13824.851192
32.0,2746,13832.311473
32.0,2732,13839.188828
32.0,2720,13863.386528
31.0,2740,13871.118015
31.0,2746,13879.596761
32.0,2760,13887.178195
32.0,2711,13910.698482
32.0,2753,13919.235026
31.0,2740,13927.314271
32.0,2731,13935.598176
32.0,2731,13942.781176
32.0,2723,13967.172496
32.0,2727,13975.085673
31.0,2736,13983.306598
32.0,2732,13991.906705
32.0,2734,14014.627969
32.0,2721,14022.887733
31.0,2727,14031.584139
30.0,2718,14039.925645
31.0,2731,14048.077566
31.0,2715,14071.757151
31.0,2725,14079.802497
31.0,2754,14087.976568
32.0,2704,14096.532081
31.0,2720,14104.865021
32.0,2740,14127.870845
31.0,2733,14136.009408
32.0,2751,14144.592232
31.0,2716,14152.568261
32.0,2733,14175.883435
31.0,2698,14183.517969
31.0,2745,14192.09068
32.0,2749,14200.778043
31.0,2756,14209.69776
31.0,2748,14233.097048
31.0,2738,14240.867319
31.0,2741,14249.580433
32.0,2746,14257.542802
32.0,2730,14281.718395
30.0,2723,14289.020737
32.0,2712,14296.827234
32.0,2754,14305.245622
31.0,2744,14313.376237
32.0,2736,14337.81493
31.0,2718,14344.749074
32.0,2741,14352.651622
32.0,2725,14360.926939
32.0,2755,14385.76282
32.0,2694,14392.333894
32.0,2749,14399.741721
32.0,2739,14407.313915
31.0,2744,14415.434148
31.0,2746,14440.210845
32.0,2750,14447.301339
31.0,2736,14454.504518
30.0,2752,14462.807633
32.0,2746,14470.961754
31.0,2723,14496.33276
32.0,2739,14503.682911
32.0,2737,14511.096383
31.0,2736,14519.232078
31.0,2731,14543.795995
31.0,2735,14551.338618
32.0,2739,14557.866218
31.0,2730,14564.927708
32.0,2728,14572.943971
31.0,2730,14597.300014
31.0,2755,14604.550151
32.0,2723,14611.912668
31.0,2699,14619.005224
32.0,2750,14642.920502
32.0,2764,14651.299446
32.0,2736,14658.749348
32.0,2751,14665.714341
31.0,2717,14673.510599
32.0,2727,14698.044558
31.0,2729,14706.7805
32.0,2739,14715.165155
31.0,2742,14722.362564
32.0,2723,14729.413454
32.0,2742,14754.167608
32.0,2730,14762.187917
31.0,2723,14769.100852
31.0,2711,14775.716178
32.0,2723,14799.81352
32.0,2731,14807.889789
31.0,2727,14815.49236
32.0,2755,14823.409404
30.0,2736,14830.617672
32.0,2705,14856.128294
32.0,2727,14864.697224
32.0,2730,14871.972765
32.0,2739,14879.007517
31.0,2723,14903.156641
32.0,2743,14911.756546
31.0,2715,14919.681554
32.0,2714,14926.940069
31.0,2720,14934.114355
31.0,2736,14957.478358
32.0,2722,14965.359789
30.0,2725,14973.746418
31.0,2708,14980.762625
31.0,2724,14987.630147
31.0,2706,15011.533679
32.0,2746,15020.474555
32.0,2746,15028.765187
30.0,2718,15035.763604
31.0,2719,15059.081626
29.0,2745,15067.315064
32.0,2734,15075.247442
32.0,2734,15083.166153
31.0,2730,15090.605462
31.0,2740,15114.040714
32.0,2724,15122.192476
32.0,2722,15130.315518
31.0,2743,15138.300981
32.0,2748,15161.379711
32.0,2713,15169.125686
32.0,2754,15177.805134
32.0,2727,15186.216273
32.0,2744,15194.460796
31.0,2738,15217.341676
31.0,2727,15224.561729
30.0,2768,15233.191096
32.0,2739,15241.311263
32.0,2717,15248.758564
32.0,2738,15271.655197
32.0,2744,15279.342429
32.0,2722,15287.634031
32.0,2728,15295.68956
31.0,2735,15320.211456
31.0,2712,15327.276662
32.0,2716,15334.384172
31.0,2735,15342.78373
32.0,2720,15350.599665
32.0,2725,15374.102953
30.0,2732,15381.372525
32.0,2716,15388.649378
32.0,2736,15396.603242
32.0,2764,15421.401332
31.0,2742,15429.327754
32.0,2699,15436.305644
31.0,2733,15443.739711
32.0,2734,15452.567078
31.0,2746,15476.542219
32.0,2736,15483.935836
32.0,2715,15491.345281
31.0,2717,15498.561962
31.0,2718,15506.504295
31.0,2730,15530.574408
32.0,2729,15538.432114
32.0,2721,15545.586101
32.0,2728,15553.123512
31.0,2734,15577.845848
31.0,2732,15584.829033
32.0,2729,15592.29703
32.0,2721,15600.132209
31.0,2713,15607.684646
32.0,2733,15631.942087
31.0,2715,15639.043851
31.0,2721,15646.527069
32.0,2731,15653.508751
32.0,2722,15660.949025
31.0,2727,15685.178788
31.0,2738,15692.123262
32.0,2727,15699.045921
32.0,2748,15706.936229
31.0,2749,15730.684028
32.0,2723,15737.692546
32.0,2729,15744.611415
32.0,2740,15752.073093
31.0,2747,15759.121199
32.0,2725,15783.658614
32.0,2723,15791.455523
32.0,2734,15798.593762
31.0,2725,15805.965865
31.0,2757,15831.183868
29.0,2741,15838.718586
32.0,2736,15845.65896
32.0,2740,15852.966206
32.0,2727,15860.021523
32.0,2719,15884.755878
32.0,2722,15892.460065
32.0,2725,15899.783597
32.0,2731,15907.051795
32.0,2761,15931.00678
32.0,2718,15939.728161
32.0,2718,15947.198369
32.0,2750,15954.188667
32.0,2741,15961.661572
31.0,2751,15986.056674
31.0,2735,15994.215884
32.0,2728,16002.196344
32.0,2701,16009.287216
31.0,2712,16016.400001
32.0,2747,16041.558087
32.0,2734,16049.524178
30.0,2728,16057.010078
32.0,2704,16064.252508
31.0,2722,16088.478771
32.0,2728,16096.214517
31.0,2720,16103.765991
32.0,2720,16111.26822
32.0,2746,16118.744153
31.0,2736,16142.414318
32.0,2736,16150.058366
32.0,2727,16158.488063
32.0,2731,16166.388491
31.0,2722,16173.463874
31.0,2730,16197.20082
31.0,2720,16204.814086
32.0,2730,16212.852506
31.0,2753,16220.542133
32.0,2715,16243.559588
31.0,2719,16250.636372
32.0,2752,16258.609186
31.0,2733,16266.620933
32.0,2719,16273.927159
32.0,2724,16297.163254
32.0,2722,16304.496722
31.0,2737,16311.978972
30.0,2744,16320.091224
31.0,2742,16344.393563
32.0,2708,16351.521043
32.0,2723,16358.472718
32.0,2744,16366.643165
32.0,2733,16374.91739
32.0,2743,16399.339916
32.0,2741,16406.827128
32.0,2724,16413.873123
32.0,2733,16421.591191
31.0,2736,16429.846242
32.0,2732,16454.53084
32.0,2726,16461.674283
31.0,2759,16468.780981
31.0,2739,16476.87926
30.0,2721,16500.615883
32.0,2728,16508.227101
32.0,2723,16515.915937
32.0,2728,16523.229191
32.0,2724,16531.069595
31.0,2733,16554.858806
32.0,2722,16563.099755
32.0,2734,16570.256615
32.0,2711,16577.310167
31.0,2759,16601.192112
32.0,2744,16608.787728
32.0,2718,16617.086239
32.0,2760,16624.825777
32.0,2732,16631.947801
31.0,2710,16656.016425
32.0,2756,16663.662171
31.0,2741,16671.871264
31.0,2747,16679.915123
32.0,2725,16688.531001
32.0,2747,16712.75403
31.0,2723,16719.980904
31.0,2754,16728.229518
31.0,2755,16735.425884
31.0,2723,16759.629766
31.0,2738,16766.563267
32.0,2738,16774.193101
30.0,2735,16782.033745
32.0,2745,16789.357481
32.0,2740,16813.805268
31.0,2742,16820.854707
31.0,2723,16828.081287
32.0,2751,16836.410609
32.0,2730,16860.337319
32.0,2730,16867.533099
32.0,2733,16875.121931
32.0,2750,16882.823
31.0,2735,16890.560453
32.0,2742,16915.029451
32.0,2745,16922.2529
32.0,2724,16929.440897
32.0,2743,16937.344236
32.0,2731,16961.619354
31.0,2722,16969.905196
32.0,2759,16977.750664
32.0,2726,16985.483014
32.0,2712,16993.415895
32.0,2736,17017.883992
32.0,2717,17026.594741
32.0,2739,17034.459935
32.0,2723,17041.648082
32.0,2747,17050.137771
32.0,2727,17073.656761
32.0,2701,17081.003471
32.0,2757,17088.914442
32.0,2717,17096.382974
32.0,2753,17120.469202
32.0,2730,17128.541203
32.0,2740,17136.198122
32.0,2752,17143.774828
32.0,2726,17151.686014
31.0,2729,17175.136522
32.0,2744,17182.291074
30.0,2753,17190.145332
32.0,2722,17197.77875
31.0,2739,17221.109402
32.0,2741,17228.139268
31.0,2742,17235.707067
32.0,2709,17243.22915
31.0,2720,17250.89904
32.0,2760,17275.274295
32.0,2723,17282.567496
32.0,2753,17289.670489
32.0,2761,17297.120702
32.0,2747,17304.234645
32.0,2730,17328.271714
32.0,2721,17335.634284
32.0,2734,17343.229646
31.0,2710,17350.683506
32.0,2717,17374.87449
31.0,2744,17382.426863
32.0,2736,17389.511109
32.0,2731,17396.997643
31.0,2743,17404.741564
31.0,2730,17429.099012
32.0,2735,17436.346888
31.0,2744,17443.825693
32.0,2759,17451.013637
32.0,2748,17474.621718
31.0,2757,17482.934882
31.0,2722,17490.739605
32.0,2719,17498.058342
31.0,2732,17505.911178
31.0,2740,17530.046697
32.0,2738,17538.282617
32.0,2721,17545.922822
32.0,2739,17553.229778
32.0,2756,17560.246124
31.0,2752,17584.759156
31.0,2746,17592.695496
32.0,2730,17599.923097
32.0,2747,17607.335756
32.0,2740,17630.531171
32.0,2725,17638.738076
32.0,2716,17647.338111
31.0,2742,17655.053933
32.0,2751,17662.266952
32.0,2725,17686.163055
32.0,2726,17694.407745
32.0,2711,17702.215934
32.0,2737,17709.32173
32.0,2726,17732.982882
32.0,2710,17740.602412
32.0,2744,17748.72693
31.0,2738,17757.583025
31.0,2716,17765.309196
32.0,2728,17788.115732
30.0,2734,17796.481357
32.0,2738,17804.622859
31.0,2745,17812.508145
32.0,2726,17820.149266
31.0,2732,17842.822324
30.0,2725,17850.571581
32.0,2751,17858.710986
31.0,2724,17866.635569
32.0,2718,17889.573737
32.0,2721,17896.537716
32.0,2746,17904.880047
32.0,2740,17913.324112
32.0,2739,17921.279578
32.0,2699,17945.016009
32.0,2697,17952.3206
32.0,2730,17960.285138
32.0,2761,17968.839919
32.0,2729,17992.520802
32.0,2719,18000.368245
32.0,2743,18008.306497
31.0,2696,18016.323878
32.0,2729,18024.477113
31.0,2724,18048.51244
31.0,2762,18057.021703
32.0,2749,18064.982483
31.0,2758,18073.519052
31.0,2701,18081.646094
32.0,2745,18106.212396
32.0,2705,18113.57332
32.0,2735,18121.958485
31.0,2718,18129.984742
31.0,2737,18154.077911
31.0,2718,18161.544215
32.0,2731,18169.505611
31.0,2728,18177.744366
31.0,2720,18185.931222
32.0,2718,18209.863647
32.0,2740,18217.251277
31.0,2721,18224.221413
32.0,2766,18232.559641
32.0,2744,18256.949336
32.0,2735,18263.781665
32.0,2727,18270.703703
30.0,2729,18278.365434
32.0,2736,18286.456527
32.0,2717,18310.733937
32.0,2726,18317.825947
32.0,2732,18324.552772
31.0,2751,18331.957915
32.0,2733,18340.45919
32.0,2727,18365.173558
32.0,2745,18371.998079
32.0,2732,18379.178643
31.0,2722,18386.186885
32.0,2737,18411.035136
31.0,2743,18419.08287
32.0,2712,18425.755293
32.0,2702,18432.235116
32.0,2735,18439.314547
32.0,2744,18464.328696
32.0,2728,18472.237932
32.0,2735,18478.819192
31.0,2743,18485.665208
30.0,2741,18509.968093
32.0,2730,18518.262324
32.0,2738,18526.98514
31.0,2755,18534.015704
32.0,2747,18540.652149
31.0,2728,18565.287125
31.0,2745,18573.539851
32.0,2735,18581.550768
32.0,2728,18588.736253
32.0,2728,18595.245358
31.0,2727,18619.668914
32.0,2728,18627.602723
31.0,2723,18636.007313
32.0,2739,18642.737429
31.0,2740,18665.656476
32.0,2698,18673.98721
30.0,2720,18682.14981
32.0,2741,18690.510643
31.0,2726,18697.412596
31.0,2734,18720.578437
31.0,2750,18728.775631
31.0,2740,18736.720957
32.0,2750,18744.905529
32.0,2744,18767.81934
31.0,2722,18775.895949
31.0,2722,18784.350748
31.0,2723,18792.379055
31.0,2711,18800.417882
32.0,2725,18823.996572
32.0,2740,18832.640943
32.0,2708,18840.618864
32.0,2744,18848.678116
31.0,2740,18857.381857
32.0,2738,18882.06491
32.0,2717,18890.200222
32.0,2710,18898.713606
32.0,2730,18907.115551
31.0,2735,18930.851309
32.0,2727,18939.347693
31.0,2744,18947.283887
31.0,2732,18954.817023
32.0,2730,18962.631924
32.0,2743,18986.071973
31.0,2731,18994.2623
31.0,2728,19002.211729
32.0,2766,19010.265135
32.0,2726,19035.419089
32.0,2743,19042.098498
32.0,2739,19050.231646
31.0,2719,19058.388231
32.0,2721,19066.445514
32.0,2733,19091.730915
31.0,2741,19098.514255
31.0,2735,19106.615556
32.0,2762,19115.14286
32.0,2739,19123.226593
31.0,2745,19147.658465
31.0,2736,19154.666504
32.0,2722,19162.10282
31.0,2743,19169.435404
30.0,2715,19194.477235
32.0,2730,19201.766553
31.0,2715,19208.690865
31.0,2725,19216.246663
32.0,2741,19224.63747
32.0,2735,19250.373191
31.0,2737,19257.845408
32.0,2733,19265.473878
32.0,2744,19273.495523
32.0,2744,19298.587156
31.0,2762,19307.437708
31.0,2725,19314.753248
31.0,2714,19321.973604
32.0,2751,19330.042832
31.0,2733,19354.916611
32.0,2749,19363.413216
32.0,2721,19371.230877
32.0,2743,19378.216938
32.0,2728,19402.416307
31.0,2740,19411.404619
32.0,2704,19419.555153
32.0,2720,19426.712304
32.0,2735,19433.960945
32.0,2739,19458.846182
31.0,2741,19467.021616
31.0,2718,19475.08116
31.0,2742,19482.526957
32.0,2737,19489.603801
31.0,2749,19514.090328
32.0,2730,19522.996676
31.0,2721,19531.006178
32.0,2744,19538.087776
32.0,2735,19561.812944
32.0,2736,19569.863855
32.0,2730,19578.073114
32.0,2732,19586.209893
31.0,2752,19592.981097
31.0,2739,19616.55336
32.0,2730,19624.350054
32.0,2703,19632.618987
32.0,2720,19639.929201
32.0,2732,19662.439363
32.0,2746,19670.934252
32.0,2726,19678.804507
32.0,2747,19687.14071
32.0,2724,19694.956196
31.0,2755,19717.57124
30.0,2724,19725.7874
32.0,2734,19734.377946
30.0,2754,19742.365352
32.0,2757,19749.854239
31.0,2752,19773.837818
32.0,2714,19782.119252
31.0,2738,19790.047898
32.0,2715,19797.463987
32.0,2728,19820.250522
32.0,2723,19827.782231
32.0,2746,19835.744156
31.0,2726,19844.005626
32.0,2714,19851.848044
32.0,2728,19874.429009
32.0,2738,19882.502552
32.0,2724,19890.43115
32.0,2726,19898.49962
32.0,2737,19922.329167
32.0,2713,19929.226779
32.0,2736,19937.101325
32.0,2741,19945.041667
32.0,2747,19953.472992
32.0,2750,19976.503532
32.0,2739,19983.435439
32.0,2738,19991.69073
31.0,2744,19999.598638
32.0,2739,20007.497396
31.0,2726,20030.526497
31.0,2735,20037.469065
32.0,2714,20045.228359
32.0,2738,20053.696665
31.0,2720,20077.318041
32.0,2712,20083.969406
31.0,2743,20091.102689
32.0,2751,20099.272929
32.0,2746,20107.463783
32.0,2763,20131.249811
32.0,2730,20137.887783
32.0,2730,20144.856879
32.0,2748,20152.785032
31.0,2727,20177.069709
31.0,2703,20183.846611
32.0,2737,20190.424249
32.0,2729,20197.629856
32.0,2734,20205.446761
32.0,2744,20229.607322
32.0,2736,20236.810432
31.0,2729,20243.428735
32.0,2719,20250.439695
31.0,2733,20258.295169
32.0,2723,20282.204238
32.0,2730,20289.16468
32.0,2715,20295.831468
32.0,2719,20303.097923
32.0,2721,20327.090524
31.0,2761,20334.344615
32.0,2734,20341.830816
32.0,2705,20348.400022
31.0,2727,20355.283184
31.0,2726,20379.561754
32.0,2706,20386.789059
32.0,2716,20393.542104
31.0,2745,20400.598452
32.0,2706,20424.288993
31.0,2742,20432.310221
31.0,2749,20439.295212
31.0,2730,20446.258169
32.0,2724,20453.48697
32.0,2755,20477.299817
32.0,2765,20485.589047
31.0,2738,20492.757225
32.0,2712,20499.814189
31.0,2719,20506.629361
32.0,2708,20530.577737
32.0,2723,20538.238067
32.0,2728,20545.22571
32.0,2727,20552.507638
31.0,2712,20575.511084
31.0,2737,20583.580906
31.0,2745,20591.121406
32.0,2750,20598.580833
31.0,2725,20605.286077
32.0,2704,20628.417513
32.0,2734,20636.709999
32.0,2738,20644.179872
32.0,2717,20651.278733
32.0,2727,20674.660985
32.0,2703,20681.95354
31.0,2740,20689.786197
32.0,2732,20696.878925
32.0,2735,20703.878559
31.0,2736,20726.380637
31.0,2736,20733.609699
32.0,2699,20741.995951
32.0,2740,20749.033726
31.0,2728,20755.488942
32.0,2751,20778.735938
31.0,2751,20785.646747
32.0,2702,20793.689366
32.0,2746,20801.173902
32.0,2707,20824.337996
32.0,2756,20831.31389
32.0,2720,20838.185852
32.0,2746,20846.543905
31.0,2725,20853.958626
