#{"t_start": 1678673554.1370897, "env_id": "MsPacman-v4"}
r,l,t
1760.0,1200,6.984648
1860.0,1348,9.836422
1720.0,1306,13.119906
1740.0,1351,16.711826
1380.0,1043,19.354138
2160.0,1161,22.20144
1810.0,1737,26.464962
1790.0,1636,30.481368
2010.0,1233,33.768703
1140.0,995,42.798971
2390.0,1646,46.887793
1630.0,1098,49.561747
3120.0,1360,52.582444
1640.0,1299,55.774893
1230.0,975,58.107945
1340.0,955,60.549068
1590.0,1212,63.287313
3030.0,1411,66.90045
1620.0,1193,69.826874
1620.0,1108,72.376915
1450.0,1186,79.793327
1750.0,1347,83.483009
1730.0,1432,87.208231
1760.0,1304,90.131704
2280.0,1269,93.336246
1630.0,1224,96.056151
3560.0,1297,98.871798
2000.0,1295,102.030636
1540.0,1159,104.494118
1740.0,1377,113.477182
1770.0,1701,117.313405
3560.0,1470,121.14147
2330.0,1623,125.020684
1980.0,1139,127.81772
2320.0,1812,132.718285
1680.0,1243,135.923988
1570.0,1216,138.850478
2070.0,1423,142.56239
2000.0,1461,153.834351
1530.0,1400,157.836852
1360.0,1092,160.653056
2080.0,1348,164.051187
1780.0,1447,167.895029
1900.0,1401,171.808204
1700.0,1144,174.660347
1410.0,1366,178.289024
1700.0,1166,181.085185
1580.0,1124,183.876629
2840.0,1045,193.578119
2090.0,1287,197.247333
1830.0,1143,200.134717
1460.0,1224,203.195137
1980.0,1106,206.054451
3020.0,1907,211.06035
1470.0,1199,213.852505
2170.0,1282,217.467721
2290.0,1461,220.862557
1810.0,1043,223.463751
2320.0,1090,232.787335
1400.0,1273,236.59924
1880.0,1415,240.736362
1900.0,1850,245.768275
1850.0,1432,249.661168
1720.0,1375,253.583025
1700.0,1065,256.545765
1760.0,1311,259.842917
2380.0,1182,262.756922
2090.0,1278,266.448264
2320.0,1657,277.61369
1530.0,1210,280.817253
1110.0,1079,283.647449
1860.0,1038,286.242684
1760.0,1231,289.56772
2640.0,1578,293.729508
1780.0,1222,296.925665
1960.0,1670,301.342015
3250.0,1724,306.131758
2070.0,1249,315.784079
2000.0,1235,319.492432
2020.0,1440,322.859639
1780.0,1177,326.312774
1880.0,1649,330.566199
1740.0,1336,333.787191
1890.0,1140,337.13798
1970.0,1155,340.098973
1820.0,1300,343.277212
1710.0,1338,347.093791
2410.0,1293,357.422396
1160.0,1096,360.283065
1470.0,1190,363.712587
1690.0,1300,367.421601
1950.0,1125,370.618564
1750.0,1194,374.318731
2460.0,1261,377.842199
1240.0,1122,380.942573
2470.0,1310,384.773301
1640.0,1269,388.08743
2460.0,1199,397.816208
1780.0,1079,400.531152
2070.0,1369,404.42491
1930.0,1266,407.615336
1300.0,1220,411.233919
1550.0,1245,414.245259
1220.0,966,416.885403
1710.0,1305,420.479761
1650.0,1069,423.321727
2370.0,1389,426.542755
1740.0,1535,436.512418
2800.0,1302,440.038614
1850.0,1405,443.462356
1930.0,1477,447.765462
1280.0,1073,450.706575
2000.0,1186,454.476353
1690.0,1079,457.467582
2060.0,1329,460.593263
2400.0,1517,464.641817
2100.0,1169,467.724485
1940.0,1395,478.597261
1510.0,1176,482.210792
2440.0,1443,486.741889
2140.0,1219,490.475744
1610.0,1144,494.518358
1690.0,1155,497.969795
2410.0,1421,501.729967
990.0,821,504.266444
1740.0,1344,508.210338
1760.0,1211,511.406655
2190.0,1383,515.268657
1620.0,1203,524.789605
1500.0,1381,529.017407
1760.0,1285,532.53276
1740.0,1530,536.985753
1680.0,1354,541.237568
1720.0,1374,545.130223
2400.0,1389,549.311277
2080.0,1203,552.279959
1850.0,1322,555.822457
3120.0,1333,565.101047
1220.0,1100,568.104807
1800.0,1655,573.277285
1570.0,1151,576.520477
1790.0,1323,580.17707
2180.0,1264,584.273073
1820.0,1473,588.657694
1490.0,1151,591.811535
1330.0,986,594.624458
1670.0,1177,597.588044
1610.0,1619,608.46157
1070.0,949,611.457565
1790.0,1654,616.415536
1780.0,1757,622.149242
1500.0,1269,625.766877
2400.0,1437,630.313986
1790.0,1311,633.710436
2460.0,1554,637.868775
1900.0,1812,643.496127
1780.0,1443,653.457011
2000.0,1416,657.377663
1360.0,1152,661.101382
1260.0,958,663.487295
1540.0,1248,667.606766
2480.0,1345,671.311066
1830.0,1263,675.322834
1880.0,990,678.187741
2310.0,1506,682.503906
2050.0,1163,685.772288
1570.0,1360,695.522388
1770.0,1492,700.152628
1740.0,1275,704.340764
1730.0,1365,708.108247
1440.0,1393,712.434486
1210.0,967,715.284752
1880.0,1292,718.853901
2130.0,1801,724.265192
1730.0,1616,729.1025
1820.0,1678,740.776176
2160.0,1419,745.253138
1970.0,1315,748.940402
1370.0,1209,752.836022
1590.0,1308,756.361342
2210.0,1888,762.122837
1830.0,1406,766.278294
1310.0,916,768.6066
1600.0,1252,772.626623
1950.0,1217,782.380244
1730.0,1099,785.641756
1300.0,1116,788.860303
1730.0,1114,792.168398
1780.0,1867,797.659371
1870.0,1330,801.711087
1770.0,1166,804.989588
2080.0,1772,809.770644
1930.0,1196,813.289432
1280.0,1146,817.20045
1710.0,1349,826.829475
1930.0,1465,831.439204
1910.0,1345,835.708019
1740.0,1209,839.063333
1880.0,1287,842.677648
1590.0,1511,847.274572
2070.0,1611,851.754305
1970.0,1260,856.016737
1560.0,1466,860.672493
1800.0,1573,872.449353
1780.0,1402,876.12938
2120.0,1394,880.280997
2320.0,1362,884.494652
1660.0,1162,887.944355
1760.0,1365,891.992566
1760.0,1246,895.418711
1650.0,1364,899.850606
1400.0,1207,903.217323
1860.0,1205,906.423514
2120.0,1720,917.801913
1750.0,1406,922.055771
2190.0,1345,926.303643
1760.0,1541,931.057584
1920.0,1313,934.545033
1760.0,1335,938.547439
1840.0,1408,942.937343
1480.0,1153,946.201025
1930.0,1172,949.578374
2860.0,1273,959.3041
1860.0,1283,963.2115
1670.0,1335,966.877681
2170.0,1372,971.327578
1960.0,1254,975.53874
1060.0,954,977.851456
1770.0,1116,981.171792
1770.0,1228,985.219517
1600.0,1480,989.803004
2310.0,1353,993.626707
1480.0,1287,1003.661468
1800.0,1243,1007.146534
2140.0,1553,1011.926163
2000.0,1167,1015.409642
2210.0,1564,1019.713196
1990.0,1328,1023.796728
1820.0,1517,1028.329576
1080.0,876,1030.645653
1670.0,1233,1034.625135
2250.0,1254,1038.116929
2080.0,1656,1049.123925
1780.0,1231,1053.159053
1910.0,1361,1057.006554
1900.0,1301,1061.04314
1340.0,987,1064.059942
1840.0,1253,1067.634166
1890.0,1368,1071.884674
1730.0,1256,1075.443057
2420.0,1267,1079.466516
1890.0,1480,1090.231792
1780.0,1235,1093.739861
2340.0,1558,1098.543688
1520.0,1095,1101.769353
1880.0,1267,1105.693317
2290.0,1515,1109.786258
1710.0,1573,1114.487171
1890.0,1323,1118.629705
1960.0,1302,1122.778186
1960.0,1300,1126.227777
3020.0,1829,1139.044122
1530.0,1087,1142.28946
2010.0,1951,1147.716099
1980.0,1394,1151.972463
1960.0,1204,1155.472777
1660.0,1351,1159.730868
1840.0,1178,1163.124601
2000.0,1218,1166.959185
1320.0,1121,1170.14713
3000.0,1308,1180.670289
1930.0,1481,1185.256853
1910.0,1525,1189.78638
1670.0,1327,1194.006237
1780.0,1373,1197.886387
1530.0,1573,1202.47623
1680.0,1021,1205.513806
1750.0,1220,1208.658003
1770.0,1445,1212.724421
1730.0,1320,1224.4694
1770.0,1270,1228.048109
1880.0,1163,1231.885001
1880.0,1387,1235.845462
1800.0,1278,1240.06832
1760.0,1291,1243.847013
2300.0,1626,1248.606086
2110.0,1255,1252.541653
1880.0,1419,1256.377586
1780.0,1485,1261.063737
3300.0,1515,1271.882554
1880.0,1230,1276.021781
2010.0,1697,1280.87049
2320.0,1466,1285.071529
1980.0,1323,1288.723362
2250.0,1280,1292.783508
2120.0,1186,1296.241332
1610.0,1131,1299.732804
1530.0,978,1302.743965
1670.0,975,1305.8432
2120.0,1415,1316.801618
1660.0,1285,1320.479239
1830.0,1068,1323.691191
1730.0,1074,1326.9005
1740.0,1239,1330.377875
1730.0,1548,1334.937001
1830.0,1248,1339.004426
2100.0,1422,1342.883629
2020.0,1589,1348.259169
2100.0,1231,1358.161645
1500.0,1088,1361.235425
1790.0,1082,1364.502394
1890.0,1224,1367.771474
2230.0,1726,1373.183427
2360.0,1336,1376.944144
2240.0,1522,1381.671512
1900.0,1198,1385.685106
2030.0,1187,1389.216949
1890.0,1171,1392.620013
1900.0,1419,1403.866763
1680.0,1199,1407.309516
1910.0,1411,1411.330836
1830.0,1392,1414.920222
1780.0,1218,1418.992694
1670.0,1134,1422.483294
1860.0,1557,1427.27565
1250.0,954,1430.272101
1950.0,1981,1436.368638
1840.0,1647,1447.755175
1870.0,1629,1452.390972
1940.0,1455,1456.600009
1780.0,1216,1460.084347
1940.0,1565,1464.745635
2120.0,1228,1468.237996
1110.0,839,1471.012667
1570.0,1327,1474.788546
1750.0,1277,1478.845139
1790.0,1328,1482.399428
1760.0,1192,1493.378437
1740.0,1122,1496.355505
1910.0,1525,1500.801087
1760.0,1153,1504.178106
1920.0,1248,1507.754089
1760.0,1220,1511.780939
1780.0,1386,1515.674264
1760.0,1252,1519.746275
1810.0,1262,1523.15413
1770.0,1294,1527.356069
1040.0,936,1537.323
1330.0,1097,1540.234454
1010.0,958,1542.646976
2070.0,915,1545.673259
1770.0,1223,1549.722054
1870.0,1292,1553.259246
1970.0,1308,1557.445379
1860.0,1276,1561.093946
1860.0,1779,1566.208048
1590.0,1169,1570.117113
2430.0,1725,1581.295965
1660.0,1194,1584.710195
1820.0,1117,1588.020062
1920.0,1457,1592.470381
2290.0,1406,1596.907148
2170.0,1318,1600.710604
1860.0,1154,1604.555242
1880.0,1187,1608.005516
1770.0,1250,1611.520183
1860.0,1278,1615.741134
1890.0,1248,1625.183485
1790.0,1229,1629.225467
1940.0,1381,1633.110142
2280.0,1474,1637.5721
1860.0,1246,1640.981007
520.0,524,1642.540818
1760.0,1305,1646.626031
2330.0,1521,1650.999544
1860.0,1177,1654.25114
1480.0,1065,1657.260129
1770.0,1217,1660.830491
1820.0,1701,1673.128671
2060.0,1536,1677.636562
1820.0,1585,1682.074065
1800.0,1319,1685.780503
1800.0,1258,1689.707226
1870.0,1439,1693.913965
1810.0,1552,1698.334735
1880.0,1242,1701.391677
1750.0,1567,1705.476218
1860.0,1210,1716.441003
1880.0,1232,1720.217638
2180.0,1262,1723.589921
1880.0,1329,1727.624574
1900.0,1181,1730.817172
1580.0,1403,1735.179291
1780.0,1285,1738.654461
1790.0,1268,1742.039597
4400.0,1370,1745.862113
1860.0,1100,1748.792144
1760.0,1320,1759.300751
1900.0,1615,1763.811152
1750.0,1255,1767.142982
1970.0,1257,1770.970371
1780.0,1417,1774.655134
1850.0,1269,1778.772465
1780.0,1256,1781.93027
1810.0,1524,1786.320875
1790.0,1250,1790.203507
2790.0,1296,1800.439586
1820.0,1355,1804.541693
1720.0,1175,1807.752013
1810.0,1313,1811.356258
1540.0,1096,1814.999138
1780.0,1220,1818.0913
1700.0,1338,1821.416391
1790.0,1295,1825.472721
1810.0,1466,1829.889759
1810.0,1446,1834.294249
1760.0,1332,1844.676491
2040.0,1245,1848.475606
1780.0,1152,1851.716887
1660.0,1235,1855.109472
1780.0,1372,1859.047872
2250.0,1329,1862.299449
890.0,707,1864.545264
1950.0,1867,1869.617818
2050.0,1307,1873.726974
1830.0,1106,1876.755391
1920.0,1674,1888.500859
1770.0,1165,1891.677226
1780.0,1205,1895.528177
1820.0,1415,1899.285851
1520.0,1287,1903.419586
1780.0,1272,1907.004747
1860.0,1458,1911.282198
1850.0,1559,1915.857409
1650.0,1534,1920.165117
1510.0,1050,1930.327256
1740.0,1400,1934.564053
1900.0,1398,1938.084543
1880.0,1390,1941.902867
1130.0,1137,1945.000433
2400.0,1527,1949.368452
2010.0,1171,1953.064109
1450.0,920,1955.31947
1750.0,1271,1959.167543
1750.0,1156,1962.379126
1890.0,2023,1975.114383
1990.0,1414,1979.023289
1880.0,1155,1982.051023
1800.0,1301,1985.769287
1860.0,1198,1989.878662
1790.0,1169,1993.36257
1990.0,1506,1997.892988
1970.0,1853,2003.218192
1890.0,1630,2007.901749
1770.0,1237,2019.261099
1800.0,1262,2022.600669
1950.0,1205,2026.415317
1960.0,1389,2030.25675
1970.0,1325,2034.663763
1660.0,1525,2039.215144
2650.0,1574,2044.101016
1830.0,1242,2047.728803
1950.0,1183,2050.914432
1950.0,1450,2060.254421
1750.0,1287,2064.279034
1250.0,831,2066.437175
1200.0,921,2069.286584
1600.0,1142,2072.709393
1220.0,975,2075.626876
1150.0,887,2078.491286
1300.0,1035,2081.601194
2480.0,1342,2085.167722
1560.0,1165,2088.522109
1450.0,1138,2092.245685
1270.0,863,2094.396916
1780.0,1328,2105.244969
3300.0,1665,2109.698878
1840.0,1548,2114.187066
1880.0,1357,2118.435834
1890.0,1216,2121.811855
1760.0,1174,2125.136941
1870.0,1245,2129.16819
1920.0,1567,2133.684749
1810.0,1435,2137.508375
1810.0,1219,2147.281026
1990.0,1429,2151.58006
1920.0,1807,2156.584262
1850.0,1297,2160.218076
1990.0,1591,2165.385295
2020.0,1667,2170.124472
2120.0,1119,2173.349996
2060.0,1385,2177.719097
2400.0,1554,2182.147549
1680.0,1273,2192.847279
1940.0,1573,2197.555614
1900.0,1257,2201.138221
1950.0,1333,2205.490522
2050.0,1306,2209.16661
1970.0,1491,2213.644081
1850.0,1380,2218.050566
1800.0,1419,2222.556589
1910.0,1260,2225.801815
1890.0,1387,2236.918149
1810.0,1145,2240.151502
1170.0,1020,2243.261657
1900.0,1276,2246.847866
2040.0,1621,2252.274991
1950.0,1251,2255.912211
2000.0,1351,2260.37234
1870.0,1392,2264.33005
1840.0,1371,2268.473548
1790.0,1186,2271.625164
1950.0,1293,2282.093781
1900.0,1375,2285.762062
1790.0,1311,2290.041561
1820.0,1270,2293.680937
1870.0,1185,2297.683766
1640.0,1454,2301.715616
1870.0,1254,2305.716885
1810.0,1334,2309.427374
1820.0,1235,2313.290273
1280.0,1242,2316.62197
1990.0,1154,2326.792223
1810.0,1292,2330.763621
1840.0,1626,2335.587626
1950.0,1308,2339.304158
1760.0,1445,2343.920971
1890.0,1245,2347.518368
1920.0,1520,2352.060959
1830.0,1411,2356.410996
1990.0,1326,2360.620136
1770.0,1241,2371.026132
1940.0,1392,2375.348352
1840.0,1170,2378.742175
1880.0,1197,2382.185287
1950.0,1309,2386.424746
1610.0,1565,2391.125199
1850.0,1310,2394.680064
1610.0,1633,2399.359465
1960.0,1281,2403.411074
2950.0,1275,2406.911604
1780.0,1228,2417.812412
1840.0,1325,2421.650904
1800.0,1598,2426.552858
1870.0,1506,2431.293616
1850.0,1227,2434.897885
1860.0,1458,2439.241375
1950.0,1194,2443.057476
1850.0,1426,2446.868986
1850.0,1312,2450.895456
1880.0,1219,2460.448778
1780.0,1294,2464.703653
1990.0,1734,2469.85742
1980.0,1517,2474.516643
1950.0,1176,2477.840324
1890.0,2136,2484.036447
1440.0,2100,2490.363289
1990.0,1355,2494.41161
1940.0,1453,2506.353963
1710.0,1304,2510.029132
1950.0,1381,2514.297359
1950.0,1439,2518.74867
2340.0,1465,2522.613996
1820.0,1624,2527.671705
2950.0,1345,2531.329665
1860.0,1792,2536.796644
1900.0,1430,2540.730094
1880.0,1222,2551.648479
1810.0,1282,2555.304685
1790.0,1440,2559.816132
2160.0,1252,2563.107273
1830.0,1319,2566.862492
1980.0,1660,2571.415484
1980.0,1302,2575.492432
1890.0,1429,2579.274907
2380.0,1268,2583.37978
1870.0,1560,2595.435532
1750.0,1383,2599.392288
1840.0,1191,2603.256472
1140.0,1525,2607.738446
1790.0,1332,2611.368627
1860.0,1684,2616.298889
1950.0,1412,2620.61645
2420.0,1354,2624.920931
2050.0,1583,2629.753639
1990.0,1618,2640.916762
1970.0,1188,2644.380741
1780.0,1242,2648.310667
1880.0,1483,2652.265524
1870.0,1373,2656.391964
2060.0,1299,2660.261713
1960.0,1996,2665.281929
1970.0,1695,2670.639469
1820.0,1194,2674.0319
1790.0,1309,2684.097117
1940.0,1336,2688.270285
1960.0,1359,2692.339793
1790.0,1254,2695.744614
2180.0,1178,2699.161539
1950.0,1889,2704.837638
1820.0,1278,2708.473331
1810.0,1344,2712.683079
1990.0,1206,2716.103838
2140.0,1154,2726.827265
1950.0,1381,2730.480624
1760.0,1754,2735.775617
1700.0,1130,2739.079892
1430.0,1128,2742.429888
1920.0,1279,2745.976225
1920.0,1470,2750.315161
2020.0,1211,2754.215327
1840.0,1516,2758.449401
1790.0,1261,2762.55581
1790.0,1293,2773.417074
2030.0,1330,2777.399646
1880.0,1331,2781.686121
1750.0,1347,2785.453343
1900.0,1288,2789.535924
1810.0,1125,2792.928651
1960.0,1669,2797.95329
1790.0,1424,2802.467335
1950.0,1252,2805.926795
1770.0,1284,2816.490093
1830.0,1212,2819.738708
1890.0,1426,2824.075853
1920.0,1178,2827.333703
3630.0,1560,2831.973056
1910.0,1272,2835.686798
1760.0,1108,2839.569119
1740.0,1186,2842.984889
1690.0,1136,2846.339624
1940.0,1300,2850.649698
2370.0,1414,2861.227043
2450.0,1317,2865.111145
1600.0,1336,2868.766492
1980.0,1346,2872.972322
2090.0,1447,2877.486242
1800.0,1227,2880.959109
1950.0,1451,2885.472871
1860.0,1369,2889.484813
2030.0,1322,2893.718019
1960.0,1600,2905.49807
1940.0,1447,2909.816915
1610.0,1407,2914.155952
2070.0,1631,2919.017302
1890.0,1306,2922.729738
1970.0,1477,2927.317994
1970.0,1319,2931.554913
1600.0,1220,2935.074301
1960.0,1522,2939.657302
2100.0,1266,2949.577116
1950.0,1479,2953.825502
1940.0,1627,2958.67185
1940.0,1280,2962.894447
3030.0,1481,2967.511681
1930.0,1180,2971.04858
2010.0,1361,2974.966182
1810.0,1252,2979.110303
2000.0,1266,2982.573016
1900.0,1250,2986.477067
1400.0,1039,2996.425794
1960.0,1447,3000.351299
1810.0,1371,3004.737481
1960.0,1274,3008.83244
1960.0,1300,3012.530828
1960.0,1405,3016.962714
1860.0,1343,3020.59377
1880.0,1431,3024.909708
1950.0,1288,3028.98002
1980.0,1242,3039.148762
1620.0,1110,3042.180946
1950.0,1311,3046.266179
2200.0,1361,3050.131577
2250.0,1630,3054.825857
2040.0,1221,3058.89881
1930.0,1381,3062.566492
2170.0,1200,3066.389158
1950.0,1609,3070.946717
1820.0,1272,3074.665855
1910.0,1392,3086.112917
1850.0,1274,3089.719004
1820.0,1190,3093.738204
1960.0,1466,3097.787559
1810.0,1457,3102.352581
1640.0,1243,3106.31294
1800.0,1300,3109.761564
1990.0,1218,3113.577191
1880.0,1373,3117.534486
1870.0,1376,3129.28754
1920.0,1273,3132.80433
2910.0,1445,3137.432924
1930.0,1711,3142.536669
1780.0,1122,3146.336821
1810.0,1474,3150.203158
1790.0,1276,3154.147591
1810.0,1324,3157.811
1800.0,1385,3162.048821
1930.0,1406,3173.792445
1920.0,1263,3177.452151
1860.0,1295,3181.81007
2050.0,1555,3186.381071
1940.0,1346,3189.990016
1810.0,1254,3194.057127
1840.0,1318,3197.718827
1900.0,1552,3202.145117
1940.0,1252,3205.639025
1980.0,1605,3210.623923
1610.0,1129,3221.961274
1760.0,1300,3225.589735
1910.0,1523,3229.834586
1710.0,1282,3233.663302
2060.0,1261,3237.08765
1910.0,1419,3241.260958
1990.0,1634,3246.019435
1960.0,1313,3250.156361
1960.0,1485,3253.9544
1800.0,1362,3264.838658
1910.0,1464,3269.289772
1960.0,1347,3272.913227
1640.0,1309,3276.875122
1950.0,1296,3280.330261
1900.0,1470,3284.631336
1770.0,1048,3287.603342
1950.0,1267,3291.396288
1950.0,1386,3295.427308
1940.0,1440,3307.40593
1810.0,1348,3311.663699
1990.0,1622,3316.57768
1990.0,1717,3321.520779
1810.0,1340,3325.508332
1650.0,1460,3329.274526
1980.0,1270,3333.208723
1220.0,1424,3337.38491
2160.0,1329,3340.908474
1610.0,1357,3351.057721
1950.0,1495,3355.647114
2120.0,1287,3359.258641
2130.0,1332,3363.223801
1820.0,1272,3366.446342
1890.0,1454,3370.764102
1910.0,1452,3375.280768
1860.0,1333,3378.729976
2040.0,1401,3382.892489
1950.0,1197,3386.21067
1910.0,1380,3397.98034
1950.0,1370,3402.371826
1950.0,1426,3406.304155
1830.0,1301,3410.516416
1830.0,1322,3414.386195
1840.0,1465,3418.984094
1880.0,1437,3423.358537
1980.0,1219,3426.861798
1940.0,1463,3431.163368
1860.0,1498,3443.040082
1960.0,1680,3447.984386
1880.0,1286,3451.906472
1860.0,1231,3455.306723
1800.0,2260,3462.27109
1960.0,1416,3466.760293
1850.0,1261,3470.664927
1880.0,1289,3473.856397
1860.0,1640,3486.183132
1830.0,1161,3489.998639
1940.0,1541,3494.189214
1750.0,1293,3498.503126
1810.0,1262,3502.316534
1630.0,1169,3506.288143
2310.0,1302,3510.071504
1890.0,1296,3513.921481
1980.0,1381,3517.296462
1920.0,1216,3521.227503
2000.0,1272,3531.153088
1720.0,1645,3535.970376
1780.0,1469,3540.463913
1810.0,1294,3544.73454
1840.0,1614,3549.600946
1910.0,1091,3552.815549
1810.0,1274,3556.242672
1630.0,1777,3561.492335
1880.0,1456,3565.965411
1880.0,1328,3576.55424
1940.0,1219,3580.109395
1710.0,1324,3584.542703
1850.0,1587,3589.411627
2290.0,1321,3593.723131
1940.0,1284,3597.249261
1790.0,1225,3600.533217
1910.0,1477,3604.778418
1800.0,1209,3608.483492
1970.0,1308,3619.856019
1560.0,1157,3623.059265
1790.0,1782,3628.752247
1890.0,1319,3632.577338
1990.0,1688,3637.314543
2050.0,1199,3641.133169
1850.0,1430,3644.949416
1810.0,1354,3648.879808
1960.0,1427,3653.162303
1910.0,1247,3656.76531
1960.0,1310,3668.328604
1960.0,1358,3672.120771
1940.0,1260,3676.169297
1160.0,1013,3679.20385
1740.0,1236,3682.562553
1960.0,1404,3686.973788
1920.0,1522,3691.273015
2060.0,1293,3694.789994
1950.0,1346,3699.105403
1960.0,1445,3710.787685
1940.0,1370,3715.089337
1730.0,1949,3720.908145
1950.0,1552,3725.358218
1970.0,1554,3730.052364
1300.0,1102,3733.203782
1930.0,1331,3737.354439
1910.0,1316,3740.92763
1950.0,1345,3744.949339
1860.0,1160,3755.702083
2680.0,1238,3759.341493
1970.0,1489,3763.652174
1940.0,1258,3767.650024
1860.0,1750,3772.491248
1950.0,1389,3776.636517
1970.0,1475,3780.57618
1590.0,1163,3784.293945
2560.0,1839,3789.586215
1960.0,1509,3801.765641
1890.0,1259,3805.702761
1990.0,1417,3809.517158
1960.0,1383,3813.74506
1970.0,1390,3817.864456
1980.0,1616,3822.487517
1950.0,1281,3825.909045
1880.0,1461,3830.024339
1940.0,1175,3833.198575
1750.0,1263,3844.644922
1860.0,1489,3848.918282
940.0,1081,3852.011651
1930.0,1303,3855.729198
1880.0,1470,3860.177088
1910.0,1299,3863.596363
2180.0,1586,3868.192903
1960.0,1428,3872.198547
1840.0,1309,3876.235885
1880.0,1692,3888.749692
1880.0,1315,3892.920965
1400.0,1267,3896.606006
1900.0,1194,3900.138549
1870.0,1340,3904.246311
2120.0,1148,3907.509828
1930.0,1216,3910.970727
1840.0,1352,3915.10795
1810.0,1260,3918.669331
1880.0,1221,3922.745382
1930.0,1216,3933.30132
1870.0,1282,3937.501423
1870.0,1171,3940.835826
1870.0,1200,3944.383323
1830.0,1290,3948.420478
920.0,726,3950.388483
1840.0,1235,3953.886503
1760.0,1180,3957.701053
1840.0,1149,3960.867621
1870.0,1898,3966.171447
1690.0,1264,3970.11979
1830.0,1283,3980.879918
1920.0,1250,3985.002765
1880.0,1156,3988.344073
1750.0,1251,3991.83463
1950.0,1792,3997.25994
2170.0,1470,4001.822707
1940.0,1612,4006.520695
2090.0,1699,4011.367476
1970.0,1491,4023.244119
1770.0,1310,4027.043599
1930.0,1219,4031.019746
1960.0,1355,4034.699775
3720.0,2726,4043.271137
1790.0,1331,4047.135708
1970.0,1515,4051.555704
1620.0,1131,4054.538434
1860.0,1353,4058.676279
3160.0,1534,4072.09241
1730.0,1076,4075.164355
1960.0,1361,4079.406212
1820.0,1336,4083.047698
1980.0,1346,4087.419607
2060.0,1491,4092.13364
1670.0,1129,4095.063423
1970.0,1537,4099.153139
1990.0,1655,4103.922258
1970.0,1587,4116.090451
1530.0,1026,4119.227532
1900.0,1380,4123.388343
1760.0,1190,4126.576347
1930.0,1295,4130.329408
1920.0,1642,4135.657398
1910.0,1423,4139.122835
1840.0,1365,4143.201497
1990.0,1373,4147.574104
1970.0,1408,4158.996024
1960.0,1386,4163.268512
1940.0,1233,4166.797244
1940.0,1312,4170.719058
1850.0,1407,4175.300575
1870.0,1525,4179.02302
1970.0,1372,4182.99716
2070.0,1462,4187.257292
1960.0,1326,4191.036299
1990.0,1495,4203.624768
1880.0,1215,4207.483623
1650.0,1243,4210.772529
1810.0,1287,4214.843358
1940.0,1489,4218.984112
1850.0,1223,4223.140469
1860.0,1286,4226.814353
1970.0,1351,4230.906718
2050.0,1176,4234.150006
1800.0,1591,4239.032704
1850.0,1354,4250.247012
2000.0,1232,4253.425061
1820.0,1719,4258.23352
940.0,902,4261.110109
1960.0,1373,4265.719293
1970.0,1403,4269.758953
1240.0,1327,4274.198181
1570.0,1219,4277.606306
5010.0,1059,4280.835935
1810.0,1355,4285.130007
1820.0,1434,4298.191513
2040.0,1284,4301.885828
1690.0,1253,4306.114193
1810.0,1607,4310.972311
1940.0,1199,4314.632993
1950.0,1411,4319.161022
1980.0,1474,4323.837241
1880.0,1711,4329.109284
1860.0,1354,4333.290848
1990.0,1531,4344.122862
1880.0,1519,4348.762002
1850.0,1268,4352.887556
1760.0,1299,4356.625185
1990.0,1753,4362.484837
1860.0,1242,4366.00004
1970.0,1691,4370.844146
1980.0,1751,4376.268174
1960.0,1430,4386.785337
1980.0,1626,4392.117255
1920.0,1475,4396.216901
1570.0,1344,4400.550718
1850.0,1325,4404.861718
1980.0,1655,4409.785767
1980.0,1529,4414.29845
1970.0,1403,4417.958261
1860.0,1324,4421.888541
1820.0,1315,4433.482836
1760.0,1656,4439.05889
2050.0,1420,4442.922916
1950.0,1373,4447.303618
1980.0,1398,4451.770198
1980.0,1707,4456.627336
1860.0,1343,4460.478251
1960.0,1593,4465.008325
1940.0,1346,4468.615114
1880.0,1308,4481.234665
1920.0,1331,4484.927492
1960.0,1486,4489.702021
1960.0,1319,4493.898479
2060.0,1436,4497.710221
1980.0,1545,4502.016367
1830.0,1390,4505.808954
1840.0,1321,4509.634595
2160.0,1345,4513.239395
1860.0,1278,4524.827713
1880.0,1584,4529.572479
1790.0,1251,4533.122644
1840.0,1434,4537.623897
1800.0,1468,4542.033996
1950.0,1241,4545.164882
1990.0,1573,4549.459742
1990.0,1550,4553.823147
1810.0,1308,4558.101775
1980.0,1437,4569.833522
1850.0,1304,4574.085107
1890.0,1468,4578.310305
2060.0,1300,4581.881893
1870.0,1502,4586.288133
1770.0,1356,4590.262977
1890.0,1515,4594.384208
1990.0,1619,4599.034938
1890.0,1716,4603.939455
1950.0,1250,4615.769243
2060.0,1427,4620.146042
1970.0,1681,4624.910064
1850.0,1229,4628.513926
1890.0,1587,4632.699316
1910.0,1350,4636.181654
1860.0,1184,4639.737373
1840.0,1196,4642.910192
1880.0,1467,4647.182789
1890.0,1787,4659.545993
1880.0,1249,4663.639521
1860.0,1286,4667.212302
1870.0,1309,4670.910633
1880.0,1515,4674.730543
1970.0,1668,4679.981153
1840.0,1298,4683.362211
1920.0,1236,4687.192999
1720.0,1303,4690.769731
1890.0,1731,4704.165679
1930.0,1462,4708.481085
1950.0,1267,4712.207928
1850.0,1202,4715.527829
1980.0,1290,4719.112922
1890.0,1316,4723.305731
2020.0,1464,4727.788662
1980.0,1396,4732.040009
1860.0,1293,4735.707962
1990.0,1455,4747.854138
1930.0,1403,4752.063785
1820.0,1571,4756.466643
1870.0,1426,4760.291531
1860.0,1245,4764.412813
2180.0,1478,4768.892144
1960.0,1531,4773.38541
2190.0,1536,4778.016903
1880.0,1494,4782.15094
1850.0,1335,4794.285767
1980.0,1325,4798.14082
1860.0,1535,4802.167525
2250.0,1202,4806.154473
1980.0,1291,4809.875237
1940.0,1690,4814.915661
1950.0,1413,4819.080384
1990.0,1709,4824.191363
2110.0,1288,4827.670392
1990.0,1439,4840.432063
1980.0,1613,4845.275621
1890.0,1476,4849.818574
1960.0,1488,4854.47516
1860.0,1233,4857.808851
1970.0,1306,4861.330535
1950.0,1347,4865.363301
1870.0,1339,4869.561007
1980.0,1612,4881.54129
1990.0,1505,4885.911003
1880.0,1317,4889.444902
1880.0,1581,4894.108954
1790.0,1170,4897.366376
1890.0,1623,4902.703503
2060.0,1304,4906.097959
2090.0,1481,4910.424784
1980.0,1368,4914.685144
1870.0,1298,4925.827924
1980.0,1641,4930.671545
1990.0,1537,4935.345058
1860.0,1309,4939.551922
1860.0,1307,4943.142386
1970.0,1949,4948.898164
1980.0,1691,4953.628773
2230.0,1265,4957.692808
2510.0,1313,4961.191466
1950.0,1427,4972.257195
2200.0,1319,4976.457702
1980.0,1525,4980.59285
1880.0,1426,4985.147238
1870.0,1534,4989.789069
2080.0,1548,4994.263506
1850.0,1595,4998.854222
2080.0,1349,5002.857123
1890.0,1869,5015.681755
1940.0,1335,5020.030051
1940.0,1548,5024.705266
4520.0,2504,5032.548305
1940.0,1350,5036.26781
1880.0,1522,5040.929754
1950.0,1403,5045.142283
1960.0,1362,5048.941581
1590.0,1044,5051.881411
1990.0,1685,5064.41739
1970.0,1748,5069.602087
1870.0,2033,5075.502142
1940.0,1595,5080.129473
1570.0,1256,5084.117207
1910.0,1328,5087.727059
1140.0,1139,5090.657736
1860.0,1319,5094.524381
1780.0,1218,5105.611855
1640.0,1589,5110.460552
1960.0,1378,5114.759944
1990.0,1717,5119.769027
1980.0,1812,5125.472295
1740.0,1486,5130.035631
1960.0,1698,5134.29308
4700.0,2464,5141.523515
1970.0,1483,5153.519989
1880.0,1424,5157.478916
1970.0,1690,5163.006178
1980.0,1726,5168.125072
1790.0,1282,5171.799392
1990.0,1407,5175.761136
1870.0,1611,5179.943945
1990.0,1430,5184.243656
1990.0,1481,5196.501925
1880.0,1477,5201.172668
1970.0,1530,5205.914982
1860.0,1355,5209.796894
1970.0,1402,5214.263579
4020.0,2660,5221.550914
1960.0,1338,5225.560819
1980.0,1752,5230.638024
1890.0,1519,5243.190223
1730.0,1671,5248.144696
1860.0,1494,5252.795906
2890.0,1249,5256.41327
1960.0,1580,5260.781653
1970.0,1551,5265.092346
2720.0,1185,5268.860723
2020.0,1340,5272.397413
1890.0,1674,5285.427393
1530.0,1087,5288.999038
1830.0,1295,5292.531269
1870.0,1377,5296.988123
1990.0,1886,5302.16043
1960.0,1267,5305.963905
1840.0,1669,5310.707654
1810.0,1226,5314.151836
1980.0,1411,5318.499133
1750.0,1376,5330.420354
1970.0,1435,5334.013732
1960.0,1344,5337.956364
2210.0,1272,5341.188525
1800.0,1518,5345.81128
2370.0,1436,5349.902994
1870.0,1295,5353.905004
1850.0,1525,5358.449429
1960.0,1442,5362.553048
1870.0,1321,5366.691002
1780.0,1301,5377.607968
1750.0,1324,5381.612095
1610.0,1183,5384.860608
1990.0,1886,5390.642059
2120.0,999,5393.561671
1690.0,1158,5397.087345
1760.0,1399,5401.337269
1780.0,1318,5405.077944
1960.0,1586,5409.717747
1960.0,1578,5422.133688
1850.0,1337,5426.169783
1960.0,1622,5430.81426
1770.0,1287,5434.344291
2930.0,1992,5440.157205
1830.0,1369,5444.409457
1990.0,1569,5449.129854
1550.0,1239,5452.636933
1960.0,1348,5464.727983
1860.0,1205,5468.077415
1860.0,1294,5471.965819
1860.0,1292,5475.463409
1860.0,1455,5479.706266
1810.0,1393,5483.70546
1820.0,1284,5487.295328
960.0,1217,5490.789917
1730.0,1523,5495.242916
1320.0,1120,5498.4798
1490.0,1205,5509.921889
1860.0,1374,5513.484499
1920.0,1440,5517.677302
1940.0,1416,5521.99594
1980.0,1644,5526.655728
1850.0,1449,5530.888479
1880.0,1436,5535.218386
1620.0,1301,5538.949656
1630.0,1057,5542.013933
1810.0,1275,5545.791834
1940.0,1249,5556.222413
1870.0,1218,5559.479975
1390.0,1179,5563.022106
1800.0,1199,5566.364005
1980.0,1472,5570.546292
1840.0,1436,5574.093519
2180.0,1442,5578.315579
2120.0,1203,5581.727647
1870.0,1258,5585.770515
1870.0,1767,5598.287814
1600.0,1318,5602.327829
1920.0,1315,5605.665095
1850.0,1276,5609.473083
1990.0,1487,5613.650449
1910.0,1305,5617.053599
1850.0,1263,5621.080188
1910.0,1545,5625.677858
1960.0,1203,5628.963477
1970.0,1296,5632.535022
1910.0,1388,5643.723704
1860.0,1324,5647.844595
2260.0,1597,5652.334229
1860.0,1259,5655.672057
1470.0,1323,5659.313198
1840.0,1290,5662.537996
1950.0,1373,5666.516086
1960.0,1464,5670.729042
2010.0,1310,5674.313248
1990.0,1501,5685.802428
1860.0,1447,5690.16858
1880.0,1382,5694.417038
1870.0,1552,5698.870157
1960.0,1471,5702.902531
1860.0,1240,5706.18964
1990.0,1564,5710.37816
1870.0,1743,5715.209131
1980.0,1635,5727.625264
1890.0,1539,5732.199858
1580.0,1277,5735.981019
1890.0,1944,5741.688656
1800.0,1275,5745.06285
1870.0,1654,5749.30563
1980.0,1596,5753.574821
1890.0,1897,5759.133907
2030.0,1211,5769.43672
1960.0,1330,5773.050409
1990.0,1734,5777.745078
1850.0,1408,5781.578648
1890.0,1700,5786.143652
1990.0,1543,5790.102589
1860.0,1267,5793.479391
1880.0,1267,5796.54642
1980.0,1647,5800.903498
1940.0,1369,5812.813245
1970.0,1785,5817.667294
1880.0,1707,5822.192375
1850.0,1471,5826.338718
1860.0,1399,5830.354194
1990.0,1401,5833.999506
1980.0,1384,5837.150588
1990.0,1660,5841.846985
1890.0,1496,5853.002082
1990.0,1774,5857.982306
1990.0,1465,5861.744918
1880.0,1384,5865.193292
1880.0,1239,5868.890904
1890.0,1455,5872.462873
1980.0,1380,5876.231368
1980.0,1424,5879.89171
1990.0,1582,5884.062181
1970.0,1467,5895.852274
1990.0,1828,5900.541126
1970.0,1334,5904.501256
1980.0,1397,5908.410416
1990.0,1857,5913.210552
1870.0,1335,5917.004282
1940.0,1330,5920.163935
1810.0,1259,5923.652763
1950.0,1689,5935.456072
1980.0,1243,5938.592882
1990.0,1477,5942.56118
1990.0,1502,5946.679183
1990.0,1523,5950.970281
1990.0,1876,5956.31308
1840.0,1426,5959.947982
1990.0,2440,5966.258242
1980.0,1752,5978.908701
1870.0,1310,5982.662004
1860.0,1318,5985.74916
1990.0,1798,5990.625295
1670.0,1164,5993.677034
1870.0,1285,5997.484239
1990.0,2080,6003.375974
1970.0,1598,6007.5635
1890.0,1556,6018.604811
1970.0,1515,6022.501235
1890.0,1660,6026.75628
1990.0,1920,6031.718802
2210.0,1277,6034.889457
1960.0,1348,6038.927902
1990.0,1596,6043.249256
1990.0,1689,6047.63278
1880.0,1465,6058.915019
1970.0,1552,6063.149541
1630.0,1469,6067.186114
1990.0,1559,6071.368833
1900.0,1329,6074.712135
1760.0,1373,6078.661383
1960.0,1257,6081.895183
1850.0,1228,6085.542657
1960.0,1540,6089.909979
1860.0,1362,6101.394629
1870.0,1324,6105.197136
1990.0,1635,6109.589029
1930.0,1269,6112.824308
1040.0,842,6115.260013
1660.0,1429,6119.38117
1890.0,1657,6123.936134
1890.0,1509,6128.16201
1920.0,1311,6131.487051
1930.0,1358,6135.149658
1970.0,1379,6145.075734
1960.0,1505,6149.253535
950.0,874,6151.813432
1970.0,1437,6155.83831
1850.0,1219,6158.824629
1860.0,1493,6162.650253
1930.0,1535,6166.684717
1960.0,1430,6170.631191
1840.0,1151,6173.974257
2350.0,1899,6185.749087
1700.0,1347,6189.041476
1870.0,1398,6193.006597
1350.0,1268,6196.19439
1940.0,1313,6200.169378
1930.0,1344,6203.316043
1980.0,1369,6206.949158
1990.0,1329,6210.644786
1780.0,1222,6213.989083
1790.0,1838,6225.455988
2060.0,1384,6229.379852
1950.0,1660,6234.185576
1970.0,1318,6238.125882
1850.0,1379,6242.002346
2930.0,1971,6246.88543
1850.0,1452,6250.712852
1960.0,1471,6254.75454
1880.0,1549,6265.630425
1920.0,1246,6268.927825
2300.0,1717,6274.039034
1920.0,1242,6277.415886
1920.0,1314,6281.410856
1380.0,1437,6285.024115
1630.0,1276,6288.799902
1880.0,1562,6292.853873
1960.0,1390,6296.205165
1980.0,1636,6308.058468
2650.0,1991,6313.151402
1940.0,1254,6316.836138
1870.0,1316,6320.184696
1950.0,1368,6324.32464
1850.0,1374,6328.165509
1840.0,1357,6331.366813
1940.0,1194,6334.810488
1510.0,1205,6337.903473
1940.0,1206,6341.045649
3250.0,2346,6354.239816
2040.0,1520,6358.411335
1880.0,1424,6361.967819
1990.0,1591,6366.316574
1890.0,1500,6370.438532
4070.0,2056,6375.71991
1830.0,1362,6379.357872
3340.0,2092,6395.175935
1990.0,1405,6399.172594
2220.0,1391,6402.672758
1590.0,1271,6406.338534
1950.0,1391,6409.855237
4310.0,2410,6416.63155
1830.0,1402,6420.19232
1670.0,1213,6423.288234
2050.0,1296,6434.934512
1890.0,1330,6438.467276
1990.0,1356,6442.410047
1820.0,1173,6445.712386
1870.0,1315,6449.523173
1990.0,1414,6453.313458
1980.0,1413,6457.520887
1980.0,1499,6461.419606
1630.0,1239,6464.411261
3550.0,2863,6479.484668
1540.0,1228,6482.683119
1800.0,1262,6486.444022
3410.0,2560,6493.498077
1120.0,894,6495.744972
1470.0,1331,6499.83202
1230.0,1089,6502.733557
1490.0,1296,6505.767484
1190.0,1169,6509.161969
1970.0,1446,6520.001826
1960.0,1604,6524.243104
2220.0,1159,6527.378642
1960.0,1333,6530.860879
1930.0,1272,6534.669165
1870.0,1345,6538.209831
2830.0,1869,6543.581692
1980.0,1338,6547.097935
960.0,836,6548.902918
1980.0,1315,6559.84799
1880.0,1307,6563.158133
1610.0,1261,6566.901559
1930.0,1477,6570.956787
1960.0,1594,6575.164484
1980.0,1394,6578.735631
1950.0,1369,6582.745484
1980.0,1906,6588.159347
1970.0,1610,6592.170156
1860.0,1318,6601.71611
1880.0,1492,6605.836545
1990.0,1428,6610.083946
2190.0,1405,6614.099066
2290.0,1333,6617.524698
1970.0,1374,6621.520666
1990.0,1858,6626.394647
1610.0,1636,6631.166651
1970.0,1365,6634.3911
1990.0,1587,6647.079036
1890.0,1787,6651.977735
1830.0,1283,6655.302309
1990.0,1621,6659.734969
1890.0,1565,6664.068394
1970.0,1471,6668.390196
1840.0,1437,6672.581917
3450.0,2234,6684.754982
1960.0,1586,6689.0344
1980.0,1419,6692.811297
1510.0,1271,6696.058753
1870.0,1476,6700.447712
1020.0,974,6703.257303
2160.0,1532,6707.564234
1090.0,977,6710.333415
1980.0,1381,6714.353718
1610.0,1401,6717.933634
1970.0,1427,6728.513822
2830.0,2119,6734.158371
1820.0,1328,6737.908233
1870.0,1483,6741.964402
1950.0,1279,6745.366137
1750.0,1215,6748.676607
1530.0,1133,6752.225515
3470.0,2129,6758.232186
2050.0,1179,6767.580078
1990.0,1508,6771.894448
1880.0,1334,6775.209022
2060.0,1394,6778.872149
3370.0,2460,6785.685221
1980.0,1431,6789.820316
1900.0,1405,6793.468297
4560.0,1471,6797.652255
2080.0,1660,6808.29972
1950.0,1489,6812.241699
1860.0,1392,6816.162744
1980.0,1508,6820.02129
1970.0,1196,6822.885645
1950.0,1171,6825.999726
1980.0,1348,6829.874216
1830.0,1383,6833.844263
1960.0,1518,6837.646044
1930.0,1466,6841.971283
1890.0,1514,6853.990393
3940.0,2483,6860.660872
1920.0,1429,6864.607321
1620.0,979,6867.495554
1350.0,1212,6870.817354
1720.0,986,6873.501694
1220.0,997,6876.374174
1810.0,1602,6881.051972
2040.0,1150,6884.173829
2230.0,1765,6896.447378
1770.0,1485,6900.553444
1830.0,1228,6904.164125
1660.0,1237,6907.222366
1830.0,1307,6910.427118
1980.0,1341,6914.298108
1950.0,1402,6918.274534
1900.0,1253,6921.46312
2390.0,1099,6924.465798
2020.0,1146,6932.939396
3450.0,1916,6938.148497
1850.0,1362,6941.663699
1910.0,1170,6944.565065
1970.0,1413,6948.52107
1950.0,1273,6951.666361
1970.0,1475,6955.742904
1930.0,1471,6959.960732
1860.0,1358,6963.562329
2110.0,1319,6974.087501
1600.0,1131,6977.083227
1860.0,1333,6980.80854
1850.0,1391,6984.14618
2160.0,1842,6989.12658
1970.0,1321,6992.215504
1970.0,1686,6997.002682
1650.0,1197,7000.051926
1960.0,1378,7004.178287
1920.0,1260,7007.449411
1970.0,1428,7019.662117
1960.0,1677,7024.273684
4160.0,2204,7030.392748
1970.0,1218,7033.870425
1860.0,1256,7036.851839
1870.0,1581,7041.195567
1970.0,1482,7045.480093
1860.0,1292,7048.837756
1810.0,1309,7060.207782
1970.0,1439,7064.283498
1810.0,1464,7068.260258
1870.0,1440,7071.620137
1810.0,1280,7074.959414
1890.0,1343,7078.3177
1990.0,1280,7082.082399
4740.0,2049,7087.795549
1960.0,1906,7100.198056
1920.0,1241,7103.40698
1810.0,1629,7107.984165
1970.0,1447,7111.928377
3530.0,2207,7117.742864
1870.0,1175,7121.017217
1760.0,1355,7124.930284
1970.0,1619,7129.250281
1870.0,1804,7141.718671
1940.0,1573,7146.079465
1770.0,1297,7149.833596
1870.0,1178,7152.929952
2260.0,1863,7158.342441
1870.0,1450,7162.295899
1990.0,1490,7166.002755
1850.0,1571,7170.440193
1970.0,1840,7175.90547
1870.0,1602,7188.5546
1960.0,1414,7192.647581
1220.0,1171,7196.013812
2020.0,1352,7200.091895
2120.0,1245,7203.218064
1530.0,1391,7206.890211
2180.0,1228,7209.969422
1970.0,1629,7214.520741
1960.0,1246,7218.388971
4130.0,2172,7232.106882
1870.0,1638,7236.709884
1950.0,1369,7240.788354
1870.0,1207,7244.123791
1960.0,1712,7248.680828
1960.0,1272,7252.174283
1890.0,1941,7257.110684
1850.0,1316,7261.030109
2400.0,1610,7273.068726
1870.0,1344,7277.071774
1950.0,1164,7280.161337
3040.0,2337,7286.465881
1880.0,1421,7290.548339
3350.0,2173,7296.229928
1860.0,1546,7300.339142
3690.0,2287,7315.978424
1950.0,1204,7319.331938
1980.0,1572,7323.675996
3550.0,2197,7329.591431
3510.0,2392,7336.667369
3930.0,2076,7342.223627
1980.0,1503,7346.59308
3640.0,1945,7361.064524
1970.0,1609,7365.746298
1970.0,1428,7369.458658
2960.0,2052,7375.004813
1850.0,1323,7379.013327
1870.0,1521,7383.142917
1980.0,1711,7387.672328
4470.0,2674,7402.119147
1840.0,1213,7406.244915
1860.0,1539,7410.977175
1840.0,1379,7414.804663
1970.0,1292,7418.942738
1960.0,1211,7422.354697
1970.0,1245,7425.900402
950.0,814,7428.457766
1130.0,973,7431.277081
1780.0,1568,7436.00552
1960.0,1503,7448.829433
1960.0,1536,7453.605059
3730.0,1924,7459.812292
2360.0,1840,7465.013618
2760.0,1885,7470.788413
1980.0,1630,7475.370224
3680.0,1950,7481.371954
1870.0,1385,7485.453484
3540.0,2144,7499.436491
2190.0,1181,7503.523834
3400.0,2337,7510.133627
1440.0,1094,7513.344368
1970.0,1744,7518.563961
1800.0,1377,7522.414561
1970.0,1602,7527.271119
2720.0,1846,7541.692094
1860.0,1534,7546.371812
1510.0,1086,7549.540485
1760.0,1331,7553.183551
4060.0,2051,7559.090852
3850.0,2130,7566.135488
1760.0,1254,7569.827799
1850.0,1289,7573.439595
1750.0,1161,7577.406351
1920.0,1347,7589.250294
1940.0,1494,7593.602722
1990.0,1550,7598.040538
1990.0,1750,7603.359615
1840.0,1410,7607.004346
1890.0,1672,7611.417736
1840.0,1500,7615.660367
1820.0,1314,7619.652052
1950.0,1319,7630.903263
2190.0,1365,7634.794625
1840.0,1062,7637.804433
1560.0,1166,7641.079995
1960.0,1547,7645.545095
3070.0,1944,7650.97012
2190.0,1458,7655.216719
1850.0,1232,7658.673406
1960.0,1424,7662.781279
1960.0,1305,7666.317122
1880.0,1171,7677.350934
2670.0,1842,7682.381257
1810.0,1223,7685.526686
1830.0,1165,7689.022776
1810.0,1151,7692.13227
2780.0,1777,7697.084171
2540.0,1949,7702.793725
1950.0,1477,7707.25566
1590.0,1419,7718.60111
1970.0,1378,7722.343691
1950.0,1188,7726.20704
1970.0,1332,7729.651504
1870.0,1208,7733.2382
1960.0,1339,7736.563092
1970.0,1332,7740.708819
1970.0,1526,7745.336757
4030.0,2217,7751.70928
1830.0,1458,7762.192472
1960.0,1289,7765.649048
3050.0,1924,7771.185791
4390.0,2449,7777.88368
1960.0,1598,7782.711807
1860.0,1385,7786.76703
1970.0,1736,7792.312316
2870.0,1755,7804.74748
1900.0,1640,7809.544704
1960.0,1398,7813.79466
1910.0,1532,7818.082124
1840.0,1129,7820.993139
1850.0,1248,7824.329598
1940.0,1377,7828.477447
1970.0,1477,7832.82818
1840.0,1356,7836.576274
4900.0,2103,7851.448663
1900.0,1324,7855.407779
1850.0,1392,7859.180089
1970.0,1578,7863.288573
1960.0,1253,7866.617501
1970.0,1235,7870.620758
1920.0,1226,7873.924592
1970.0,1417,7877.928357
2060.0,1473,7881.415295
1520.0,1487,7893.066176
1870.0,1414,7897.118559
1820.0,1297,7901.048334
1950.0,1318,7904.500705
1970.0,1508,7908.812747
1970.0,1262,7912.310986
1900.0,1419,7916.61165
1970.0,1381,7920.587066
1820.0,1021,7923.377584
1650.0,1125,7926.395563
1800.0,1628,7936.890809
1650.0,1263,7940.095135
1270.0,948,7942.811093
1720.0,1260,7946.701275
1860.0,1259,7950.11192
1790.0,1365,7954.306472
1520.0,1173,7957.590643
1830.0,1221,7960.762794
1930.0,1226,7964.418418
1970.0,1451,7968.286371
1930.0,1291,7978.937474
1750.0,1232,7981.974815
1410.0,953,7984.451011
1500.0,1162,7987.663259
1910.0,1333,7991.77914
1880.0,1374,7995.962326
3430.0,2087,8001.882251
1870.0,1511,8005.465457
1940.0,1363,8009.578228
1780.0,1228,8020.316492
1790.0,1618,8025.019055
2000.0,1539,8029.444771
2540.0,1345,8033.729006
1970.0,1275,8037.669871
1630.0,1220,8040.907668
1970.0,1292,8044.174734
1960.0,1369,8048.208612
1870.0,1858,8053.79245
1860.0,1388,8064.750264
1970.0,1299,8068.737565
1980.0,1545,8073.526957
1960.0,1306,8077.111131
1690.0,1352,8081.193394
1980.0,1534,8085.61031
1890.0,1424,8089.043214
1900.0,1213,8092.782129
2230.0,1498,8097.192915
2070.0,1319,8106.835948
2210.0,1342,8111.003724
2200.0,1363,8114.973853
2070.0,1481,8119.671156
1960.0,1541,8124.348594
1780.0,1461,8128.754222
1750.0,1302,8132.642489
1870.0,1185,8136.000145
1840.0,990,8139.146861
1960.0,1566,8143.771312
1700.0,1115,8152.887315
1980.0,1213,8156.519593
1570.0,1177,8160.493653
1960.0,1335,8164.347724
1990.0,1529,8169.042999
1340.0,1095,8172.155912
1860.0,1225,8175.417013
1990.0,1765,8181.016471
1970.0,1638,8185.785977
2170.0,1333,8196.961944
2340.0,1440,8200.988674
1840.0,1842,8206.771098
1960.0,1447,8211.093763
1370.0,1394,8214.937327
1860.0,1360,8219.00875
1610.0,993,8222.088031
1730.0,1026,8225.214351
370.0,732,8227.192539
500.0,771,8229.68543
660.0,915,8231.928365
520.0,716,8238.4111
1280.0,1027,8241.586585
780.0,1250,8245.195271
460.0,1211,8248.769973
250.0,914,8251.709342
530.0,881,8254.570809
450.0,907,8257.394947
1240.0,1382,8260.986488
890.0,719,8262.822953
1380.0,680,8265.333495
1730.0,1389,8269.221181
2420.0,1313,8273.377802
1810.0,1204,8283.444776
1170.0,1082,8286.627004
1550.0,1480,8291.21493
2290.0,1394,8295.453428
3740.0,1430,8299.875422
2520.0,1319,8303.537675
4100.0,1562,8308.261509
1720.0,1862,8313.96913
2110.0,1118,8316.928783
1820.0,1399,8326.772555
2790.0,1265,8330.241089
1880.0,1094,8333.437386
2060.0,1154,8336.811603
2550.0,1361,8341.137621
1890.0,1260,8344.768114
1080.0,877,8347.501395
2200.0,1300,8351.700895
1660.0,1020,8354.889434
1910.0,1290,8358.533177
1450.0,1131,8361.736549
1850.0,1149,8372.192651
2990.0,1508,8376.849375
1730.0,1140,8380.29095
1560.0,1274,8384.571055
1970.0,1205,8388.045959
1670.0,1306,8392.217544
1860.0,1282,8395.951265
1950.0,1853,8401.604456
2620.0,1319,8405.134662
1560.0,1145,8416.175195
2050.0,1350,8419.912455
1900.0,1406,8424.155759
1280.0,1188,8427.635695
1960.0,1259,8431.625001
1890.0,1291,8435.249135
1640.0,1350,8439.659044
2390.0,842,8441.932967
1860.0,1196,8445.784946
2060.0,1199,8449.234413
1840.0,1122,8452.552245
2040.0,1260,8464.091089
1740.0,1252,8468.067039
2270.0,1299,8471.550394
1920.0,1435,8475.960709
1850.0,1165,8479.36163
1540.0,1000,8482.482546
1820.0,1160,8485.649276
1730.0,1250,8489.518218
2180.0,1247,8492.894919
1750.0,1127,8496.219236
1780.0,1227,8508.533171
2380.0,1337,8512.187936
2080.0,1582,8516.78146
1800.0,984,8519.795444
1550.0,1187,8523.739955
2020.0,1143,8527.073876
1950.0,1578,8531.703365
2120.0,1193,8534.987684
2090.0,1651,8539.857706
2520.0,1342,8544.153791
1870.0,1441,8555.395581
1110.0,743,8557.169396
2280.0,1388,8561.379458
2630.0,1371,8565.100439
830.0,716,8567.505063
1770.0,1605,8572.251328
2050.0,1537,8576.821855
2500.0,1300,8580.414457
2140.0,1639,8584.994495
2150.0,1822,8597.724322
1920.0,1385,8601.296497
1880.0,1404,8605.474952
2060.0,1564,8610.107101
2210.0,1453,8614.43088
2010.0,1281,8617.746818
1850.0,1310,8621.783711
2060.0,1235,8625.332905
1910.0,1256,8629.518041
1960.0,1430,8640.462149
1990.0,1329,8644.208638
1900.0,1282,8648.236331
1800.0,1431,8651.839858
1860.0,1353,8655.546401
1960.0,1294,8658.748567
1890.0,1178,8662.442214
1890.0,1204,8665.777154
1880.0,1443,8670.159893
1940.0,1547,8674.924111
1990.0,1730,8687.37065
1950.0,1512,8691.876118
1890.0,1412,8696.207032
1990.0,1496,8699.847899
1870.0,1499,8704.056161
1890.0,1708,8709.343497
1750.0,1190,8712.510303
2100.0,1219,8715.923931
2000.0,1313,8719.964908
1850.0,1339,8730.83627
1960.0,1169,8734.116645
1910.0,1517,8738.644016
1930.0,1448,8742.736792
1950.0,1389,8746.803499
1950.0,1371,8750.979932
1870.0,1294,8754.435726
1900.0,1197,8757.606324
1870.0,1325,8761.527387
1960.0,1460,8772.96766
3810.0,2073,8778.773736
1750.0,1271,8781.967137
1890.0,1341,8785.780808
2120.0,1470,8789.664426
1990.0,1527,8794.112909
1840.0,1259,8798.198756
2220.0,1599,8802.475754
1990.0,1458,8806.85104
1860.0,1366,8817.810956
1800.0,1240,8821.375085
3630.0,2577,8829.038432
1980.0,1381,8832.802305
1970.0,1504,8837.269649
1990.0,1602,8841.83259
1890.0,1481,8845.772446
1890.0,1365,8849.86419
1890.0,1527,8862.321969
1850.0,1231,8865.581116
1990.0,1731,8870.364709
4730.0,2431,8877.570753
4020.0,2231,8883.533273
1790.0,1697,8888.641733
1840.0,1299,8892.056219
1950.0,1225,8903.198436
1970.0,1281,8906.412513
1270.0,1106,8909.409074
1640.0,1118,8912.554682
1970.0,1298,8916.503561
1980.0,1330,8920.044595
1830.0,1379,8924.30351
2080.0,1501,8928.811526
1970.0,1317,8932.852353
1970.0,1543,8936.757779
1820.0,1362,8948.408716
1840.0,1234,8951.561379
1920.0,1260,8955.36437
1950.0,1389,8959.398906
1980.0,1693,8963.888808
1870.0,1274,8967.04858
3220.0,1886,8972.462631
1970.0,1279,8975.949308
1840.0,1300,8979.914201
2180.0,1523,8993.264868
2070.0,1374,8997.1102
1870.0,1309,9001.198922
1850.0,1456,9005.41352
1970.0,1428,9009.084948
1930.0,1576,9014.51208
1820.0,1382,9018.249536
1970.0,1636,9022.919084
1640.0,1287,9026.882677
3610.0,2158,9042.882628
2530.0,1266,9046.352989
1830.0,1344,9050.160619
1940.0,1524,9054.569157
2040.0,1214,9058.154827
1870.0,1452,9062.61079
1870.0,1587,9067.296441
3480.0,2118,9073.459155
1920.0,1393,9086.105418
2140.0,1171,9089.363974
1990.0,1425,9093.804399
1890.0,1437,9098.246965
1780.0,1241,9101.648874
1960.0,1281,9105.306636
1810.0,1386,9109.795682
1970.0,1267,9113.8581
1890.0,1344,9117.541946
1860.0,1236,9131.087286
2150.0,1522,9134.874116
1970.0,1231,9138.798466
1980.0,1400,9142.607051
1970.0,1480,9146.849337
2900.0,1887,9152.510732
1960.0,1411,9156.802947
1850.0,1342,9160.293664
1980.0,1673,9164.909305
3030.0,1451,9176.761299
4160.0,2259,9183.790691
1970.0,1294,9187.648101
1720.0,1293,9191.582358
4530.0,2286,9197.919345
1970.0,1240,9201.356998
1770.0,1184,9205.03537
1970.0,1696,9209.990916
1870.0,1259,9220.542257
1990.0,1896,9226.390209
3700.0,2107,9232.782886
1910.0,1521,9237.387354
1970.0,1298,9240.804665
1970.0,1514,9244.918566
1860.0,1329,9248.848769
2070.0,1286,9252.300574
1930.0,1408,9264.750331
1970.0,1452,9269.278109
1970.0,1556,9274.005711
1840.0,1575,9278.777786
4240.0,2311,9285.37494
2700.0,2151,9290.866467
1970.0,1659,9295.698985
1870.0,1284,9299.367626
1990.0,1498,9312.054507
1870.0,1183,9315.474814
1980.0,1292,9319.703895
2170.0,1799,9324.846935
1970.0,1422,9329.082306
1900.0,1345,9332.944115
1870.0,1582,9337.118116
1970.0,1716,9341.808749
1810.0,1478,9354.464685
3370.0,2154,9361.056134
1770.0,1468,9365.423299
1950.0,1430,9369.31491
1970.0,1495,9373.694342
1960.0,1217,9377.4605
1970.0,1375,9380.997485
1840.0,1596,9385.231473
1860.0,1275,9388.777635
1960.0,1624,9401.739322
3350.0,1726,9406.688376
1870.0,1719,9412.033806
2740.0,1785,9416.853251
1870.0,1480,9420.852786
1870.0,1412,9424.944133
1970.0,1381,9428.286586
1970.0,1676,9432.657813
1970.0,1304,9443.289641
1780.0,1174,9446.678077
2320.0,1518,9451.159862
1940.0,1458,9455.48007
1100.0,851,9458.007424
1600.0,1102,9460.989056
2510.0,1312,9464.43308
810.0,832,9466.7486
2240.0,1014,9469.649626
1870.0,1237,9472.882407
1980.0,1519,9483.855552
1940.0,1341,9488.082839
1960.0,1548,9492.625111
2070.0,1557,9497.115857
1970.0,1632,9501.304566
4290.0,2492,9507.971357
1850.0,1270,9511.105555
1850.0,1299,9514.504287
1870.0,1214,9526.16831
2200.0,1182,9529.415477
1840.0,1297,9533.343343
2140.0,1234,9536.739937
1980.0,1561,9541.007573
1920.0,1666,9545.273565
2060.0,1630,9549.586797
1640.0,1283,9553.335146
1690.0,1694,9558.176449
2560.0,1396,9569.100529
1330.0,1015,9572.03023
1380.0,1397,9575.723146
2030.0,1042,9578.678482
1870.0,1466,9582.874951
1720.0,1362,9586.624683
2030.0,1386,9589.929418
1540.0,1209,9593.399511
1870.0,1703,9598.117899
1820.0,1220,9601.428619
1980.0,1658,9614.598275
1960.0,1495,9618.623815
1790.0,1002,9621.445393
1970.0,1211,9624.948459
1980.0,1177,9627.953397
2480.0,1309,9631.484223
1410.0,1205,9635.224819
1210.0,1009,9638.164617
1790.0,1467,9642.437085
1860.0,1713,9647.31197
2450.0,1000,9657.167682
1680.0,1154,9660.441651
1950.0,1718,9664.955622
1760.0,1191,9668.476144
1790.0,1408,9671.775572
1870.0,1245,9675.293399
2180.0,1341,9678.82909
2460.0,1370,9682.848118
1810.0,1264,9686.199541
1890.0,1398,9697.456104
1960.0,1569,9702.074089
1860.0,1201,9705.204629
1750.0,1276,9709.014241
1970.0,1374,9712.469089
1860.0,1244,9716.254816
1960.0,1599,9720.998053
1810.0,1254,9724.399521
3330.0,1740,9730.007282
3110.0,2012,9743.634081
1580.0,1117,9746.746819
1680.0,1219,9749.895787
3180.0,1914,9755.31317
3470.0,2092,9761.345896
1980.0,1325,9764.829549
1950.0,1361,9768.962384
1980.0,1471,9773.234781
1890.0,1364,9784.687679
1970.0,1794,9790.108626
4560.0,2434,9797.421623
1880.0,1304,9800.968335
1970.0,1646,9805.75286
1930.0,1405,9810.148275
1160.0,742,9812.178388
1870.0,1487,9816.877337
2040.0,1561,9821.744914
1990.0,1342,9832.948554
1960.0,1521,9837.654463
1840.0,1551,9842.224865
1620.0,1212,9845.557808
2540.0,1067,9848.783195
1970.0,1196,9852.339863
1840.0,1470,9856.916438
1970.0,1349,9861.245949
1990.0,1414,9864.989762
1960.0,1491,9876.47267
1870.0,1674,9881.313781
1990.0,1550,9886.470268
1630.0,1263,9889.994681
2780.0,1339,9894.381139
1960.0,1170,9897.872052
1630.0,1038,9900.941708
1970.0,1253,9904.524683
1880.0,1380,9908.752448
1890.0,1615,9920.37069
1820.0,1505,9924.785404
1880.0,1610,9929.385006
1990.0,1381,9933.662256
1840.0,1294,9937.437404
3780.0,2095,9943.734597
1650.0,1359,9948.092081
2500.0,1444,9952.648805
1800.0,1244,9956.336654
1950.0,1344,9967.962276
1960.0,1390,9972.051815
1890.0,1246,9975.957437
1850.0,1417,9979.852868
2580.0,1428,9984.292149
3220.0,2011,9990.316922
1910.0,1169,9993.664885
1950.0,1331,9997.52638
1810.0,1398,10001.312059
1870.0,1519,10014.466054
1970.0,1655,10019.855687
1820.0,1196,10023.343152
1990.0,1620,10028.13881
1950.0,1486,10032.71085
2640.0,1945,10038.692287
1950.0,1515,10042.892762
1980.0,1314,10046.870564
2290.0,1382,10058.409221
1870.0,1354,10062.229417
1860.0,1399,10066.71313
1990.0,1938,10072.414109
1820.0,1533,10076.925694
1790.0,1097,10080.177102
1890.0,1500,10084.743666
1990.0,1481,10088.693254
1840.0,1451,10093.017593
1860.0,1431,10105.188579
1960.0,1540,10109.946583
1990.0,1404,10114.492828
1990.0,1385,10118.394476
1990.0,1460,10122.880955
1860.0,1398,10127.373044
1970.0,1257,10131.103791
1990.0,1415,10135.400646
1950.0,1266,10138.761293
1850.0,1321,10152.443018
1890.0,1380,10156.230393
1960.0,1442,10160.687956
1990.0,1713,10166.074343
1890.0,1389,10169.551378
1990.0,1478,10173.686635
1990.0,1806,10179.007648
1970.0,1439,10182.545557
1860.0,1403,10193.722631
1930.0,1321,10197.713901
1970.0,1497,10201.506478
1860.0,1492,10206.103407
1980.0,1324,10210.050274
1860.0,1696,10214.603449
1890.0,1477,10218.843718
1960.0,1185,10221.899011
1970.0,1569,10226.584623
1970.0,1429,10238.00176
1970.0,1320,10242.014278
1890.0,1365,10245.657565
1840.0,1352,10249.940413
1990.0,1403,10253.735378
1950.0,1242,10257.399048
1980.0,1690,10261.853732
1980.0,1621,10266.235601
1780.0,1235,10270.225283
1980.0,1331,10281.595644
1660.0,1306,10285.644262
1980.0,1497,10289.484681
1990.0,1496,10293.964441
1990.0,1753,10299.313634
1950.0,1326,10302.81723
4610.0,2183,10309.291987
1980.0,1691,10314.232
1960.0,1356,10325.815217
1980.0,1381,10330.042954
1990.0,1564,10334.632053
1970.0,1259,10338.168023
1970.0,1509,10342.571414
1990.0,1509,10346.752269
1870.0,1937,10352.265994
1830.0,1241,10355.679494
1880.0,1485,10360.120515
1980.0,1336,10372.173257
2920.0,2388,10378.85955
2000.0,1386,10383.244799
1980.0,1668,10387.962761
1980.0,1520,10392.163566
1960.0,1272,10396.080274
1590.0,1383,10399.670467
1970.0,1588,10404.444468
1960.0,1315,10418.065491
1960.0,1390,10422.165629
1870.0,1241,10425.565591
1990.0,1535,10429.971177
1980.0,1442,10434.060084
1880.0,1168,10437.392984
1870.0,1424,10441.900991
1790.0,1683,10447.056063
1970.0,1337,10451.200872
1980.0,1682,10463.527414
1860.0,1494,10467.683783
1990.0,1707,10472.023768
1980.0,1574,10476.505212
1870.0,1524,10481.074026
1870.0,1270,10484.751239
1870.0,1516,10489.46137
1870.0,1501,10493.835479
1960.0,1362,10497.874229
1760.0,1311,10510.516311
1980.0,1450,10514.173169
1990.0,1419,10518.122049
1870.0,1579,10522.77714
2560.0,2227,10529.329515
1770.0,1442,10533.434642
2010.0,1347,10537.387676
2190.0,1493,10541.053313
4870.0,1215,10553.780003
1970.0,1398,10557.02055
1870.0,1415,10560.916574
1970.0,1716,10565.862285
1990.0,1647,10571.245665
1930.0,1283,10574.939616
1900.0,1229,10578.985806
1890.0,1700,10583.966807
1960.0,1502,10588.59009
1980.0,1920,10600.678294
1790.0,1196,10604.335962
1860.0,1603,10608.940415
1980.0,1472,10613.502532
1950.0,1411,10617.462505
3580.0,2349,10624.725002
1880.0,1791,10629.838963
1750.0,1545,10641.284364
1990.0,1413,10645.319101
3050.0,1493,10649.451599
1060.0,829,10651.513597
2630.0,1789,10657.282711
1890.0,1371,10661.690458
1980.0,1344,10665.498963
1990.0,1516,10670.125435
1980.0,1316,10674.391956
1960.0,1545,10686.407335
1990.0,1339,10690.079351
1870.0,1550,10694.640394
1980.0,1354,10698.850577
1700.0,1558,10703.525711
2090.0,1744,10708.606136
1960.0,1551,10713.129985
1960.0,1585,10717.919715
1960.0,1387,10722.326457
1960.0,1400,10734.221557
1860.0,1439,10738.649161
1890.0,1344,10742.882653
1980.0,1487,10747.240125
1970.0,1839,10752.474272
1980.0,1359,10756.7875
1960.0,1132,10760.121592
1980.0,1378,10764.473706
1980.0,1955,10777.888674
1970.0,1677,10783.44594
1820.0,1258,10786.992525
1980.0,1788,10792.48143
1950.0,1294,10796.201554
1970.0,1365,10800.661677
1880.0,1538,10805.312541
1960.0,1691,10810.336278
1990.0,1317,10813.664367
1980.0,1284,10825.573339
1980.0,1770,10830.531503
1990.0,1334,10834.662527
1890.0,1364,10838.413808
1890.0,1953,10844.458618
2100.0,1029,10847.665409
1890.0,1963,10853.457701
1990.0,1401,10857.429303
1990.0,1708,10870.98268
1890.0,1549,10875.543474
1960.0,1422,10879.719789
1860.0,1462,10883.540794
1990.0,1334,10887.589653
1980.0,1310,10891.602181
1890.0,1337,10895.25578
1660.0,1163,10898.280761
1960.0,1853,10903.853754
1960.0,1235,10916.27507
1990.0,1434,10920.706275
2200.0,1258,10924.121064
1980.0,1639,10929.311237
1960.0,1384,10933.209784
1890.0,1783,10938.631847
1820.0,1486,10943.056578
1490.0,1193,10946.351044
1880.0,1430,10950.866284
1890.0,1580,10963.889025
1960.0,1425,10967.831238
1890.0,1523,10972.352817
1940.0,1698,10977.689357
1880.0,1470,10981.291837
1990.0,1487,10985.643869
1980.0,1377,10989.751205
1990.0,1534,10994.391703
1990.0,1672,11007.862375
1990.0,1622,11012.953909
1990.0,1416,11017.249859
1990.0,1734,11021.808804
1980.0,1382,11025.831221
1990.0,1462,11030.167738
1890.0,1342,11033.900908
1990.0,1586,11038.758586
1990.0,1358,11051.173733
2080.0,1951,11057.289409
1860.0,1390,11061.484745
1970.0,1542,11065.805726
2090.0,1516,11069.514408
1750.0,1331,11073.346864
2030.0,1656,11078.084858
1880.0,1369,11082.472663
1960.0,1498,11087.149195
1890.0,1468,11102.23224
1990.0,1439,11105.872042
3420.0,2014,11111.257652
1890.0,1600,11115.648291
1890.0,1662,11120.844621
1520.0,1329,11124.515237
2220.0,1280,11128.672758
1990.0,1524,11132.784175
1890.0,1559,11145.492477
1980.0,1615,11150.61158
1990.0,1655,11155.11092
1960.0,1644,11159.522472
1980.0,1661,11164.202296
1990.0,1632,11169.015426
2850.0,2324,11176.366098
1970.0,1339,11188.283392
1940.0,1491,11192.78772
1950.0,1319,11196.857717
1950.0,1356,11200.273178
1800.0,1234,11203.978347
1970.0,1559,11208.708355
1810.0,1302,11212.487713
1990.0,1547,11217.23302
1830.0,1268,11221.42399
1980.0,1728,11235.51525
2820.0,1815,11241.016932
1970.0,1249,11244.24163
1780.0,1336,11248.051254
1970.0,1323,11251.764665
1990.0,1537,11256.454755
1980.0,1583,11261.240833
1850.0,1276,11265.502815
1960.0,1447,11269.563732
1980.0,1456,11282.11501
1990.0,1515,11286.103619
1890.0,1685,11290.430212
1960.0,1408,11294.478472
1940.0,1135,11297.725816
3540.0,2183,11304.111889
1860.0,1313,11308.224647
1860.0,1315,11311.812832
1990.0,1460,11316.291344
1990.0,1900,11329.465192
1930.0,1447,11333.677324
1990.0,1331,11337.250244
1990.0,1825,11343.030481
1980.0,1636,11347.973024
1990.0,1491,11352.609594
1980.0,1600,11357.3403
1890.0,1600,11370.299397
1880.0,1316,11374.276315
1980.0,1335,11377.687083
1980.0,1456,11381.844384
1990.0,1423,11386.21922
1960.0,1336,11389.990212
1970.0,1384,11394.244436
1870.0,1471,11398.734123
1830.0,1254,11402.214022
1860.0,1404,11406.602691
1960.0,1293,11417.671944
1890.0,1491,11422.016579
1880.0,1508,11426.437337
1990.0,1974,11432.375627
1990.0,1651,11437.245579
1950.0,1491,11441.637649
1960.0,1380,11445.823966
1980.0,1630,11450.7565
1880.0,1429,11461.831002
1970.0,1395,11466.058437
1970.0,1491,11470.302125
1880.0,1233,11473.601157
1990.0,1872,11479.384873
1970.0,1350,11483.585586
1720.0,1295,11487.152257
1890.0,1670,11491.879441
2190.0,1684,11504.941355
1980.0,1942,11510.615782
1950.0,1360,11514.865077
1990.0,1541,11519.361876
1790.0,1388,11523.683138
1980.0,1249,11527.135029
2350.0,2153,11533.632586
1890.0,1701,11538.652074
1790.0,1563,11550.923373
1990.0,1353,11555.129777
1980.0,1878,11560.967679
1970.0,1378,11564.727394
1950.0,1331,11568.727985
2050.0,1620,11573.723098
2600.0,1914,11579.811749
1990.0,1762,11585.049291
1990.0,1559,11596.792621
1890.0,1773,11602.285823
1880.0,1296,11605.691825
1990.0,1656,11610.195727
1860.0,1419,11614.300282
1990.0,1542,11619.025522
1990.0,1409,11623.531878
1890.0,1512,11627.645684
1990.0,1671,11640.752234
1980.0,1738,11645.754894
1990.0,1559,11650.426477
1950.0,1358,11654.372749
1860.0,1461,11658.204586
2240.0,1365,11662.433737
1990.0,1437,11666.725445
2020.0,1571,11671.283896
1990.0,1783,11676.129382
1990.0,1426,11689.213489
1820.0,1548,11693.789077
2660.0,2130,11699.806186
2560.0,1990,11705.752239
1980.0,1497,11710.365762
1890.0,1465,11714.894787
1990.0,2219,11721.245119
1980.0,1301,11732.216073
1890.0,1368,11735.931039
1970.0,1334,11740.102873
1990.0,1652,11744.866387
3180.0,2182,11751.19013
1880.0,1395,11755.603956
1990.0,1858,11761.422616
1630.0,1531,11765.437977
1990.0,1705,11778.847574
1980.0,1384,11782.534024
1990.0,1603,11787.283761
1970.0,1537,11791.735577
1890.0,1615,11796.800173
1720.0,1407,11800.706388
1870.0,1579,11805.532377
1870.0,1710,11811.011029
2220.0,1704,11823.425565
1990.0,1569,11828.197663
1990.0,1673,11833.263521
1990.0,1674,11837.955657
3170.0,2295,11844.87422
850.0,976,11847.586885
1980.0,1329,11850.929868
1970.0,1647,11855.594766
1870.0,1280,11867.528342
2630.0,2149,11873.812598
1990.0,1640,11878.671702
1890.0,1434,11882.879202
1990.0,1467,11887.142555
1980.0,1702,11891.989544
1990.0,1626,11896.647669
1990.0,1722,11901.48192
1990.0,2089,11916.028102
1880.0,1530,11920.145154
1980.0,1540,11924.897358
1890.0,1838,11930.455476
1970.0,1305,11934.431737
1970.0,1538,11938.560615
1860.0,1339,11942.569207
1990.0,1821,11956.710948
2220.0,1643,11961.585165
1770.0,1269,11965.19852
1890.0,1595,11970.027405
1990.0,1421,11974.412063
1990.0,1464,11978.713774
1890.0,1403,11982.650214
1890.0,1610,11987.282744
1540.0,1583,11992.220076
1890.0,1388,12004.927192
1970.0,1378,12009.374561
1980.0,1459,12013.944215
1940.0,1309,12017.461478
1890.0,1660,12022.029414
1990.0,1631,12026.527019
1990.0,1720,12031.542608
1990.0,1795,12036.437115
1990.0,1835,12050.132156
1980.0,1562,12054.833417
2300.0,1830,12060.064772
1870.0,1410,12064.450032
1970.0,1840,12069.90188
1960.0,1566,12074.087391
1990.0,1418,12077.772296
2240.0,1674,12082.952725
1980.0,1982,12096.41538
1880.0,1244,12100.511124
1970.0,1339,12104.178695
1860.0,1229,12108.253289
1990.0,1689,12112.90946
1990.0,1759,12117.615097
1990.0,1892,12123.411279
1980.0,1444,12127.843312
1970.0,1515,12140.184751
1890.0,1894,12145.550419
3280.0,1528,12150.187501
1950.0,1397,12154.485667
1990.0,1347,12158.350651
1990.0,1762,12163.015745
1940.0,1487,12167.3469
1890.0,1412,12171.646835
1990.0,1881,12185.460093
1960.0,1388,12189.983031
1870.0,1420,12194.441576
3450.0,1594,12199.019086
1830.0,1242,12202.402317
1960.0,1487,12206.499084
1990.0,1580,12210.958485
1060.0,1073,12214.086111
1950.0,1329,12218.368234
2700.0,1870,12231.875719
1510.0,1294,12236.066538
1890.0,1688,12240.948292
1750.0,1143,12244.191221
1990.0,1960,12249.80519
1710.0,1496,12253.978575
1890.0,1627,12258.731739
1990.0,1829,12264.544098
1980.0,1323,12277.710772
1970.0,1624,12282.427484
1990.0,1319,12286.607628
1990.0,1325,12290.347615
2850.0,1312,12294.157567
1990.0,1494,12298.206293
1880.0,1477,12302.648686
1890.0,1500,12307.225197
1890.0,1321,12310.962563
1960.0,1457,12323.725163
1810.0,1338,12327.276803
1990.0,1534,12331.883756
1990.0,1359,12335.95615
2190.0,1829,12341.147272
1890.0,1675,12345.67413
1560.0,1317,12349.405919
1980.0,1277,12353.55946
1880.0,1467,12365.335
1950.0,1449,12369.785186
1890.0,1532,12374.350298
1860.0,1687,12379.046287
1980.0,1862,12384.412016
1990.0,1665,12388.940109
1990.0,1678,12394.347628
1890.0,1460,12398.397696
1990.0,1432,12411.205257
1890.0,1536,12415.941298
1980.0,1447,12420.418931
1890.0,2209,12426.414219
1990.0,1527,12430.686065
1990.0,1377,12434.872406
1990.0,1712,12439.744124
1990.0,1592,12444.646435
1980.0,1576,12457.208634
1990.0,1634,12462.151564
1990.0,2105,12468.41205
1880.0,1540,12472.847986
1990.0,1453,12477.004739
1970.0,1262,12480.454749
1750.0,1614,12485.630887
1990.0,1451,12489.586459
1990.0,1434,12502.760391
1990.0,1506,12507.491181
1890.0,1296,12511.610254
1990.0,1677,12516.224203
1980.0,1836,12521.125777
1990.0,1838,12526.696381
1990.0,1595,12531.392208
1980.0,1363,12535.641062
1970.0,1298,12546.820036
1970.0,1510,12551.466022
1980.0,1364,12555.712653
1980.0,1463,12559.334527
1890.0,1788,12564.712398
1980.0,1604,12569.497102
1990.0,1594,12573.919645
1980.0,1339,12577.983474
1890.0,1496,12581.896955
1960.0,1298,12594.355457
1850.0,1258,12597.958025
1990.0,1356,12602.077318
1880.0,1439,12606.365474
1960.0,1280,12609.86467
1880.0,1528,12614.612597
1340.0,1155,12617.970136
1880.0,1302,12621.956294
1990.0,1591,12626.626546
1970.0,1356,12639.199526
1980.0,1314,12642.788419
1370.0,1096,12645.749411
1970.0,1324,12649.629238
1420.0,1052,12652.579143
1990.0,1832,12657.657388
1950.0,1342,12661.814392
1990.0,1654,12666.252629
1720.0,1337,12670.40638
2140.0,1216,12682.007242
1850.0,1386,12686.22713
1980.0,1461,12690.008164
1990.0,1314,12694.119726
1950.0,1233,12697.573608
1890.0,1323,12701.85552
1890.0,1465,12706.289961
1990.0,1495,12709.915379
2180.0,1172,12713.672147
3340.0,2077,12727.105444
1960.0,1275,12730.490026
1860.0,1364,12734.675019
1890.0,1964,12740.742961
2990.0,1829,12745.977829
1870.0,1424,12750.278152
1820.0,1392,12754.565699
1980.0,1648,12759.438545
1990.0,1506,12772.145972
1890.0,1542,12776.490114
4160.0,2475,12783.322256
3450.0,1722,12788.823405
1990.0,1656,12793.522156
1860.0,1403,12797.941643
1890.0,1342,12801.629867
1990.0,1661,12806.402525
1960.0,1809,12819.643111
1860.0,1347,12823.289145
1990.0,1607,12828.504584
2170.0,1245,12831.924884
1870.0,1216,12835.315194
2190.0,1244,12839.41168
2240.0,1320,12843.101107
2160.0,1204,12846.467286
1980.0,1580,12851.482044
1990.0,1687,12864.001389
1960.0,1469,12868.385252
1990.0,1778,12873.345514
1070.0,880,12876.063607
1990.0,1672,12881.161105
2320.0,1639,12886.08004
1970.0,1428,12890.59182
1990.0,1632,12895.396683
1980.0,1328,12899.532198
1890.0,1486,12911.453679
1970.0,1511,12915.461867
1660.0,1513,12919.593184
1980.0,1472,12923.998364
1990.0,1477,12928.383973
1990.0,1855,12934.302084
1990.0,1505,12938.42886
1890.0,1814,12944.051817
1990.0,1519,12957.19943
1960.0,1226,12960.454678
1990.0,1596,12965.299649
1850.0,1710,12971.016175
2470.0,2112,12977.539068
1990.0,1549,12982.383709
1970.0,1563,12987.048595
1990.0,1530,12999.315873
1970.0,1482,13003.728171
1990.0,1761,13008.910708
1990.0,1592,13013.707052
1970.0,1389,13018.105595
2240.0,1615,13023.172375
1960.0,1267,13026.937474
1800.0,1478,13031.371085
2500.0,1845,13036.959801
1980.0,1484,13048.920432
1800.0,1358,13052.851044
1890.0,1916,13058.794387
1980.0,1391,13062.667497
1990.0,1748,13068.338059
1980.0,1403,13072.644966
2760.0,1892,13077.964101
1890.0,1350,13081.742298
1980.0,1325,13093.445838
1990.0,1611,13098.268435
1990.0,1431,13102.619025
1990.0,1739,13107.684384
1880.0,1433,13112.133159
1980.0,1514,13116.817694
1990.0,1768,13122.405596
1890.0,1412,13125.903898
2800.0,2120,13139.74598
1970.0,1633,13145.244138
1690.0,1426,13149.104144
1980.0,1622,13153.821836
1990.0,1499,13158.339967
1950.0,1195,13162.228153
2480.0,1807,13167.339242
1970.0,1548,13171.296612
1990.0,1667,13184.08016
1890.0,1534,13188.734902
3540.0,2240,13195.77369
2430.0,1844,13201.179926
1970.0,1518,13205.86505
1980.0,1452,13210.363986
1990.0,1439,13214.301342
1990.0,1572,13218.428251
1980.0,1361,13229.770682
1850.0,1326,13233.969301
1990.0,1403,13237.700319
3610.0,2486,13245.394342
1990.0,1662,13250.365341
1990.0,1604,13255.669454
1860.0,1320,13259.082439
1970.0,1516,13263.275885
1950.0,1216,13275.53969
1990.0,1478,13280.05086
4410.0,2541,13287.543862
1880.0,1549,13292.236243
1990.0,1461,13296.734689
1990.0,1783,13301.686109
1990.0,1786,13306.83833
1950.0,1458,13317.069233
1960.0,1443,13321.1935
2360.0,1217,13325.102941
1980.0,1418,13329.119289
1990.0,1624,13334.238567
1960.0,1350,13337.757159
1890.0,1734,13343.18696
2310.0,1298,13346.910612
1970.0,1683,13351.434757
1970.0,1263,13363.724557
1880.0,1280,13367.434608
3200.0,2280,13374.259434
1870.0,1282,13378.52691
1980.0,1398,13382.698543
1880.0,1501,13386.689945
1980.0,1735,13392.144821
1980.0,1606,13396.41413
1990.0,1510,13408.253227
1980.0,1464,13412.85558
1980.0,1365,13416.675357
1990.0,1591,13421.391226
1990.0,1298,13425.316025
1860.0,1528,13429.566639
1880.0,2022,13435.031489
4590.0,2263,13441.213878
1880.0,1677,13454.338254
1880.0,1559,13459.092034
1950.0,1344,13463.399638
1980.0,1343,13467.51094
3380.0,1844,13472.525301
1980.0,1534,13476.890081
1990.0,1526,13481.214698
1990.0,1696,13485.627875
3650.0,2014,13498.725527
1820.0,1418,13503.140137
1990.0,1721,13508.127268
1970.0,1380,13512.194394
1990.0,1769,13517.249968
1990.0,1705,13522.510536
1980.0,1442,13526.325525
1980.0,1199,13530.038379
1990.0,1658,13542.764475
1980.0,1674,13547.748025
1990.0,1356,13551.988643
1960.0,1215,13555.388041
3350.0,2374,13562.496721
1880.0,1389,13566.144767
2160.0,1298,13570.102716
1980.0,1492,13574.42562
1870.0,1539,13586.141102
1870.0,1238,13589.716272
2550.0,1916,13595.431876
1880.0,1517,13599.633849
1990.0,1251,13603.060809
1980.0,1570,13607.485067
1980.0,1406,13611.434174
1990.0,1559,13615.745818
1980.0,1463,13628.316701
1830.0,1298,13631.938973
2190.0,1239,13635.488412
1990.0,1538,13640.091682
3430.0,2156,13646.488296
1970.0,1442,13651.042467
4780.0,2286,13657.97317
1980.0,1684,13662.882424
1840.0,1620,13675.285136
1890.0,1466,13679.587292
1960.0,1446,13683.751777
1980.0,1610,13688.245877
1870.0,1452,13692.486161
1990.0,1527,13696.340775
1980.0,1385,13700.500958
1980.0,1542,13704.647734
1990.0,1586,13709.232126
1990.0,1685,13721.118477
2200.0,1403,13725.099272
1990.0,1616,13729.961669
4590.0,2177,13736.017281
1860.0,1294,13739.49699
1990.0,1589,13743.847188
1880.0,1337,13747.896855
1990.0,1375,13751.430583
4720.0,2358,13766.063826
1800.0,1325,13769.583289
1970.0,1407,13774.002365
1790.0,1314,13777.706637
1990.0,1217,13781.43246
3000.0,1992,13787.226161
1990.0,1477,13790.898255
2990.0,2142,13804.883964
6400.0,2294,13811.110781
1990.0,1345,13815.002201
1980.0,1706,13820.018834
1430.0,1383,13824.209903
1990.0,1525,13828.004006
2240.0,1342,13832.170182
1980.0,1402,13836.401152
1980.0,1423,13840.422524
1990.0,1511,13852.805596
1970.0,1605,13857.336083
1990.0,1544,13861.861603
3310.0,2159,13868.629625
1830.0,1544,13873.104373
1870.0,1520,13877.121125
1990.0,1485,13881.584161
1970.0,1425,13894.231529
1980.0,1636,13898.958054
1990.0,1520,13903.389561
1970.0,1639,13907.961185
1990.0,2064,13913.925773
1990.0,1551,13918.312122
1980.0,1401,13922.480583
1980.0,1342,13926.642642
1980.0,1645,13938.953052
1990.0,1207,13942.3639
2480.0,1713,13947.291568
1980.0,1574,13951.762267
1950.0,1283,13955.611788
1990.0,1416,13959.394987
1920.0,1167,13963.158041
1990.0,1460,13966.86153
1970.0,1627,13972.225977
1980.0,1215,13984.174021
1580.0,1209,13987.645981
1990.0,1492,13992.04375
1960.0,1220,13995.42549
1980.0,1921,14000.960505
1990.0,1441,14005.172085
1970.0,1370,14009.2479
1880.0,1605,14013.843904
3580.0,2191,14020.157856
1870.0,1524,14032.813969
1990.0,1766,14037.786521
1880.0,1326,14041.68547
1990.0,1595,14045.959653
1580.0,1346,14049.976902
1990.0,1931,14055.200244
1970.0,1425,14059.469663
1960.0,1299,14062.721702
2980.0,1346,14074.241437
1990.0,1583,14079.03229
1980.0,1340,14083.371769
1970.0,1392,14087.066425
1960.0,1258,14090.867888
1410.0,1079,14093.923593
1980.0,1328,14097.617393
3660.0,2072,14103.912834
1990.0,1426,14108.143459
1990.0,1588,14120.695599
3540.0,1952,14126.464874
3770.0,2195,14132.679871
2240.0,1335,14136.623035
1880.0,1496,14141.095204
1890.0,1362,14144.93057
1990.0,1636,14149.858214
1980.0,1348,14153.57451
1890.0,1592,14167.100806
1990.0,1505,14171.252381
1870.0,1310,14175.0796
1970.0,1234,14178.354325
1740.0,1244,14181.648494
2290.0,1340,14186.008283
2290.0,1524,14190.692728
1860.0,1368,14194.739321
1880.0,1506,14199.377429
1980.0,1238,14210.919553
1970.0,1395,14214.731518
1850.0,1389,14218.928144
3910.0,2180,14224.795853
1880.0,1236,14228.379264
1800.0,1321,14232.01723
1850.0,1719,14237.684975
1980.0,1491,14241.851856
1980.0,1470,14255.33689
1990.0,1364,14259.664967
1990.0,1328,14263.369318
2460.0,1728,14268.45291
1990.0,1489,14272.320111
1980.0,1401,14276.1557
1980.0,1402,14280.587348
1980.0,1616,14285.559523
1980.0,1752,14291.161784
1980.0,1527,14304.407977
1990.0,1632,14309.56321
1970.0,1278,14312.691477
1990.0,1510,14316.729045
1860.0,1430,14320.917997
1990.0,1750,14326.026811
1980.0,1218,14329.553497
1890.0,1528,14334.344171
1970.0,1419,14346.762182
1980.0,1561,14351.414588
1960.0,1186,14354.610883
1880.0,1467,14358.703375
1980.0,1642,14363.496489
1880.0,1433,14367.852791
1970.0,1345,14372.293221
1870.0,1608,14377.240182
1980.0,1318,14381.077134
1980.0,1757,14395.683459
2030.0,1406,14399.614357
1990.0,1463,14403.367292
1990.0,1536,14407.892964
1990.0,1741,14413.472125
1990.0,1665,14418.281411
1980.0,1531,14422.888778
1990.0,1832,14428.160546
1780.0,1329,14440.179283
1860.0,1382,14443.956587
2240.0,1628,14449.363464
1980.0,1652,14454.097912
1780.0,1441,14458.548719
1890.0,1453,14462.665025
1870.0,1349,14467.039607
1990.0,1650,14471.955172
1880.0,2029,14485.837286
1970.0,1770,14490.836607
2790.0,2117,14497.584112
1880.0,1907,14502.880629
1980.0,1594,14507.636031
1970.0,1427,14512.183427
1990.0,1553,14516.914288
1990.0,1629,14530.058241
1950.0,1264,14534.013283
1980.0,1404,14537.879521
1880.0,1277,14542.088027
1990.0,1510,14546.536221
1990.0,1761,14551.622437
1980.0,1702,14556.711301
1990.0,1593,14561.503167
1990.0,1578,14566.602527
1970.0,1550,14576.960413
1980.0,2017,14583.095354
1860.0,1263,14587.215675
1410.0,1063,14590.250309
1970.0,1472,14594.719687
1990.0,1464,14598.595515
1990.0,1553,14603.224479
1980.0,1346,14607.493917
1990.0,1651,14620.587576
1900.0,1394,14624.829261
1960.0,1303,14628.577579
1870.0,1440,14632.979577
1870.0,2008,14638.787474
1990.0,1651,14643.630442
1980.0,1474,14648.107704
3590.0,2185,14654.562323
1880.0,2028,14668.569197
1980.0,1391,14672.930978
1820.0,1238,14676.703742
3910.0,2091,14682.985574
1840.0,1259,14687.076211
1980.0,1672,14692.141474
1990.0,1331,14695.723644
1970.0,1341,14699.839229
1910.0,1247,14703.27191
1470.0,1099,14713.235669
1800.0,1320,14717.537199
1830.0,1364,14721.976902
2190.0,1634,14726.828292
1880.0,1357,14730.392244
1990.0,1962,14736.405905
1640.0,1438,14740.764428
1980.0,1831,14745.915327
1970.0,1315,14757.66401
1880.0,1217,14761.099252
1990.0,1412,14765.594673
1870.0,1291,14769.660086
1650.0,1496,14773.556366
1990.0,1704,14779.150987
1880.0,1482,14783.745478
1880.0,1422,14787.486361
3300.0,1886,14793.145118
1880.0,1337,14805.350135
1990.0,1680,14810.404879
1990.0,2086,14816.552216
1980.0,1778,14821.488357
1960.0,1422,14825.739686
1980.0,1746,14830.883288
2180.0,1379,14835.065103
1990.0,1506,14847.722493
2460.0,1556,14852.315459
1090.0,1021,14855.436827
1110.0,1102,14858.798947
690.0,1029,14861.866187
1210.0,1153,14865.260057
1660.0,1259,14869.28002
520.0,829,14871.378293
630.0,894,14874.248297
630.0,1335,14877.8442
880.0,945,14880.871606
660.0,813,14883.591009
540.0,793,14891.89729
820.0,959,14894.902325
720.0,946,14897.963945
600.0,792,14900.062263
880.0,965,14903.119611
810.0,943,14906.027653
530.0,641,14907.684315
780.0,990,14910.423966
730.0,1071,14913.512496
1120.0,1554,14918.161208
570.0,711,14920.561073
1840.0,1218,14923.994772
2270.0,1054,14926.994257
660.0,834,14935.250195
880.0,1008,14937.891492
2500.0,1359,14942.360663
630.0,772,14944.890513
740.0,1001,14947.38318
1620.0,1107,14951.054215
1020.0,1057,14953.87972
880.0,1033,14956.713148
760.0,802,14958.812701
470.0,667,14960.676329
2080.0,1532,14965.173321
820.0,858,14967.809319
1540.0,1007,14970.81479
1270.0,926,14980.133229
1710.0,1426,14984.012272
1830.0,1278,14988.064776
1510.0,1376,14991.839613
1100.0,908,14994.625901
1700.0,1309,14998.407283
1520.0,1202,15001.71948
1900.0,1100,15004.711438
870.0,716,15007.145086
2940.0,1175,15010.390081
1660.0,948,15013.098228
890.0,948,15021.195402
1430.0,1472,15025.865957
1350.0,1012,15028.883662
1770.0,1568,15033.731632
2040.0,1216,15037.067091
1550.0,1250,15040.854835
1620.0,1281,15044.230162
2560.0,2104,15050.185973
1520.0,1237,15054.143243
1710.0,1293,15057.83769
1460.0,1121,15068.377599
1890.0,1505,15073.139952
2440.0,1524,15077.700268
2440.0,1493,15082.009067
1950.0,1486,15086.372442
1640.0,1148,15089.595809
1220.0,1222,15093.414485
1360.0,1132,15096.449306
2240.0,1570,15100.909511
2020.0,1261,15110.971146
1520.0,1220,15114.440475
1910.0,1321,15118.636806
1650.0,1332,15122.739522
2940.0,1236,15125.968469
1890.0,1225,15129.238801
2810.0,1625,15133.838243
1390.0,1132,15137.317223
1510.0,1238,15140.490985
1710.0,1479,15144.749931
2310.0,1314,15155.283059
1720.0,1254,15159.447914
2070.0,1258,15163.028941
1520.0,1035,15166.020901
1780.0,1503,15170.290669
2300.0,1562,15174.745937
970.0,1283,15178.43951
1960.0,1282,15181.669531
2280.0,1331,15185.467052
1510.0,1156,15188.678318
1680.0,1270,15199.607568
1600.0,1231,15203.60605
1890.0,1244,15207.039546
2080.0,1407,15211.312664
1530.0,1466,15215.114916
2100.0,1256,15219.162254
1750.0,1168,15222.370164
1820.0,1578,15226.561539
1340.0,1160,15229.611405
1830.0,1261,15241.501174
1970.0,1505,15245.987611
2140.0,1335,15249.734476
1720.0,1160,15253.097783
1310.0,960,15255.87711
1790.0,1230,15259.841231
1850.0,1229,15263.323606
1570.0,1430,15267.446215
1760.0,1262,15270.56397
1640.0,1012,15273.224472
1790.0,1439,15284.198822
2260.0,1430,15288.697011
1740.0,1299,15292.414023
1800.0,1703,15297.230543
1720.0,1168,15301.027627
1790.0,1157,15304.376681
1660.0,1542,15308.816159
1570.0,1209,15311.987504
1650.0,1256,15315.525985
2010.0,1368,15319.075742
1780.0,1192,15329.530652
1680.0,1123,15332.832274
2650.0,1340,15336.665106
1810.0,1338,15340.806773
1410.0,1208,15344.093623
1360.0,1370,15348.505484
2140.0,1233,15351.954595
1910.0,1547,15356.475208
2000.0,1329,15360.351165
1800.0,1515,15364.745935
1710.0,1291,15375.271262
1570.0,1146,15378.622357
1760.0,1301,15382.664672
1950.0,1573,15387.292409
2100.0,1373,15391.119969
2050.0,1539,15395.717104
1710.0,1292,15399.677643
1730.0,1379,15403.285885
1990.0,1569,15407.983701
1930.0,1619,15420.289613
2140.0,1377,15424.06903
1820.0,1307,15428.1765
1720.0,1262,15431.670241
1890.0,1473,15436.145069
2040.0,1963,15441.83269
1720.0,1292,15445.273819
1930.0,1219,15449.111034
1850.0,1473,15459.746154
1700.0,1204,15463.610522
1780.0,1726,15468.59897
1630.0,1141,15471.838032
1790.0,1315,15476.186065
1880.0,1902,15482.032667
1790.0,1497,15485.859384
1640.0,1194,15489.6746
1930.0,1241,15493.389816
2130.0,1846,15506.261471
2270.0,1214,15509.90702
1830.0,1896,15515.898339
2090.0,1299,15519.706708
1510.0,1431,15524.210831
1830.0,1396,15528.417856
1800.0,1508,15532.35047
1870.0,1331,15536.47366
1750.0,1831,15542.408185
1720.0,1321,15552.885407
1730.0,1193,15556.320405
1690.0,1184,15560.283061
1810.0,1158,15563.549795
1720.0,1554,15568.21287
1830.0,1095,15571.317971
1570.0,1108,15574.51315
1750.0,1572,15579.099543
1760.0,1345,15583.444625
1720.0,1230,15587.029052
1680.0,1288,15598.159709
1680.0,1264,15601.647624
1750.0,1431,15606.195364
1780.0,1454,15610.741112
1650.0,1091,15613.843362
1540.0,1314,15617.286265
1440.0,1497,15622.0803
1820.0,1261,15626.459115
1890.0,1199,15630.038727
1880.0,1486,15642.265467
1720.0,1388,15646.014073
1740.0,1370,15650.347664
1820.0,1175,15653.7776
1910.0,1415,15657.898329
1870.0,1350,15662.012084
1760.0,1360,15665.642381
1770.0,1269,15669.802009
1740.0,1399,15673.728745
1850.0,1378,15677.989789
1580.0,1105,15687.989007
1860.0,1772,15692.812711
1720.0,1611,15698.059709
2100.0,1584,15702.526957
1700.0,1243,15706.007221
1760.0,1459,15710.333812
1710.0,1386,15714.315924
1880.0,1628,15719.665566
1820.0,1289,15731.270882
1710.0,1300,15735.333925
1880.0,1253,15738.566898
1710.0,1323,15742.759876
1860.0,1410,15746.447083
1730.0,1472,15750.800501
1660.0,1323,15755.020593
1730.0,1408,15759.041524
1650.0,1468,15763.593885
1670.0,1437,15767.846882
1670.0,1334,15778.036783
1700.0,1130,15781.492358
1860.0,1599,15785.960719
1930.0,1788,15790.975518
2080.0,1366,15795.383028
1870.0,1283,15799.175103
1820.0,1093,15802.518562
1900.0,1234,15806.56048
1700.0,1189,15810.010714
1710.0,1289,15821.149787
1790.0,1450,15825.204378
1770.0,1390,15829.191654
1880.0,1462,15833.290207
1460.0,841,15835.485834
1940.0,1543,15840.05764
2140.0,1571,15844.891389
1750.0,1876,15850.770907
1750.0,1440,15855.332397
1700.0,1261,15865.677427
1860.0,1275,15869.692052
1730.0,1198,15873.046393
1810.0,1494,15877.244093
1700.0,1180,15880.630068
1720.0,1377,15885.161731
1980.0,1859,15890.637121
1760.0,1458,15895.060929
1740.0,1541,15899.770435
1930.0,1536,15913.891409
1670.0,1411,15917.83625
2670.0,1428,15921.917289
1740.0,1284,15925.408592
1880.0,1260,15928.992299
1790.0,1356,15933.341177
1880.0,1451,15937.939821
1890.0,1505,15942.665316
1890.0,1367,15946.675925
1620.0,984,15956.684277
1720.0,1457,15960.86241
1740.0,1313,15964.110462
1940.0,2185,15970.634889
1660.0,1250,15974.208695
1660.0,1182,15977.517246
1910.0,1452,15981.866823
1880.0,1516,15986.575449
1890.0,1388,15991.03384
1720.0,1213,16001.794023
1890.0,1270,16005.60983
1900.0,1291,16008.893106
1930.0,1284,16012.210175
1690.0,1277,16016.227734
1680.0,1281,16019.598258
1800.0,1844,16025.003495
1600.0,2001,16031.231976
1800.0,1509,16035.884914
1990.0,1346,16046.73469
1790.0,1308,16050.598787
1690.0,1564,16054.758008
1830.0,1473,16059.043108
1790.0,1168,16062.383075
1920.0,1378,16066.174308
1780.0,1320,16070.439776
2040.0,1570,16075.23859
1800.0,1101,16078.517532
1660.0,1165,16089.803646
1790.0,1587,16094.424161
1870.0,1675,16099.349816
1730.0,1495,16103.397495
1880.0,1242,16106.784867
1990.0,1778,16111.873179
1970.0,1284,16115.989707
3520.0,2172,16122.480495
1880.0,1365,16133.842398
2140.0,1626,16138.58595
1710.0,1397,16142.698781
1690.0,1298,16145.880019
1940.0,1647,16150.265992
1880.0,1221,16154.201356
1940.0,1711,16159.206368
1880.0,1081,16162.389352
1640.0,1307,16166.145986
1750.0,1507,16178.091642
1780.0,1243,16182.133598
1730.0,1456,16186.491649
1780.0,1717,16190.890827
1760.0,1273,16194.016356
430.0,737,16196.479979
1890.0,1302,16200.216022
1720.0,1456,16204.723542
1880.0,1266,16208.354618
1750.0,1521,16212.963498
1640.0,1123,16224.23972
1880.0,1222,16227.574121
1880.0,1233,16230.997519
1720.0,1252,16234.689287
1740.0,1405,16238.091217
1830.0,1666,16243.409175
1880.0,1549,16248.311483
1730.0,1322,16252.127724
1900.0,1268,16255.735886
1880.0,1152,16259.604533
1860.0,1226,16270.354441
1890.0,1292,16274.3672
1900.0,1561,16278.485611
2560.0,1310,16281.829803
1840.0,1266,16285.288445
1930.0,1544,16289.795563
1150.0,1010,16292.750707
2150.0,1237,16296.838374
1940.0,1458,16301.404089
1830.0,1211,16311.52914
1900.0,1628,16316.336328
1840.0,1303,16320.271466
1930.0,1664,16324.894722
1810.0,1404,16328.631963
1740.0,1308,16332.558431
1900.0,1368,16336.801032
1700.0,1111,16340.136879
1890.0,1587,16344.864021
1880.0,1206,16355.376147
1680.0,1154,16358.669635
1900.0,1613,16362.9814
1830.0,1119,16366.686916
2000.0,1458,16370.564118
2140.0,1062,16373.555515
3040.0,1324,16377.500265
1940.0,1720,16382.48421
2150.0,2277,16389.63166
1940.0,1410,16401.173002
1900.0,1350,16405.077384
1870.0,1269,16408.550101
1870.0,1317,16412.892768
1740.0,1234,16416.523509
1880.0,1485,16421.037242
1880.0,1290,16425.097744
2020.0,1621,16429.841274
1690.0,1394,16434.296776
1980.0,1232,16444.607363
1880.0,1259,16447.853893
2140.0,1362,16451.875088
1820.0,1107,16455.157329
1780.0,1401,16459.519273
1870.0,1606,16464.332761
1830.0,1318,16467.857373
1900.0,1296,16471.738107
1680.0,1620,16476.397552
1550.0,1286,16480.085131
1960.0,2199,16493.625626
1850.0,1609,16498.361148
1730.0,1244,16502.004092
1750.0,1394,16506.438162
1500.0,1100,16509.739145
1750.0,1732,16514.549409
1700.0,1288,16518.593094
1700.0,1377,16522.418621
1940.0,1409,16534.607946
1780.0,1253,16538.334084
1880.0,1308,16541.89427
1760.0,1307,16546.110853
1910.0,1281,16549.560564
1700.0,1364,16553.498109
1940.0,1920,16558.600692
1910.0,1726,16563.87541
1750.0,1210,16567.196585
1940.0,1656,16577.674832
1940.0,1370,16581.619412
1880.0,1363,16585.215729
1890.0,1276,16589.426423
1960.0,1486,16594.11476
1750.0,1158,16597.497401
1520.0,1229,16600.930308
1840.0,1523,16605.335496
1870.0,1314,16609.289914
1950.0,1703,16620.439363
1860.0,1557,16624.842237
1940.0,1690,16629.6326
1870.0,1348,16633.959615
1610.0,1081,16637.113401
1980.0,1736,16642.343889
1900.0,1583,16647.091063
1710.0,1436,16651.314774
1830.0,1087,16654.507282
1880.0,1633,16666.046966
1790.0,1591,16670.655622
1890.0,1441,16675.073076
1850.0,1398,16679.441876
1810.0,1384,16683.376153
1720.0,1451,16687.890385
1970.0,1485,16692.349677
1890.0,1240,16695.760089
1730.0,1438,16700.070163
1850.0,1110,16709.760653
1520.0,1181,16713.505906
1860.0,1285,16717.10791
1910.0,1247,16720.888309
1950.0,1361,16725.308449
1790.0,1196,16729.003128
2000.0,1602,16734.037716
1860.0,1266,16738.077522
1780.0,1376,16741.932702
1930.0,1466,16746.234833
1950.0,1616,16757.189766
1870.0,1279,16761.151798
1750.0,1422,16765.331199
1880.0,1301,16768.755099
1910.0,1439,16772.792019
1670.0,1260,16776.077744
1950.0,1574,16780.410998
1810.0,1407,16784.279065
1850.0,1262,16787.156691
1740.0,1337,16798.564113
1890.0,1303,16801.879133
2000.0,1549,16806.21071
1890.0,1278,16810.013984
1730.0,1375,16813.500895
2040.0,1470,16817.665676
1820.0,1424,16821.728764
1930.0,1329,16825.612278
1690.0,1137,16828.420703
1700.0,1194,16838.717323
1910.0,1329,16842.717988
2590.0,1033,16845.606373
2000.0,1357,16849.069584
1940.0,1542,16853.528265
1730.0,1347,16857.513646
1870.0,1331,16860.931552
1700.0,1277,16864.781165
1890.0,1264,16867.782588
1910.0,1351,16871.266637
2030.0,1606,16882.260814
2000.0,1443,16886.018082
1430.0,1022,16888.650194
1870.0,1371,16891.830727
1580.0,1561,16895.707637
1870.0,1308,16899.234101
2010.0,1382,16902.418047
1880.0,1293,16906.007645
1910.0,1282,16908.888999
1810.0,2186,16920.641413
1860.0,1199,16923.480611
1940.0,1608,16927.446851
1890.0,1335,16930.954019
1870.0,1454,16934.226019
1880.0,1214,16937.522176
1900.0,1749,16941.705946
1910.0,1405,16945.38772
1880.0,1379,16948.324659
1950.0,1483,16958.199968
1820.0,1110,16961.016514
1890.0,1417,16964.949567
2010.0,1422,16968.98008
1790.0,1466,16973.23905
1700.0,1667,16977.793232
1910.0,1999,16983.112535
1900.0,1389,16986.381291
1870.0,1206,16996.961554
2040.0,1448,17000.485583
2010.0,1347,17004.208146
1800.0,1454,17008.258404
1950.0,1587,17012.52029
1890.0,1403,17016.453137
1920.0,1344,17019.660938
1890.0,1360,17023.327934
1120.0,776,17025.052677
1930.0,1351,17028.719455
1890.0,1311,17039.335322
1860.0,1278,17042.704251
1980.0,1257,17045.973056
1900.0,1286,17049.658128
1740.0,1512,17054.086808
1940.0,1381,17057.637494
1930.0,1666,17062.704864
1790.0,1723,17067.133942
1680.0,1450,17070.865588
1880.0,1321,17080.892126
1750.0,1521,17085.156015
1660.0,1170,17088.142871
1740.0,1230,17091.585109
1550.0,806,17093.397989
1850.0,1290,17097.177606
1860.0,1365,17100.536503
1850.0,1189,17104.032544
1950.0,1553,17108.094057
1920.0,1451,17118.888481
2030.0,1462,17122.363873
1970.0,1139,17125.830536
1900.0,1391,17129.074697
1950.0,1525,17133.010396
1880.0,1355,17136.733473
1920.0,1391,17140.096392
1940.0,1431,17144.198345
1800.0,1613,17148.578684
1790.0,1344,17158.644393
1870.0,1660,17162.88836
1700.0,1611,17167.26435
1980.0,1436,17171.275438
1870.0,1486,17175.236511
1890.0,1121,17178.190719
1400.0,1036,17181.110871
1310.0,1215,17184.347493
1900.0,1569,17188.743935
1750.0,2065,17201.302235
2560.0,1310,17204.936731
2370.0,1211,17208.187916
1740.0,1392,17212.261005
1880.0,1299,17215.402809
1890.0,1409,17219.311279
1900.0,1406,17223.192427
2040.0,1398,17227.16053
1850.0,1397,17230.679257
1730.0,1497,17242.134126
1950.0,1441,17245.929666
1940.0,1509,17250.019213
1740.0,1189,17253.206068
1870.0,1185,17256.430719
1920.0,1728,17261.287423
1860.0,1448,17264.732203
1900.0,1721,17269.946942
1940.0,1515,17274.31204
1950.0,1372,17284.605537
1900.0,1461,17288.510253
1750.0,1534,17292.834763
1920.0,1611,17297.269007
1930.0,1494,17301.29296
2040.0,1663,17305.544542
1790.0,1073,17308.515881
1940.0,1744,17313.762379
1710.0,1478,17324.442704
1870.0,1289,17327.530301
1630.0,1199,17330.452149
1890.0,1456,17334.48374
1860.0,1594,17338.907334
1760.0,1397,17342.890173
1790.0,1677,17347.153382
1710.0,1383,17350.895131
760.0,1014,17353.857905
1960.0,1924,17366.441542
1870.0,1723,17371.436515
1940.0,1481,17375.51409
1700.0,1270,17378.676542
1690.0,1473,17382.606253
1610.0,1282,17385.827966
1740.0,1329,17389.342994
1900.0,1658,17393.497397
1700.0,1329,17397.410823
1880.0,1302,17407.425066
1760.0,1587,17411.523372
1760.0,2108,17417.018523
1740.0,1414,17421.092899
1900.0,1450,17425.16446
1720.0,1030,17428.020875
4950.0,1725,17432.333423
1890.0,1293,17436.037019
1930.0,1356,17439.447823
1940.0,1300,17450.245069
1940.0,1530,17454.379721
1810.0,1067,17457.05066
2240.0,1825,17461.50813
1490.0,1193,17465.054582
1990.0,1410,17468.665056
1700.0,1446,17472.594553
1920.0,1404,17476.447813
1720.0,1335,17479.735169
1790.0,1443,17491.384516
1850.0,1293,17495.129304
1900.0,1320,17498.328285
1890.0,1221,17501.772514
1710.0,1499,17505.408299
1870.0,1276,17509.112545
2010.0,1536,17513.125862
3070.0,2125,17518.600032
1900.0,1520,17529.523024
2100.0,1844,17534.422733
1930.0,1350,17538.234999
1790.0,1276,17541.443762
1860.0,1288,17544.998641
1690.0,1154,17547.977744
2050.0,1941,17553.480898
1830.0,1435,17557.293589
1920.0,1321,17560.420955
1620.0,1667,17571.454392
1890.0,1205,17575.054752
1860.0,1424,17578.645881
2060.0,2040,17583.937281
1940.0,1278,17587.477403
1700.0,1540,17591.493047
1840.0,1690,17596.075603
1840.0,1848,17601.132898
