#{"t_start": 1678670304.093134, "env_id": "Asterix-v4"}
r,l,t
500.0,466,4.656271
900.0,600,6.043667
1850.0,1921,10.568675
1250.0,1359,13.820522
1800.0,1892,17.730395
1350.0,1825,22.026596
1550.0,1815,25.750302
1600.0,1714,29.801761
1100.0,1119,38.42976
1250.0,949,40.627825
1600.0,1621,44.136958
1950.0,1924,48.366948
1900.0,1957,52.400541
550.0,567,53.574349
750.0,695,55.395249
1350.0,1465,58.593064
400.0,438,59.155971
1550.0,1802,63.250953
1550.0,2243,72.397296
1250.0,1311,75.750252
1250.0,795,77.297087
1800.0,2377,82.902739
1350.0,1826,86.970463
300.0,334,87.901821
400.0,434,88.971246
250.0,336,89.437279
1000.0,1091,92.355764
1050.0,696,93.758239
750.0,682,95.154281
1700.0,1941,107.871883
900.0,959,109.985031
1300.0,1689,113.892295
200.0,271,114.713104
1100.0,1325,117.461937
1400.0,1807,121.913676
1400.0,1741,125.742553
1050.0,856,127.842577
450.0,345,128.339293
800.0,682,129.72083
950.0,788,131.682014
300.0,358,132.594665
250.0,386,133.105338
100.0,304,134.029708
650.0,814,135.70762
1000.0,1309,143.987826
1150.0,1245,146.750457
100.0,292,147.594546
200.0,257,147.942025
1000.0,1109,150.404401
150.0,265,151.202922
1150.0,1944,155.793917
950.0,1169,158.477391
250.0,279,158.860893
150.0,296,159.736049
1150.0,1823,163.711182
200.0,312,164.554255
1350.0,1830,168.514695
1750.0,2529,179.738501
300.0,349,180.677826
750.0,845,182.961317
650.0,916,184.811233
1350.0,1884,189.450163
700.0,851,191.617825
1200.0,1813,195.614743
1850.0,1942,200.1454
1900.0,1960,204.594204
1100.0,1839,215.966679
1700.0,1939,220.689178
1200.0,1475,224.266373
1250.0,1833,228.445766
800.0,1422,232.424185
1700.0,1949,237.246847
1600.0,1941,242.122991
1650.0,1928,254.462334
450.0,463,255.740604
600.0,662,257.252664
1500.0,1941,262.262803
1550.0,1944,267.015892
500.0,543,268.2737
1500.0,1944,272.801764
1950.0,3438,280.576262
1050.0,1829,293.982284
1300.0,1946,298.96921
1150.0,1956,303.276058
1200.0,1814,307.709569
1350.0,1960,312.369167
700.0,1233,315.243693
550.0,932,317.569429
1450.0,1978,329.654396
2100.0,3466,338.064067
1050.0,1802,343.141722
1400.0,1953,348.249081
900.0,1627,352.160789
950.0,1492,355.826234
1250.0,1959,360.58615
1150.0,1836,373.936836
1400.0,1945,379.016457
1000.0,1849,383.456838
1000.0,1823,388.18746
950.0,1824,392.330307
950.0,1804,396.933088
900.0,1811,409.625664
200.0,298,410.588487
950.0,1802,414.986737
800.0,1707,419.498687
900.0,1850,423.873561
1050.0,1812,428.758898
950.0,1796,432.797431
1050.0,1958,438.52911
950.0,1818,450.803751
1100.0,1939,456.257277
1050.0,1804,461.225327
700.0,1916,465.797259
350.0,472,466.954394
150.0,345,467.956419
1350.0,2872,474.772594
1050.0,1831,479.133265
1050.0,1827,489.76992
950.0,1813,494.70097
1050.0,1819,499.106336
550.0,910,501.531999
900.0,1827,506.395942
700.0,1068,509.008085
850.0,1819,512.860734
950.0,1817,517.22933
1200.0,1829,530.128534
1100.0,1938,535.247765
1550.0,3292,543.327814
850.0,1810,547.77501
850.0,1807,552.157937
1100.0,1959,556.91551
750.0,1814,569.648508
900.0,1812,574.182225
850.0,1784,578.703586
800.0,1807,582.994564
1000.0,1934,588.005387
900.0,1723,592.22364
1050.0,1937,597.072959
1100.0,1937,611.352702
1150.0,2194,616.391145
850.0,1822,621.563728
1100.0,1823,626.211974
850.0,963,628.749127
1150.0,1967,633.740835
1250.0,1944,638.291939
800.0,1832,649.889235
1150.0,1940,655.36244
1400.0,3259,663.730047
1250.0,1984,668.912613
800.0,1823,673.379255
650.0,1074,675.878864
850.0,1226,679.288569
950.0,1502,692.720118
1250.0,1946,697.82173
850.0,1501,702.02404
1350.0,2368,708.712704
850.0,947,711.44362
900.0,1231,714.605047
1050.0,1949,719.691692
1100.0,1942,733.404047
100.0,288,733.938558
1300.0,1951,739.562188
1500.0,2825,747.360183
800.0,943,750.092609
1150.0,1327,753.737137
1000.0,1812,758.080772
1200.0,1950,763.121952
1300.0,1947,776.126678
1200.0,1814,781.045028
1150.0,1791,786.251923
1400.0,2129,792.059909
1350.0,1938,796.928412
1100.0,1794,801.47259
1350.0,1956,806.902622
700.0,538,815.615819
400.0,548,817.168756
1350.0,1957,822.708284
600.0,567,824.188185
1500.0,1948,829.244015
1350.0,1833,834.229817
1500.0,1952,839.651652
1450.0,2507,846.395731
1400.0,1969,857.516203
350.0,468,858.785002
1350.0,1950,863.993097
1200.0,1831,868.873686
1500.0,1974,873.60725
1600.0,1928,878.980501
1550.0,1957,884.331735
650.0,719,885.910438
850.0,762,888.131248
1300.0,1724,898.262708
1100.0,1461,902.249781
1200.0,1809,906.90939
1550.0,1953,912.42969
1550.0,1957,917.751529
1200.0,1833,922.311584
1050.0,1827,927.205161
750.0,689,936.432081
650.0,584,937.774094
700.0,576,939.106797
1600.0,1958,944.260231
400.0,489,945.523323
1600.0,1813,950.771402
1300.0,1821,955.418555
1050.0,1690,960.015904
1500.0,1960,965.208535
1050.0,1690,977.793863
650.0,840,980.126764
1100.0,1812,984.889267
950.0,1831,990.051182
1050.0,1833,995.18954
1200.0,1811,1000.022872
1100.0,1836,1005.208411
1450.0,2125,1010.521127
1150.0,1826,1023.955108
950.0,1824,1029.258518
850.0,1809,1034.024259
950.0,1838,1039.269808
900.0,1819,1044.010896
700.0,1700,1048.690905
1050.0,1949,1053.180059
1000.0,1942,1067.222881
200.0,301,1068.197273
1000.0,1820,1072.725656
750.0,1825,1078.042333
950.0,1804,1082.622462
1150.0,1944,1087.686593
1100.0,2376,1093.544432
1300.0,2154,1107.960909
1600.0,2356,1114.20692
1800.0,3305,1123.2588
750.0,702,1124.877673
1000.0,1806,1129.37097
1250.0,1825,1134.311822
1400.0,1955,1148.602662
2000.0,3441,1157.449139
1500.0,2313,1163.69412
950.0,1807,1168.43199
750.0,934,1171.075492
900.0,956,1173.64573
1250.0,1705,1177.945685
1200.0,1941,1192.356225
800.0,946,1194.744184
1050.0,1819,1199.477616
1100.0,1707,1204.281478
1150.0,1467,1207.735335
1200.0,1821,1212.789876
1350.0,1842,1217.161764
1450.0,1954,1222.503886
1200.0,1810,1234.614946
1400.0,1962,1240.102375
1250.0,1914,1244.835928
1350.0,1941,1250.172853
1150.0,1821,1254.711351
1350.0,1637,1259.352027
1550.0,2160,1273.425745
1450.0,1944,1278.735549
1300.0,1961,1283.752167
1300.0,1897,1289.183363
1200.0,1805,1293.870887
1900.0,2983,1301.347879
1900.0,3273,1319.197753
900.0,1828,1323.691022
1150.0,1787,1328.603438
1300.0,1966,1333.499306
1200.0,1978,1338.505129
1100.0,1936,1343.505271
1200.0,1935,1358.166845
1200.0,1921,1362.978474
1150.0,1476,1367.036422
1200.0,1236,1370.791698
1000.0,1694,1375.251739
1300.0,1952,1380.559894
1400.0,1947,1385.219856
1200.0,1360,1389.027631
750.0,630,1397.706223
1400.0,1928,1402.821973
1450.0,1942,1408.123793
1150.0,1344,1411.396115
1500.0,2381,1418.069359
1100.0,1384,1421.853998
1100.0,1662,1425.897901
1300.0,1942,1440.591312
1400.0,1968,1445.280967
1700.0,2703,1452.871649
1350.0,1925,1457.695569
1300.0,1903,1462.874922
200.0,466,1464.031002
1350.0,1938,1469.148578
1200.0,1821,1481.684484
950.0,877,1483.95381
1250.0,1913,1488.552937
1250.0,1683,1493.402459
1500.0,1942,1498.362836
1400.0,1940,1503.769862
1450.0,1920,1508.807668
850.0,950,1511.351442
1450.0,1949,1523.40396
1350.0,1916,1528.048754
1300.0,1954,1533.496189
1350.0,1929,1538.906666
1150.0,1587,1543.230768
1000.0,1199,1546.352722
1450.0,1918,1551.479053
1450.0,1928,1565.937342
1150.0,1828,1570.523706
1550.0,1932,1575.697365
1200.0,1804,1580.326074
1200.0,1806,1585.411425
1100.0,1682,1589.608518
1400.0,1967,1594.503331
1150.0,1810,1608.333772
1000.0,1311,1611.958896
1250.0,1675,1616.180358
1400.0,1933,1621.576562
1450.0,1915,1626.445753
1450.0,1905,1631.691543
1200.0,1794,1636.812813
1450.0,1944,1651.986637
1550.0,1952,1657.078651
1100.0,1033,1659.815995
1250.0,1937,1665.117975
900.0,943,1667.796196
1400.0,1944,1672.744425
1400.0,1973,1678.142413
1200.0,1947,1683.27854
1000.0,1098,1694.678037
1500.0,1939,1699.372148
1650.0,2548,1706.493734
1100.0,1929,1711.819113
1400.0,1962,1716.701082
1600.0,1938,1721.977504
1450.0,1939,1734.901911
1150.0,1318,1737.850044
1350.0,1467,1741.632916
1200.0,1817,1746.814501
1200.0,1823,1751.420022
1450.0,1916,1756.709497
1250.0,1956,1761.96332
1100.0,1822,1766.360421
1300.0,1942,1779.993747
1200.0,1944,1785.072975
1300.0,1746,1789.609245
500.0,561,1791.066515
1250.0,1927,1796.272124
1100.0,1940,1801.513733
1450.0,1964,1806.364821
1350.0,1951,1820.601825
1400.0,1934,1825.575583
1400.0,1938,1830.960198
1550.0,1948,1835.882159
1200.0,1812,1841.04038
750.0,618,1842.631573
1450.0,1943,1847.841473
400.0,396,1848.916016
1050.0,1829,1859.241445
1200.0,1816,1863.65858
1450.0,1949,1868.173183
1400.0,1938,1873.482901
850.0,870,1875.954489
1400.0,1938,1880.59856
850.0,860,1883.259271
1650.0,1958,1888.724839
1050.0,1048,1899.497388
1450.0,1951,1904.269163
1200.0,1817,1908.828542
1400.0,1860,1913.872359
1350.0,1944,1918.755856
1200.0,1649,1923.603936
1450.0,1934,1928.687548
1200.0,1837,1942.102697
1400.0,1959,1947.613613
1400.0,1947,1952.723855
1350.0,1953,1958.352631
1250.0,1959,1963.904375
1150.0,1571,1968.317554
1250.0,1313,1972.129807
900.0,1050,1974.687158
1300.0,1241,1985.681921
1400.0,1948,1990.933146
1100.0,1047,1993.679399
700.0,885,1995.750716
1000.0,1436,1999.786876
750.0,1081,2002.785281
1250.0,2134,2008.542703
300.0,564,2010.037023
900.0,1062,2012.686075
1400.0,1943,2025.893152
1200.0,1105,2028.752468
1250.0,1847,2033.759151
1400.0,1893,2039.140824
1300.0,1456,2042.825928
950.0,966,2045.53166
1050.0,1217,2049.098241
1350.0,1925,2053.948655
1250.0,1941,2070.359077
900.0,1837,2075.622814
1350.0,1941,2080.613884
1350.0,1941,2085.860963
1200.0,1748,2090.383172
1250.0,1947,2095.70381
1250.0,1949,2101.079093
800.0,1048,2104.000903
1400.0,1964,2118.635775
1400.0,1940,2123.740897
1850.0,3591,2133.694757
1350.0,1937,2139.21382
1450.0,1948,2144.721119
1400.0,1954,2159.848082
1450.0,1964,2165.363497
1200.0,1827,2170.057863
1650.0,2588,2177.02319
1450.0,1952,2182.425442
1450.0,1974,2187.906229
1450.0,1979,2201.190659
1350.0,1954,2206.832326
1450.0,1939,2212.233603
1300.0,1926,2217.598571
1300.0,1944,2222.590112
1300.0,1830,2227.551853
1400.0,2817,2244.233819
850.0,953,2246.899251
1150.0,1668,2251.235028
1400.0,1965,2256.643802
1300.0,1962,2261.9607
1600.0,1951,2267.1816
1300.0,1945,2272.635444
500.0,433,2273.4318
1450.0,1965,2288.096155
1400.0,1956,2293.199895
1100.0,1127,2296.074914
1700.0,1953,2301.249924
1650.0,1944,2306.763022
1450.0,1806,2311.409944
1300.0,1827,2316.656044
1650.0,1706,2320.917552
500.0,547,2331.738224
1700.0,1860,2336.65734
1800.0,2536,2343.34824
1500.0,1929,2348.851755
1350.0,1685,2353.3828
1350.0,1809,2358.537236
800.0,707,2360.18938
1500.0,1955,2374.481095
1500.0,1934,2379.936625
1500.0,1961,2385.478505
650.0,592,2387.011515
1450.0,1929,2391.990381
1650.0,1955,2397.563775
1500.0,1949,2402.635182
1550.0,1945,2407.637954
1550.0,1953,2423.105717
1550.0,1957,2428.380913
1200.0,1794,2433.682131
1600.0,1937,2438.717563
1550.0,1919,2443.728274
1350.0,1934,2448.92798
750.0,928,2451.510572
1200.0,1813,2464.344336
1350.0,1954,2469.852326
1500.0,1949,2475.496814
1600.0,1961,2480.736338
1000.0,1489,2484.176651
400.0,432,2485.380854
1350.0,1805,2490.631869
1600.0,1940,2504.34494
1650.0,1935,2509.364564
1400.0,1948,2514.716752
1450.0,1944,2520.104654
1500.0,1961,2525.380863
1400.0,1823,2530.043385
1250.0,1601,2534.371849
1450.0,1945,2550.143072
1350.0,1968,2555.523388
1300.0,1968,2560.925265
1350.0,1961,2565.656884
1050.0,1695,2570.545179
1000.0,1799,2575.374952
1200.0,1831,2580.846031
1550.0,1938,2594.640946
1500.0,1946,2600.243699
1450.0,1935,2605.212118
1350.0,1946,2610.50907
450.0,444,2611.803568
1550.0,1967,2616.849218
1650.0,1957,2622.287431
1450.0,1917,2636.918532
1450.0,1957,2642.176315
1100.0,1776,2646.499521
1400.0,1952,2651.658609
1600.0,1935,2657.08867
1600.0,1954,2661.793203
1050.0,1832,2666.729585
1350.0,1944,2681.886693
1450.0,1948,2686.613925
1500.0,1950,2691.881291
1450.0,1960,2697.116945
350.0,341,2698.077896
1200.0,1901,2702.75258
1350.0,1957,2707.885414
1400.0,1955,2721.13332
1250.0,1963,2726.47402
1400.0,1952,2731.302514
1400.0,1951,2736.563689
1400.0,1913,2741.971913
1300.0,1955,2747.192804
1400.0,1953,2760.085415
1400.0,1967,2765.264403
950.0,2009,2770.192504
1100.0,1949,2775.626807
900.0,1427,2779.681274
1350.0,1688,2783.99651
750.0,1380,2787.222934
1450.0,1968,2792.562026
1250.0,1796,2807.060348
550.0,729,2808.709885
1350.0,1961,2814.051349
1450.0,1947,2819.549635
1500.0,1979,2824.825099
1100.0,1135,2827.445506
1300.0,1955,2832.664877
1650.0,1944,2845.205057
1300.0,1966,2850.206811
1600.0,3437,2859.534172
1400.0,1819,2864.071683
1400.0,1954,2868.936329
1400.0,1955,2873.751873
1300.0,1767,2886.357515
1450.0,1946,2891.471896
1350.0,1903,2896.519924
1950.0,3292,2904.823452
1550.0,1971,2909.758824
700.0,572,2911.170029
1000.0,1831,2915.713652
550.0,669,2925.880525
1450.0,1947,2930.618617
1250.0,1839,2935.485507
2050.0,3432,2944.182717
1500.0,1944,2948.500248
2050.0,3296,2964.322398
1450.0,1965,2969.434143
950.0,1807,2973.61097
1500.0,1922,2978.567113
1300.0,1968,2983.73596
1450.0,1944,2988.184498
850.0,1364,2991.570145
1600.0,1955,3005.633996
1350.0,1810,3010.275683
1550.0,1950,3015.535664
1550.0,1940,3020.979673
1750.0,1931,3025.985913
1350.0,1594,3030.379944
1550.0,1944,3035.081768
1350.0,1956,3046.371188
1100.0,1823,3051.796212
1550.0,1971,3056.768078
950.0,1718,3061.824002
2050.0,3284,3071.067222
2150.0,3318,3088.885941
1050.0,945,3091.194757
1650.0,2164,3097.578507
1100.0,959,3099.716576
1500.0,1983,3105.303022
1800.0,1946,3110.948522
650.0,570,3112.365559
1650.0,1941,3117.38301
1500.0,1934,3131.009694
1600.0,1952,3136.611494
1200.0,1483,3140.659743
800.0,1179,3143.65384
1500.0,1920,3148.976307
1450.0,1958,3154.249905
1700.0,1966,3159.419878
1100.0,1476,3163.281016
1600.0,1923,3177.660813
1600.0,1935,3182.910678
1400.0,1950,3188.080851
1200.0,1965,3193.511945
1050.0,1807,3198.204918
1600.0,1901,3203.28617
500.0,575,3204.714099
1500.0,1947,3219.574245
1550.0,2363,3225.238621
1500.0,1810,3230.253466
1600.0,1932,3235.172958
1200.0,1820,3240.476818
1500.0,1950,3245.621693
1500.0,1946,3257.527233
1600.0,1960,3262.280948
1450.0,1970,3267.569999
1350.0,1820,3272.834874
1250.0,1080,3275.648064
950.0,1823,3280.267346
1450.0,1952,3285.526036
1100.0,1939,3300.210513
450.0,949,3302.838926
300.0,556,3304.229871
950.0,1099,3307.059412
1500.0,1921,3311.881616
1050.0,1163,3315.134706
550.0,912,3317.197591
1150.0,1825,3322.353832
1400.0,1955,3327.712174
1350.0,1951,3332.278015
1250.0,1821,3346.129515
1250.0,1946,3351.373144
1450.0,1958,3356.6197
1400.0,1946,3361.751635
1500.0,1952,3367.103353
700.0,978,3369.58672
1450.0,1954,3374.481376
1450.0,1930,3387.495244
1450.0,1941,3392.579784
1500.0,1975,3398.125554
1600.0,1953,3403.360444
1700.0,2499,3409.347078
1450.0,1949,3414.597115
1300.0,1848,3428.524143
1450.0,1954,3433.698684
1450.0,1959,3438.69736
700.0,856,3441.05764
1100.0,1103,3443.869421
1300.0,1802,3449.115969
1300.0,1813,3453.828359
2050.0,3441,3472.473585
1400.0,1950,3477.686535
1450.0,2144,3483.3843
1500.0,1959,3488.661062
1700.0,2747,3496.22207
1000.0,1231,3499.348131
1300.0,1599,3512.409951
1500.0,1958,3517.448746
1850.0,3282,3526.191911
850.0,865,3528.735561
500.0,686,3530.429583
1100.0,1809,3535.73318
1000.0,1636,3540.278245
1500.0,1954,3545.495867
1500.0,1934,3558.499137
1500.0,1948,3563.30648
1500.0,1951,3568.828248
1500.0,1962,3574.300313
1550.0,1937,3579.758127
1250.0,1835,3584.248308
1400.0,1959,3597.555554
1150.0,965,3600.207671
1450.0,1946,3605.062948
1550.0,1943,3610.61438
1150.0,1860,3616.054071
400.0,458,3617.397567
1050.0,1813,3621.960567
1550.0,1938,3626.999247
1400.0,1893,3640.276809
1450.0,1921,3644.973215
1400.0,2116,3650.769347
1450.0,1954,3656.035665
1500.0,1961,3661.369666
950.0,1351,3665.203101
750.0,1053,3667.710736
1500.0,1956,3680.842533
1100.0,1693,3685.472878
1600.0,1943,3689.877812
1500.0,1831,3694.69127
1500.0,1955,3700.237796
1500.0,2378,3706.586045
950.0,1364,3710.33338
1500.0,1961,3724.478298
1600.0,1959,3729.487485
950.0,1822,3734.11404
1250.0,1943,3739.422685
1450.0,1935,3744.719058
1500.0,1936,3749.398614
1500.0,1947,3754.420579
1450.0,1959,3768.103242
1550.0,1977,3773.58964
1500.0,1948,3779.128874
1350.0,1955,3784.233329
1300.0,1975,3789.682289
1400.0,1926,3794.864781
1250.0,1962,3808.780712
1500.0,1969,3813.747916
1100.0,1826,3818.619981
1450.0,1955,3824.002094
450.0,589,3825.573217
1450.0,1961,3830.85675
1200.0,1197,3833.779019
1450.0,1957,3838.734943
1050.0,1826,3852.415288
1550.0,1919,3857.781163
1300.0,1835,3862.369429
1700.0,2185,3868.450464
1500.0,1721,3872.671166
1350.0,1936,3877.631151
200.0,328,3878.139267
1450.0,2096,3892.100556
850.0,1317,3895.939896
1400.0,1927,3901.398381
1050.0,1098,3904.431062
1300.0,1497,3908.358639
1500.0,1957,3913.180639
1350.0,1955,3918.471249
1450.0,1955,3931.663307
1500.0,1939,3937.212858
1350.0,1945,3942.118279
1000.0,1804,3947.125877
1500.0,1970,3952.624158
600.0,557,3954.111923
1350.0,1877,3958.807276
1250.0,1817,3963.783243
1450.0,1960,3978.864898
1450.0,1951,3983.557727
1300.0,1970,3989.119709
1600.0,1929,3994.584519
1450.0,2176,4000.399086
1300.0,2237,4006.225098
1600.0,1948,4023.381115
2500.0,3843,4034.253745
600.0,698,4035.899167
2600.0,3537,4045.450865
2350.0,3611,4054.275639
1600.0,2551,4071.963065
2600.0,3252,4080.532363
1450.0,1949,4086.079127
1900.0,3229,4094.127432
1800.0,2720,4110.253534
1300.0,1668,4114.673728
1200.0,1786,4119.257367
1450.0,1660,4123.705608
1500.0,1802,4128.839013
1600.0,1780,4133.220412
1500.0,1679,4137.444596
2000.0,2330,4151.697311
1600.0,1813,4156.077235
1200.0,1316,4159.68981
200.0,281,4160.63557
1400.0,2198,4166.711496
2500.0,3155,4174.91734
500.0,767,4176.633972
600.0,731,4178.745466
1250.0,1785,4192.85424
1250.0,1573,4196.761077
1600.0,1821,4201.964606
1600.0,2146,4207.886607
600.0,542,4209.366825
1600.0,1797,4214.02984
1450.0,1762,4218.551818
400.0,414,4219.252324
2500.0,3104,4233.867612
1400.0,1298,4237.04017
600.0,546,4238.480084
450.0,461,4239.802473
400.0,374,4240.928705
900.0,980,4243.143944
900.0,1019,4245.999065
700.0,839,4248.502392
1650.0,1683,4253.084354
1500.0,1551,4257.2215
1200.0,1014,4259.753359
2800.0,3232,4278.179009
2350.0,3427,4287.864141
900.0,946,4290.474274
950.0,1335,4293.83912
2450.0,3443,4302.609156
2500.0,3486,4319.695887
1150.0,1086,4322.60847
300.0,594,4324.135636
1250.0,1575,4328.319873
350.0,406,4329.511304
1600.0,1817,4334.281959
1500.0,1927,4339.284906
1450.0,1664,4343.283886
2150.0,2774,4365.444536
1800.0,2158,4371.144425
1400.0,1843,4375.665038
700.0,692,4377.922856
1500.0,1766,4382.337497
1300.0,1779,4386.705364
1400.0,1807,4391.839515
2800.0,3717,4416.898238
1600.0,1932,4422.159572
1500.0,1926,4427.156042
1300.0,1820,4431.944127
1500.0,1927,4437.316389
1700.0,1939,4442.594746
1100.0,1801,4460.355012
1400.0,1937,4465.415834
2700.0,4453,4477.017924
1800.0,3304,4486.473371
1400.0,1946,4491.84728
2150.0,3530,4513.219958
1550.0,1918,4518.361353
2150.0,3390,4528.003574
2300.0,3543,4537.497115
2500.0,4747,4562.053682
1750.0,1956,4567.508625
1500.0,2068,4573.114741
1850.0,1922,4577.99521
1750.0,1950,4583.204903
2300.0,3415,4602.275761
1750.0,1907,4607.123568
1550.0,1776,4612.189602
2500.0,3634,4621.90597
1650.0,1915,4626.959739
1450.0,1909,4643.01884
2350.0,3556,4652.933583
3000.0,4049,4663.725672
2800.0,4876,4689.010781
1950.0,3659,4699.076511
1500.0,1959,4703.96328
2000.0,3455,4712.992719
400.0,421,4714.228097
1950.0,2771,4734.183301
1000.0,1198,4737.777065
2800.0,3957,4748.134112
1300.0,1824,4753.293301
1400.0,3093,4761.618588
1550.0,1665,4765.337438
1750.0,2559,4787.516433
2500.0,3705,4797.25792
1900.0,3289,4805.552031
2200.0,3561,4824.371436
1750.0,2550,4831.076364
1850.0,2164,4837.07153
1450.0,1688,4841.53514
1300.0,1794,4845.982415
2000.0,2564,4852.7211
1550.0,1608,4857.072569
750.0,928,4872.351233
1050.0,835,4874.73997
2300.0,3057,4883.046822
700.0,623,4884.632281
1500.0,1795,4889.209791
2500.0,3313,4898.187223
2450.0,3089,4921.377267
1800.0,2616,4928.671049
1350.0,1675,4932.98278
2000.0,2069,4938.301358
2500.0,3502,4947.582805
2600.0,3027,4969.63997
1150.0,918,4972.236582
950.0,902,4974.735046
350.0,397,4975.81094
1600.0,1771,4979.921757
2800.0,3080,4988.204313
2600.0,3237,4996.416516
1600.0,1931,5012.3405
1400.0,1788,5016.376909
250.0,304,5017.244589
1600.0,1946,5022.435683
1450.0,2267,5028.323813
1250.0,1558,5032.481095
2800.0,3670,5041.761403
1450.0,1893,5059.040957
1650.0,1783,5063.613761
2250.0,2897,5071.83752
2600.0,3190,5080.081556
1550.0,1923,5085.442749
800.0,727,5087.23678
2700.0,3574,5105.315802
1950.0,2206,5111.067894
1300.0,1588,5115.485563
1000.0,821,5117.138755
1150.0,1333,5120.530643
800.0,902,5122.536408
850.0,663,5124.48653
500.0,622,5126.004095
550.0,459,5127.139863
650.0,476,5128.322088
1600.0,1787,5140.252093
1050.0,1160,5143.113774
2600.0,3191,5151.115402
700.0,872,5153.482169
800.0,531,5154.786189
2500.0,2907,5162.385468
2050.0,2626,5169.251156
500.0,504,5178.080212
2500.0,2906,5185.184014
1900.0,1931,5190.120016
800.0,545,5191.447579
2100.0,2501,5197.761139
400.0,669,5199.247352
1900.0,2455,5205.719223
1800.0,1809,5219.175289
1500.0,1282,5221.870202
850.0,600,5223.202586
1150.0,869,5225.454109
750.0,620,5226.851836
1200.0,1113,5229.501585
1550.0,1654,5233.535752
1550.0,1639,5237.672883
950.0,966,5240.161364
1900.0,2401,5246.413212
2500.0,2748,5262.206132
950.0,849,5264.513384
2700.0,2815,5271.577355
2050.0,2367,5277.812129
200.0,323,5278.348612
1300.0,1240,5281.789569
900.0,1070,5284.465532
450.0,405,5285.569207
1850.0,2198,5300.074751
800.0,593,5301.401085
500.0,561,5302.763649
1450.0,1134,5305.706833
1050.0,638,5307.375742
1550.0,1812,5312.34681
1700.0,1507,5316.057849
1600.0,2177,5321.366177
2700.0,3110,5328.984438
2350.0,2659,5344.512938
2700.0,3382,5353.804893
2150.0,2599,5360.108631
2800.0,3462,5368.783454
2900.0,3273,5388.311931
950.0,1382,5392.209846
1650.0,1665,5396.27431
2050.0,2922,5403.571695
2200.0,3426,5412.874919
1600.0,1928,5432.271259
2800.0,3885,5442.359027
2500.0,4092,5453.246454
1450.0,1939,5458.670465
3000.0,4244,5486.832404
2450.0,4760,5500.071867
2350.0,3529,5508.603368
2150.0,3392,5532.266102
600.0,782,5534.048882
2500.0,4177,5545.572229
2050.0,3216,5553.872723
2600.0,3461,5571.371097
700.0,962,5573.878077
900.0,1291,5577.412084
2450.0,3288,5585.915068
1550.0,1962,5590.678845
2600.0,2985,5597.959522
2400.0,3499,5618.801196
2600.0,3143,5627.291696
1350.0,1768,5631.49776
1350.0,1787,5635.926716
900.0,1112,5639.242705
1650.0,1818,5643.322389
800.0,725,5644.842556
700.0,541,5646.093653
2700.0,3126,5665.562725
1500.0,1915,5670.580304
2900.0,3408,5679.252157
1200.0,1756,5683.613863
2500.0,3001,5706.288119
2700.0,3263,5714.427979
3000.0,3453,5723.849337
1200.0,1113,5726.669064
850.0,987,5729.166788
950.0,1482,5732.946893
2600.0,3118,5755.187335
3300.0,3498,5764.491307
1700.0,1818,5769.265908
3800.0,4058,5779.954473
2600.0,3421,5804.40065
2600.0,3171,5812.583457
2350.0,2868,5819.688365
2500.0,3052,5827.783282
1600.0,1800,5832.26868
2300.0,2886,5853.787605
2800.0,2792,5860.903619
1350.0,1206,5864.02297
2700.0,3111,5872.499234
1700.0,1939,5877.945665
2500.0,3560,5897.075334
1600.0,1956,5902.249914
1100.0,1813,5906.998172
2800.0,3164,5915.594391
1600.0,1795,5920.542878
1150.0,1148,5923.096104
3000.0,3478,5942.520956
2000.0,2364,5948.239885
2700.0,4066,5958.373553
1450.0,1798,5963.119564
2500.0,3608,5988.154362
2700.0,3487,5997.446448
2250.0,2979,6004.954383
2600.0,3542,6014.229912
1600.0,1673,6030.440381
1400.0,1637,6035.008823
2300.0,2477,6041.390323
2600.0,3350,6050.748472
2500.0,3185,6059.068294
1500.0,1785,6072.074852
1400.0,1794,6076.784033
1750.0,1801,6081.208408
1050.0,933,6083.673833
2450.0,3269,6092.602461
2400.0,2524,6098.802693
1100.0,1174,6113.449429
2900.0,3003,6121.680799
2600.0,2812,6129.05847
950.0,930,6131.59951
2500.0,2983,6138.963596
2800.0,2981,6158.6151
2500.0,3806,6168.992715
2600.0,3135,6176.713785
3200.0,3195,6184.553577
1400.0,1628,6188.551678
2800.0,3382,6207.504366
550.0,407,6208.173192
1600.0,1924,6213.017836
3100.0,4375,6224.589756
1500.0,1915,6229.305897
2700.0,3353,6249.70554
2500.0,2788,6256.988723
1950.0,2252,6263.240641
2600.0,3210,6271.770715
2450.0,3401,6293.431933
2600.0,2995,6301.466227
1500.0,1800,6306.424842
3200.0,3673,6316.212868
2450.0,3382,6336.466254
950.0,1316,6340.323147
2700.0,3284,6348.829905
2100.0,2691,6355.860055
2600.0,2836,6362.929278
3000.0,3504,6382.715711
2150.0,2876,6389.8531
1300.0,1802,6394.694972
1400.0,1471,6398.321693
2050.0,2213,6404.047873
2600.0,2968,6425.976345
2500.0,2940,6433.146439
2800.0,3473,6442.255299
1550.0,1820,6447.364771
1200.0,1346,6450.601839
2800.0,2976,6472.599832
2600.0,3286,6480.737491
1200.0,1367,6484.567945
1700.0,2182,6490.513248
2350.0,3027,6498.91027
2600.0,3423,6520.011158
2900.0,3044,6528.055146
3100.0,3438,6537.166259
2900.0,3172,6545.956047
3000.0,3331,6569.626997
3000.0,2725,6576.544337
2250.0,3254,6585.222514
2250.0,2680,6592.070703
2600.0,3112,6614.172403
2900.0,2929,6622.260729
1250.0,1287,6625.332218
2900.0,3114,6633.721005
2900.0,3323,6642.620533
1950.0,2507,6662.832363
3500.0,3139,6671.571472
3400.0,3364,6679.567277
2500.0,3280,6687.134463
2600.0,3051,6709.121081
850.0,958,6711.853755
2500.0,3574,6720.983174
1700.0,1784,6725.629602
3100.0,3081,6733.702529
3100.0,3197,6757.639329
2350.0,2946,6764.968699
2800.0,3499,6774.341622
2100.0,2241,6780.601551
2600.0,3104,6798.82183
1450.0,1808,6803.280809
2600.0,3138,6811.448874
2900.0,3586,6820.419427
1450.0,1056,6823.054194
1550.0,1618,6826.943314
2400.0,3408,6847.517422
2900.0,3385,6856.116361
1800.0,1966,6860.928164
3000.0,3749,6870.628801
2100.0,2683,6888.869337
2600.0,3221,6897.162943
2800.0,3120,6904.850784
2900.0,3435,6914.120306
2700.0,3572,6938.685023
2250.0,2827,6946.007806
1850.0,1947,6951.095238
3300.0,3044,6959.03753
2800.0,3583,6984.369239
2700.0,3189,6992.535339
2500.0,3021,7000.730325
2500.0,2603,7007.083154
2100.0,2684,7023.269218
1250.0,1076,7026.172407
2500.0,2284,7031.936026
2700.0,2761,7039.485086
2450.0,3410,7047.801358
2500.0,2908,7067.924685
2350.0,3415,7076.245757
2600.0,3363,7084.609039
2500.0,3431,7093.791767
1800.0,1934,7098.88117
2600.0,3197,7116.92205
2700.0,3316,7125.295669
2700.0,3333,7134.472726
2700.0,3098,7156.10669
2800.0,3503,7164.560889
1700.0,2194,7170.712085
2450.0,3543,7180.052217
2500.0,3886,7206.070474
1950.0,2399,7212.759894
2200.0,2600,7219.303537
1400.0,1596,7223.617535
2800.0,2891,7231.293908
2400.0,3409,7255.072897
2100.0,3424,7264.539511
1400.0,1934,7269.437581
2600.0,4515,7281.723143
2900.0,3882,7308.263434
3000.0,3209,7316.678182
2350.0,3562,7325.610265
2200.0,3449,7334.532915
1500.0,1881,7350.124776
900.0,1043,7352.918451
2600.0,3444,7362.109783
2800.0,3384,7370.723994
2800.0,3453,7392.860589
1550.0,1782,7397.691612
1950.0,1777,7402.394215
3300.0,3123,7410.309765
1750.0,1791,7415.001154
1650.0,1923,7419.314648
2700.0,3161,7441.90587
1650.0,1793,7446.544927
3300.0,2920,7453.786243
1400.0,1803,7458.075373
2600.0,3074,7465.834785
2500.0,3375,7486.828288
2600.0,3283,7495.012503
2500.0,3156,7502.86067
1850.0,2125,7508.330283
2600.0,3241,7529.033163
3000.0,3032,7536.894481
2900.0,3422,7545.659513
1600.0,1440,7549.583081
1800.0,1800,7554.384626
1500.0,1806,7559.589875
900.0,820,7574.279779
2450.0,3229,7583.136445
2900.0,3170,7591.063093
2500.0,3724,7601.016809
2600.0,3083,7622.54792
500.0,422,7623.765966
2600.0,3239,7632.133546
500.0,556,7633.522904
1700.0,1919,7638.781408
800.0,669,7640.336765
1550.0,1931,7645.07942
1650.0,1775,7649.221013
2800.0,3488,7671.627394
2700.0,3393,7680.043147
1450.0,1911,7685.259202
3200.0,3362,7694.469071
2600.0,3535,7715.862504
2100.0,3762,7725.632752
2600.0,3472,7734.630688
2350.0,3386,7754.494247
1850.0,1937,7759.649489
2100.0,3280,7768.059516
1450.0,1641,7772.274721
2800.0,3767,7782.198759
2500.0,3614,7802.77583
2700.0,4047,7813.079086
2050.0,3398,7821.080073
2600.0,4499,7842.710194
2800.0,4058,7853.103709
2400.0,3474,7861.494893
2450.0,3946,7884.654222
900.0,1367,7888.375158
1100.0,1419,7891.959829
2900.0,4339,7902.801303
2000.0,3567,7912.416494
2100.0,3288,7936.558485
3000.0,3761,7946.530427
1800.0,1930,7951.888781
2000.0,2944,7959.554288
1800.0,3290,7983.658968
1150.0,1455,7987.185404
2400.0,3930,7997.84519
1600.0,1943,8002.837862
2500.0,3795,8012.554877
2400.0,3478,8031.816117
2400.0,3137,8039.817488
2800.0,3191,8048.490577
2050.0,2298,8054.683759
2600.0,3244,8071.311739
1100.0,1282,8074.342208
3300.0,3993,8085.517172
2700.0,3026,8093.561565
2700.0,3194,8111.568287
3100.0,3398,8120.724054
1750.0,1911,8125.887568
2700.0,2967,8133.466783
1250.0,1655,8137.64267
2150.0,3316,8160.272728
2700.0,3410,8169.251566
2450.0,3241,8177.708433
2400.0,3248,8185.75912
2300.0,3292,8206.25716
2400.0,3053,8214.156979
2500.0,3126,8221.872754
1700.0,1743,8227.042128
1800.0,1938,8232.356073
2500.0,3203,8253.405941
3200.0,3966,8263.095875
2500.0,3336,8272.266824
3200.0,3779,8295.127061
2500.0,2757,8302.372337
2700.0,2781,8309.813721
2700.0,3187,8318.26022
1800.0,1978,8322.929632
1500.0,2035,8339.268859
2450.0,3221,8347.298236
1900.0,2387,8353.397698
3300.0,3707,8362.471506
2900.0,4286,8389.331818
1700.0,1908,8394.254132
1800.0,2255,8399.942082
3100.0,3829,8410.261381
1900.0,2197,8415.287646
650.0,704,8429.527465
850.0,1071,8432.214445
2400.0,3297,8441.129386
2450.0,3147,8449.39082
1150.0,1482,8453.257176
2300.0,3544,8473.359096
3300.0,3484,8482.56292
2450.0,3094,8490.397036
950.0,1344,8493.618632
2600.0,2978,8501.387289
350.0,378,8502.02336
2250.0,3434,8520.499485
2700.0,3025,8527.993598
1150.0,1496,8531.358965
2700.0,3059,8538.842981
2400.0,2770,8553.803476
2300.0,3132,8561.593854
1250.0,1786,8566.408658
2300.0,3363,8574.913007
1900.0,2418,8581.29196
2100.0,1806,8597.880034
1950.0,2758,8605.775755
2350.0,2666,8612.518705
1750.0,2242,8617.869794
1600.0,2181,8623.576312
2150.0,2585,8644.634752
900.0,1021,8647.361367
2050.0,2538,8653.742874
600.0,692,8655.903331
2350.0,2900,8663.218828
2700.0,2970,8670.369961
1650.0,1802,8674.504327
1700.0,2093,8692.663414
2600.0,2791,8700.170462
1350.0,1812,8704.453405
2200.0,2391,8710.676738
2250.0,2568,8717.267263
1800.0,1919,8730.109916
1450.0,2105,8735.668426
2300.0,2743,8742.532552
2250.0,2851,8750.197322
2250.0,3023,8758.187098
800.0,825,8760.177448
2350.0,2714,8779.62213
2150.0,3058,8788.004093
2100.0,3050,8795.696445
2350.0,3122,8804.049356
2250.0,3067,8824.465332
1250.0,1764,8829.171775
2100.0,3049,8836.619677
2100.0,2815,8843.578515
2100.0,2614,8850.006452
2200.0,2453,8869.711685
2350.0,2750,8877.034842
750.0,756,8879.170349
700.0,466,8879.931634
2150.0,3101,8887.780785
2150.0,2242,8893.845767
2250.0,2368,8910.959704
2600.0,3425,8920.340279
2100.0,2354,8926.534715
3700.0,3817,8936.207884
2600.0,3045,8953.350001
950.0,846,8955.744834
1850.0,1904,8960.5471
1350.0,1694,8965.240344
1650.0,1937,8969.863242
1050.0,1485,8973.823153
2800.0,3568,8983.357909
2150.0,1933,9001.281775
2900.0,3244,9009.634202
1850.0,2301,9015.188471
2800.0,3181,9024.322402
1650.0,1793,9028.465628
2700.0,3250,9047.605402
2500.0,3043,9055.292189
1900.0,1860,9060.408838
1600.0,1792,9064.763906
2350.0,2622,9071.769375
350.0,454,9073.047899
2500.0,2665,9092.164575
2600.0,2849,9099.033893
1500.0,1969,9104.262144
600.0,554,9105.675254
1900.0,1764,9110.191224
1850.0,1920,9115.250066
1350.0,1183,9131.074285
2700.0,3271,9139.279767
2350.0,2426,9145.498521
1350.0,1314,9149.260136
1600.0,1752,9153.544413
2250.0,2929,9161.782607
1750.0,1962,9180.964297
2450.0,3284,9189.39032
2450.0,2798,9196.175519
1650.0,1834,9201.049712
2450.0,2923,9208.244657
2400.0,2421,9223.913089
1350.0,1844,9228.638808
750.0,699,9230.187243
3300.0,3077,9237.711324
2400.0,3041,9245.282116
3300.0,3263,9262.965232
1150.0,948,9265.142458
850.0,691,9267.005588
2700.0,2881,9273.458655
2450.0,2829,9280.970315
2700.0,3134,9289.145305
2600.0,3124,9304.826645
2600.0,3067,9312.305909
1100.0,1094,9314.953917
1950.0,2028,9320.05036
2100.0,2381,9325.987009
2500.0,3113,9346.040133
1400.0,1327,9349.723612
2500.0,3107,9358.053391
2600.0,3048,9366.45861
750.0,679,9368.112626
1900.0,1638,9372.289796
900.0,1029,9374.738829
2500.0,3118,9392.38208
2700.0,2904,9400.373219
2900.0,2894,9408.037875
1800.0,1945,9413.125216
1000.0,1095,9416.023751
1150.0,1206,9419.55287
3400.0,3123,9439.257286
3100.0,3404,9448.102845
2600.0,2781,9455.794887
2900.0,3184,9464.085385
1450.0,1568,9478.564996
3100.0,3369,9487.173697
1350.0,1820,9492.023099
1900.0,1943,9497.341875
2800.0,3078,9505.234965
1250.0,1303,9521.758717
2600.0,2826,9529.636622
2900.0,3130,9538.145643
3200.0,3085,9546.06824
2800.0,3371,9564.938746
1200.0,1785,9570.041807
2800.0,3457,9579.327207
2500.0,2718,9586.76855
3000.0,3119,9594.849197
3400.0,3213,9617.259636
2450.0,2918,9625.18572
600.0,789,9626.783629
850.0,704,9628.334117
1100.0,1200,9631.823015
2800.0,3020,9640.014076
2000.0,2385,9656.640336
2200.0,2576,9663.51807
2400.0,2342,9669.705191
1500.0,1790,9674.434185
550.0,631,9675.998006
1300.0,1319,9679.594404
1750.0,1919,9684.833006
2800.0,3182,9704.863475
1700.0,1943,9709.474933
1600.0,1926,9714.667521
2600.0,3325,9723.368631
500.0,508,9724.709007
3500.0,3611,9733.933876
1400.0,1810,9751.509802
1200.0,1248,9754.752791
2350.0,3403,9763.832113
1800.0,1813,9768.705376
2600.0,2867,9775.612823
2500.0,3031,9796.207231
3300.0,3561,9805.283349
2400.0,3037,9813.347231
2400.0,2947,9821.359665
2500.0,2803,9839.000844
2400.0,2770,9845.829041
1750.0,1939,9851.300634
2450.0,2692,9858.427367
2600.0,2839,9865.883313
1650.0,2037,9883.502463
2500.0,3266,9892.239375
1500.0,1820,9897.516479
2600.0,3180,9905.365391
2450.0,3452,9929.375486
2800.0,3363,9939.05803
2450.0,3166,9946.574939
3200.0,3351,9955.612354
2700.0,3104,9973.998604
250.0,423,9974.739878
3200.0,3431,9983.817875
2500.0,2898,9991.254208
3100.0,3390,10000.112371
2900.0,3436,10021.330155
2450.0,3142,10029.297847
2400.0,2760,10036.208884
3500.0,3231,10044.757856
3200.0,3405,10068.233697
2150.0,2806,10075.882977
1200.0,1629,10080.136559
2800.0,3343,10088.609976
2800.0,3021,10096.821265
2350.0,2746,10116.681642
2600.0,3164,10125.065049
1250.0,1515,10128.899289
1800.0,1875,10133.741304
2600.0,3266,10142.764508
850.0,1081,10151.963136
1750.0,2235,10157.760582
2600.0,2792,10164.610904
450.0,540,10165.940115
2450.0,3591,10175.748516
2700.0,3376,10194.88501
1250.0,1750,10199.708146
2400.0,3079,10207.868693
2450.0,2745,10215.520316
900.0,828,10217.567778
2450.0,2574,10224.766265
2450.0,2785,10243.535071
650.0,575,10244.964952
2050.0,2738,10251.87324
2700.0,2877,10259.591235
2400.0,3540,10268.679412
2250.0,2129,10287.648054
1950.0,2300,10293.524045
500.0,472,10294.698325
1250.0,936,10297.155367
1500.0,1547,10301.026501
1200.0,1758,10305.658345
1200.0,1799,10310.464072
2300.0,3464,10329.160854
2150.0,2462,10335.168896
1050.0,1519,10338.975451
1300.0,1683,10343.355506
1100.0,1502,10347.447852
700.0,446,10348.727773
250.0,273,10349.138571
2150.0,2182,10355.425768
1200.0,1660,10359.900192
1800.0,2530,10375.20797
1750.0,1973,10379.971182
200.0,363,10381.097206
2250.0,2273,10387.187377
1100.0,1290,10391.077625
1600.0,1802,10395.809892
2250.0,2404,10402.68829
2250.0,3105,10420.928585
2050.0,2298,10427.460507
2450.0,2837,10434.934179
1050.0,1023,10437.623209
850.0,911,10440.129818
2800.0,3361,10462.074141
2300.0,2640,10468.961416
2350.0,2954,10477.025275
2350.0,2704,10484.136908
2600.0,2429,10490.969222
1500.0,1774,10506.256042
2300.0,2378,10512.789541
2250.0,2812,10520.221415
1650.0,1968,10525.513401
2600.0,2667,10532.400947
2000.0,2200,10538.720304
1850.0,2416,10554.476626
800.0,793,10556.841979
2350.0,2531,10563.720515
1950.0,2036,10569.425929
2600.0,2698,10576.556943
1900.0,1996,10581.628166
2400.0,2723,10599.001626
1650.0,1794,10603.896208
2150.0,2595,10610.810966
2350.0,2534,10617.082993
2600.0,2827,10623.586399
800.0,740,10633.160344
2300.0,3232,10641.556661
1100.0,931,10644.200703
1750.0,1863,10648.958753
1200.0,1183,10651.980937
2250.0,2271,10658.036612
2200.0,2176,10663.844882
1450.0,1189,10675.754823
2350.0,2625,10682.794672
2450.0,2722,10690.339922
1150.0,1086,10693.063646
1900.0,2125,10698.586847
2500.0,2706,10705.786832
2500.0,2765,10723.073056
2050.0,2356,10729.610804
2600.0,2546,10736.364029
1450.0,1608,10740.591781
1700.0,1824,10745.796207
2200.0,2490,10757.69893
2100.0,2390,10763.828954
1100.0,942,10766.47157
2350.0,2607,10773.36452
2300.0,2218,10778.905505
2600.0,3015,10787.076406
450.0,426,10788.221914
2350.0,3106,10804.81585
2300.0,2258,10810.459626
2450.0,2469,10817.017489
1250.0,1311,10820.139447
1250.0,1800,10825.332558
2350.0,3403,10843.011614
2600.0,2434,10849.751359
2250.0,2252,10856.326335
2200.0,2755,10863.582033
1100.0,1381,10866.888778
2100.0,2200,10872.769558
2100.0,2143,10888.659791
2300.0,2747,10895.888318
2350.0,2513,10902.534572
2500.0,2584,10909.179952
2000.0,1795,10914.209047
2250.0,2869,10933.097529
2300.0,2780,10940.089708
2350.0,2590,10947.075513
2150.0,2173,10953.387491
2400.0,2415,10959.185027
2250.0,2352,10975.603395
550.0,591,10977.010527
2250.0,2433,10983.644278
2500.0,2118,10989.211274
750.0,732,10990.920345
1300.0,1668,10995.101222
1400.0,2082,11000.406578
1600.0,1811,11005.606047
1750.0,1934,11018.792119
1950.0,2471,11025.559731
1400.0,1801,11030.240957
2300.0,2030,11035.716587
2150.0,2084,11041.106036
1200.0,1300,11044.892224
600.0,514,11046.265375
700.0,554,11047.620219
1350.0,1261,11057.572824
1000.0,1245,11060.761858
850.0,1340,11064.665776
2250.0,2067,11070.427232
1550.0,1398,11074.357872
2300.0,2622,11081.291037
1600.0,2153,11086.81258
2100.0,2574,11104.210195
2100.0,2776,11111.415837
2300.0,2462,11117.910174
2350.0,2277,11123.128388
650.0,515,11124.460016
2350.0,2339,11130.643787
2150.0,2330,11146.46348
1400.0,1504,11150.524673
2200.0,2835,11157.872488
2100.0,2501,11164.282968
1450.0,1184,11167.142859
2200.0,2045,11172.745384
2150.0,2312,11188.450133
1200.0,1489,11192.201317
2250.0,2273,11198.444092
2100.0,2664,11205.459512
1300.0,1743,11209.849484
2150.0,2201,11215.603568
1400.0,1199,11227.908163
350.0,397,11228.464485
1300.0,1578,11232.376508
2050.0,2480,11238.986884
450.0,407,11240.170261
2250.0,2607,11247.106187
2250.0,2558,11254.149437
2300.0,2392,11270.878757
2000.0,2054,11276.373792
2250.0,2772,11283.323639
2300.0,2397,11289.849312
2250.0,2329,11295.491181
2300.0,1713,11299.672362
2300.0,2178,11315.511372
2150.0,1924,11320.11886
1750.0,2039,11325.461973
600.0,586,11326.956447
900.0,983,11329.698372
2250.0,2599,11336.465218
1850.0,1921,11341.478721
2450.0,2449,11359.028164
1350.0,1878,11363.657916
2300.0,2450,11370.237253
2150.0,2409,11376.638691
2100.0,2149,11382.409165
1750.0,1807,11387.048062
1250.0,1211,11401.608922
2100.0,2175,11406.969227
2100.0,2467,11413.655014
2200.0,2400,11420.029708
550.0,400,11421.162221
1100.0,1374,11425.037937
650.0,677,11426.665853
1650.0,2157,11432.258272
2250.0,2255,11446.50042
2150.0,2685,11454.087087
2100.0,2221,11459.465492
2150.0,2060,11464.423832
2100.0,2675,11470.793597
1750.0,1927,11484.46678
1650.0,1929,11489.400799
400.0,406,11490.174251
2250.0,2854,11498.263393
2150.0,2423,11504.685853
2500.0,2324,11510.806284
2000.0,2270,11516.437642
2100.0,2339,11533.021177
1400.0,1813,11537.776
750.0,691,11539.81911
1100.0,1294,11543.068439
2200.0,2272,11549.489601
2050.0,2129,11554.928118
2100.0,2297,11566.636587
2150.0,2475,11572.847823
400.0,387,11573.940602
1100.0,1646,11578.273155
1300.0,1474,11582.107501
1250.0,1627,11586.079286
1250.0,1532,11589.915453
1450.0,1801,11594.599057
2000.0,2303,11610.672386
1800.0,2540,11617.135111
2300.0,2214,11622.560525
2250.0,2481,11629.049555
1650.0,1790,11633.678733
2150.0,2437,11640.244736
2050.0,2084,11656.052469
2050.0,2925,11663.414542
2100.0,2627,11669.79396
2150.0,2671,11676.911574
1950.0,2004,11682.462123
2050.0,2529,11697.264155
300.0,460,11697.980714
1300.0,1590,11702.513298
2000.0,2310,11708.382241
2100.0,2256,11713.93851
2100.0,2748,11721.762771
2100.0,2423,11737.414783
2100.0,2393,11743.75971
2250.0,2669,11750.620338
1650.0,1952,11755.97568
2100.0,2682,11763.125997
2050.0,2400,11778.196941
1650.0,1936,11783.211823
2100.0,2707,11790.427706
2000.0,2763,11797.769064
1700.0,1604,11801.933902
2200.0,2436,11808.370174
2150.0,2317,11824.279097
1450.0,2044,11829.68421
2250.0,2334,11836.385933
1800.0,1771,11840.753045
1850.0,2910,11848.645644
1250.0,1312,11851.922601
2200.0,2743,11870.339465
2450.0,2965,11878.031045
2050.0,2161,11883.795661
2050.0,2540,11890.587302
2050.0,2464,11896.559512
2050.0,2641,11914.471584
1150.0,1682,11919.463539
2100.0,2787,11927.027931
2250.0,2368,11933.648318
250.0,433,11934.394337
2050.0,2352,11940.654916
2250.0,3323,11959.979455
1400.0,1841,11965.034423
2400.0,2842,11973.331594
2050.0,3394,11981.582829
1600.0,2105,11986.995524
2250.0,2899,12008.484675
1950.0,2606,12015.591966
2050.0,3396,12023.745784
2050.0,2697,12030.977617
600.0,950,12032.998619
2100.0,2705,12050.591253
1750.0,1907,12055.012629
1750.0,1811,12059.8048
1600.0,1974,12064.849594
2050.0,2552,12071.662827
1950.0,3028,12091.155268
1950.0,3927,12101.509316
300.0,443,12102.594759
1250.0,1350,12106.17627
1400.0,1949,12111.138166
2000.0,2367,12117.775331
1700.0,1851,12133.016912
750.0,680,12135.137769
1750.0,1862,12139.769469
2000.0,2237,12145.709528
2050.0,2214,12151.676507
1850.0,2262,12157.62828
2000.0,2106,12162.709337
1950.0,2398,12178.122332
1900.0,2185,12183.702445
2050.0,2003,12189.231071
1900.0,2209,12195.022858
1700.0,1772,12199.801757
600.0,421,12200.459206
1850.0,3069,12218.312977
1950.0,2552,12224.825789
2150.0,2140,12230.387796
1950.0,2361,12236.788839
1550.0,1900,12241.896135
2000.0,2688,12248.777783
1950.0,2744,12265.511388
1050.0,1234,12269.129087
2000.0,2305,12274.804457
1200.0,1575,12278.843262
1600.0,1824,12283.961462
2000.0,2563,12290.431686
1500.0,1818,12305.394785
2150.0,2405,12311.543243
1600.0,1834,12316.335133
2150.0,2768,12323.844946
1800.0,2123,12330.070235
1800.0,2016,12334.907457
1800.0,1831,12351.054437
1150.0,1360,12354.935125
1950.0,2800,12362.332928
1950.0,1865,12367.601535
250.0,268,12368.067644
2050.0,2100,12373.610063
2000.0,2104,12378.84157
1950.0,2022,12392.306219
2150.0,2333,12398.763257
1600.0,1620,12403.02649
1950.0,2172,12408.933462
850.0,585,12410.412487
1900.0,2042,12415.573877
1950.0,2067,12420.630071
1400.0,1903,12434.260514
1900.0,2088,12440.037415
2000.0,2182,12445.920463
1600.0,1780,12450.346427
1900.0,2080,12455.60895
2000.0,1944,12460.631116
2050.0,2194,12475.128706
400.0,549,12476.540205
1500.0,1976,12481.975743
1950.0,2301,12488.296024
2250.0,1984,12493.628939
1600.0,1909,12498.564232
2300.0,2075,12503.99375
1650.0,2125,12518.725029
1750.0,1948,12523.938292
2000.0,2909,12531.719036
1250.0,1289,12534.907704
2050.0,2070,12540.554053
1950.0,2436,12546.889776
1700.0,1695,12560.62292
2200.0,2073,12566.088368
2050.0,2366,12572.781118
1850.0,2123,12578.673775
1550.0,1537,12582.803785
1950.0,1908,12587.833123
1550.0,1761,12591.997881
1450.0,1918,12606.647392
1000.0,1483,12610.750745
1900.0,2150,12616.409854
1550.0,1800,12621.278445
1850.0,1991,12626.741167
1400.0,1261,12629.673264
1300.0,1310,12632.93524
2000.0,2036,12647.986599
1950.0,2167,12653.696944
2000.0,2520,12660.723834
1900.0,1939,12666.10199
1750.0,1967,12670.53164
1500.0,1975,12675.542802
1950.0,1839,12690.218248
1950.0,1891,12695.052946
2000.0,1981,12700.602128
2200.0,2334,12706.718494
1700.0,2099,12711.966345
1350.0,1158,12714.925222
2050.0,2180,12727.821454
2050.0,2037,12733.413462
2000.0,2548,12740.452155
2000.0,2684,12747.431445
2350.0,2509,12753.895713
1250.0,1800,12758.902746
1550.0,1947,12772.180928
2050.0,2685,12779.381124
1800.0,1985,12784.877538
2400.0,2945,12792.488294
2100.0,2509,12799.386739
2350.0,2296,12815.551836
550.0,537,12816.949046
2350.0,2494,12823.523633
2300.0,2449,12830.081861
2300.0,2406,12836.657599
1650.0,1922,12841.427732
950.0,1185,12844.960353
400.0,418,12845.63133
1450.0,1782,12861.701325
2100.0,2281,12867.749323
1750.0,1769,12872.619523
1650.0,1926,12877.407523
1900.0,2009,12882.790488
2300.0,2777,12890.122258
2400.0,2864,12910.027517
1650.0,1801,12914.91179
1650.0,1889,12919.521491
2150.0,2414,12926.068552
1900.0,1929,12931.464826
2150.0,2481,12948.777552
1600.0,1945,12953.33471
2250.0,2525,12959.739455
1400.0,1898,12965.128635
2050.0,1871,12970.000134
1400.0,1921,12975.278793
1650.0,1916,12980.29081
1850.0,2317,12998.911812
1300.0,1530,13003.121904
2000.0,2535,13010.134048
2050.0,2233,13016.56214
2000.0,2534,13022.674711
2050.0,2401,13037.208792
2200.0,2528,13044.114747
1350.0,1353,13048.009125
2250.0,2440,13054.002847
2000.0,2327,13060.439003
1050.0,1443,13064.118726
1600.0,1788,13068.565233
2100.0,2398,13086.727002
2150.0,2194,13092.648422
850.0,621,13094.17875
2200.0,2907,13102.01867
950.0,954,13104.379895
2450.0,2682,13111.024604
2300.0,2712,13128.234396
650.0,587,13129.709004
1200.0,1634,13134.097917
2250.0,2750,13141.600091
2250.0,2372,13147.419958
1900.0,2656,13154.159158
2050.0,2934,13171.63945
1000.0,990,13174.182521
2200.0,2216,13180.064237
2100.0,2699,13187.304215
2300.0,2144,13193.174351
2300.0,2709,13211.066053
2300.0,2364,13217.22456
1150.0,1385,13221.191715
2350.0,2313,13227.603836
2450.0,2609,13234.272116
1900.0,1803,13238.666101
1250.0,1612,13243.1196
2500.0,2709,13260.759557
2250.0,2325,13267.10021
1300.0,1673,13271.523218
200.0,296,13272.484653
2100.0,3041,13280.234559
1400.0,1442,13283.659647
1900.0,2354,13300.242651
2150.0,2095,13305.927689
1400.0,1459,13310.001893
2100.0,2096,13315.35487
1450.0,1762,13319.090672
2350.0,3187,13327.372549
1600.0,1947,13343.066144
1150.0,1626,13347.140252
2350.0,4071,13357.592338
450.0,437,13358.688077
2200.0,2929,13366.413504
2500.0,2735,13373.898589
2150.0,2451,13388.118962
2200.0,2748,13395.101823
1700.0,1929,13400.058668
1200.0,1398,13403.212697
2350.0,2525,13409.985019
1650.0,1789,13415.122368
2400.0,2804,13433.547574
300.0,420,13434.788755
2150.0,2301,13440.557958
1400.0,1829,13445.490601
2250.0,2050,13451.029262
500.0,515,13452.398693
2500.0,2357,13459.115123
2300.0,2435,13472.770117
2500.0,3193,13481.069173
1650.0,1960,13486.204075
1700.0,2134,13491.732931
1250.0,1789,13496.602919
2250.0,3516,13517.515957
1800.0,1915,13522.015849
2150.0,2776,13529.580646
1750.0,1928,13534.077727
2450.0,2723,13541.703413
2200.0,3576,13563.282778
1500.0,1516,13567.112606
2500.0,2787,13574.306318
2350.0,3366,13583.32055
2100.0,2916,13602.820539
2250.0,2936,13611.038087
1900.0,1939,13616.18169
2100.0,2731,13623.176311
2050.0,2549,13630.039561
2150.0,2463,13646.374716
2150.0,3107,13654.649069
2700.0,2928,13662.012116
1100.0,1349,13665.751143
1400.0,2037,13671.228431
1350.0,1790,13675.627501
2200.0,3072,13697.505514
2350.0,2624,13704.025317
1200.0,1466,13707.475354
1850.0,1951,13712.264071
2400.0,2643,13719.504955
2150.0,3232,13738.71152
1050.0,1445,13742.624829
2100.0,3166,13750.014593
2100.0,3121,13757.820563
1850.0,1945,13762.67664
2450.0,2816,13781.428391
1700.0,1932,13786.006306
650.0,676,13787.467347
2900.0,3497,13796.520033
2400.0,2620,13802.667329
2450.0,2701,13809.878738
2700.0,3121,13826.746549
1050.0,1431,13829.941111
1550.0,2156,13835.155435
1700.0,2584,13841.235389
650.0,653,13843.082939
1500.0,2067,13848.279484
1900.0,1815,13862.807187
2350.0,2560,13869.286998
1150.0,1331,13872.714527
2250.0,3043,13880.067221
2200.0,2566,13886.294897
1350.0,1782,13890.432198
1250.0,1805,13908.879312
1550.0,2131,13914.213251
2450.0,3540,13922.334261
1750.0,1820,13926.688071
2450.0,3762,13950.579357
2200.0,2898,13956.926468
2500.0,2813,13963.688956
1100.0,1804,13968.65189
1400.0,1796,13973.07866
2150.0,2740,13980.275129
1000.0,1050,13993.832159
1550.0,1935,13997.985324
2300.0,2952,14005.575797
1300.0,1665,14009.605776
1050.0,1058,14012.354421
2450.0,3211,14020.773695
2200.0,2780,14038.026769
550.0,537,14039.213744
1150.0,1423,14042.575897
1300.0,1113,14045.068227
1750.0,1906,14049.756194
1250.0,1837,14053.971725
2400.0,3748,14062.847062
2250.0,2822,14080.037326
1750.0,1928,14084.564531
1300.0,1813,14088.635055
2000.0,3311,14096.848311
1800.0,1930,14101.088839
1900.0,2222,14116.587731
2350.0,3544,14124.567861
1600.0,1919,14129.169958
1200.0,1518,14132.901434
2400.0,3037,14140.482953
1500.0,1919,14158.575616
2600.0,3319,14166.186111
1650.0,1923,14171.017997
2250.0,3121,14178.703311
2000.0,2484,14184.877802
2100.0,2607,14201.811602
2150.0,3052,14208.776855
2000.0,2704,14215.318167
2400.0,2950,14222.149922
2100.0,2712,14241.399853
1900.0,2806,14247.598841
2150.0,2753,14254.458405
1400.0,1777,14258.379455
2300.0,2828,14265.021598
1650.0,2007,14269.997767
2200.0,2935,14289.344172
350.0,366,14290.295848
1500.0,1913,14294.466118
2050.0,2797,14301.533085
1250.0,1498,14305.289503
1500.0,1924,14309.677328
3300.0,3055,14327.900451
3300.0,3126,14335.013035
2300.0,2422,14341.178736
1150.0,1308,14344.5632
1800.0,2652,14351.067973
2250.0,2381,14369.457837
2350.0,2853,14376.498335
2150.0,2867,14383.289015
1200.0,1794,14387.863571
2250.0,3213,14395.785094
2400.0,2912,14412.640861
2050.0,2513,14418.92357
2050.0,3283,14426.968021
1650.0,2095,14432.137177
2150.0,2679,14438.876686
1350.0,1353,14452.62841
2500.0,2571,14459.045431
1550.0,1553,14462.828499
2900.0,3279,14470.776438
1350.0,1883,14475.501831
2250.0,3091,14493.721665
1300.0,1677,14497.843654
2350.0,2890,14505.280561
1900.0,1810,14509.34767
2350.0,2717,14516.125206
2450.0,2668,14522.363896
2350.0,2801,14539.58621
2150.0,2934,14547.070128
1400.0,1939,14551.674966
2300.0,2796,14558.586204
3000.0,3106,14573.852684
2900.0,2814,14580.510901
2150.0,3236,14588.396655
2200.0,3049,14595.782663
1700.0,1795,14600.122281
2500.0,2921,14613.959152
750.0,644,14615.845225
2150.0,2929,14622.73367
3000.0,3815,14632.399681
2300.0,2974,14639.289571
2200.0,2824,14656.428753
450.0,410,14657.527007
1100.0,1312,14660.630273
2200.0,2290,14666.608523
1950.0,1918,14670.923216
2200.0,2714,14677.427414
2050.0,3148,14692.614379
2100.0,2722,14699.18226
2450.0,2996,14706.937413
2700.0,2492,14713.087952
2100.0,3152,14729.005719
950.0,1070,14731.638229
2400.0,2489,14737.933201
2300.0,2439,14743.628012
1600.0,1915,14748.473572
2250.0,3136,14755.783248
1750.0,1785,14770.397229
2200.0,2736,14777.153865
2200.0,2320,14782.694142
2150.0,3192,14790.739015
2600.0,2848,14797.387843
1800.0,2139,14811.306724
2200.0,2405,14817.34952
2200.0,2268,14822.783643
3100.0,2786,14829.752292
2150.0,3129,14837.316212
1200.0,1157,14847.202745
1800.0,1919,14851.897548
2700.0,3011,14859.153644
450.0,390,14860.19541
1150.0,1555,14863.801077
2600.0,3072,14871.290007
2100.0,2649,14888.955014
2500.0,2665,14895.548163
200.0,311,14896.457571
2200.0,2485,14902.492342
1650.0,1921,14907.020764
2450.0,3236,14915.465008
1450.0,1515,14919.280248
2150.0,2304,14936.204183
1900.0,2083,14941.213345
2500.0,3151,14948.843539
1450.0,1916,14953.579387
650.0,703,14955.078084
1100.0,1291,14958.508853
2350.0,2416,14972.25868
2250.0,2530,14978.333452
650.0,722,14980.217205
2350.0,2861,14986.906108
850.0,1059,14989.618699
1300.0,1521,14993.387408
2200.0,2588,14999.718463
2100.0,2806,15017.339224
2200.0,2301,15022.598746
2250.0,2542,15028.89351
450.0,711,15030.487112
2600.0,2786,15037.63755
2100.0,2749,15053.046908
1550.0,1782,15056.936934
1600.0,1822,15061.797413
2000.0,2677,15068.17543
2150.0,2942,15075.423361
1650.0,2126,15080.323745
1600.0,2382,15096.962839
2800.0,2716,15103.617363
2150.0,2499,15109.911052
2350.0,2306,15115.457266
2150.0,2524,15121.693291
2250.0,2448,15138.015301
900.0,806,15139.864728
1250.0,1295,15143.283622
2300.0,3029,15150.67914
1550.0,1798,15154.826225
1900.0,1777,15159.070994
3000.0,2839,15177.685754
2400.0,2339,15183.540963
1750.0,2491,15189.283636
2200.0,3306,15197.68214
2100.0,2691,15203.842972
950.0,1167,15215.688684
2700.0,2677,15222.73045
1850.0,2792,15230.099182
1350.0,1809,15234.383017
2600.0,2431,15240.41715
1050.0,1197,15242.834328
2500.0,2502,15261.585018
2350.0,2805,15268.906162
2450.0,2547,15275.092338
2600.0,2670,15281.692205
2450.0,2848,15288.041289
1350.0,1583,15303.285541
1650.0,1941,15308.324749
2500.0,3167,15316.273839
2450.0,2590,15321.963579
2700.0,2453,15327.753211
2600.0,2352,15341.022805
2450.0,2719,15348.272242
2500.0,2621,15354.641302
2600.0,2799,15360.534561
1600.0,2091,15365.229012
650.0,571,15366.515138
2400.0,2275,15382.590436
2050.0,1975,15387.418044
1600.0,1666,15391.454255
2250.0,2315,15396.887249
1250.0,1064,15399.261451
450.0,403,15400.258973
2000.0,2420,15405.88025
2450.0,2827,15424.83448
2200.0,2398,15430.947404
2250.0,2459,15436.685271
2450.0,2262,15441.639313
1600.0,1730,15445.520544
2250.0,2326,15451.527655
2450.0,2585,15466.103377
1250.0,1530,15469.614262
2450.0,2653,15475.533389
2250.0,2727,15481.932188
2250.0,2708,15488.32202
2050.0,2677,15505.394546
1900.0,3208,15512.921432
1650.0,1807,15517.106126
2500.0,2365,15522.678507
2400.0,2973,15530.031177
2350.0,2329,15544.247797
2500.0,2803,15551.162205
900.0,1065,15553.765964
250.0,279,15554.194087
1900.0,1947,15558.917205
2100.0,2496,15564.864641
2500.0,2508,15581.942442
2600.0,2479,15587.344599
1600.0,1913,15592.227217
2100.0,3074,15599.615673
2150.0,2229,15604.734724
2150.0,2826,15622.100801
1000.0,1425,15625.612752
2250.0,2140,15630.798842
2300.0,2406,15636.271238
2200.0,2852,15643.060737
1800.0,1499,15646.7254
2250.0,2649,15665.042979
2100.0,2040,15670.082722
950.0,804,15671.815587
2300.0,2499,15677.663116
400.0,436,15678.722489
2400.0,2473,15684.670213
1850.0,2250,15690.223799
2600.0,2868,15708.749032
2500.0,2445,15714.344746
2200.0,2013,15719.021018
2200.0,2411,15724.848589
2000.0,2155,15730.005174
1800.0,1772,15734.2254
2150.0,1969,15749.094533
2350.0,2420,15755.216702
2150.0,2771,15761.304688
2300.0,2216,15767.014189
2400.0,2562,15773.516721
2100.0,2958,15789.450672
2050.0,2655,15796.040227
2350.0,2051,15800.904348
2400.0,2636,15807.61959
1900.0,2169,15812.615256
2250.0,2417,15829.738641
2500.0,2626,15836.202534
2000.0,2789,15842.779976
2150.0,2378,15848.568091
2100.0,2419,15854.306332
2000.0,2007,15870.673025
800.0,774,15872.743524
2450.0,2570,15878.87584
1450.0,2188,15883.79853
2100.0,2301,15889.07831
1700.0,1810,15893.866035
2400.0,2441,15909.341933
1400.0,1458,15913.044174
2100.0,2288,15918.826438
2100.0,2068,15923.496874
1900.0,2307,15928.834065
2400.0,2541,15935.064599
2250.0,2310,15951.534079
750.0,604,15953.403006
2350.0,2956,15960.382203
1450.0,1797,15965.007667
2250.0,2499,15971.097971
2400.0,2438,15976.787162
2200.0,2100,15989.326246
2500.0,2429,15995.404466
2250.0,2930,16002.093903
1550.0,1974,16006.712157
2200.0,2395,16011.940468
2100.0,2319,16017.292508
2250.0,3230,16032.55524
1850.0,2082,16036.910944
2100.0,2023,16041.259737
2250.0,2989,16047.972095
1100.0,1528,16051.457464
1150.0,1387,16063.001636
1500.0,1629,16066.508863
2200.0,3138,16073.424367
2300.0,2459,16078.337434
1200.0,1331,16081.434486
2050.0,2222,16086.165033
2300.0,2592,16104.205843
2250.0,1963,16108.62972
2400.0,2358,16114.027071
2450.0,2813,16120.041061
2350.0,2322,16125.457447
2450.0,2614,16140.349773
2200.0,2934,16146.175888
2250.0,3073,16152.814821
2250.0,2440,16158.259578
2100.0,2224,16163.018572
1950.0,1954,16177.892713
2050.0,2237,16182.413156
2200.0,2198,16187.4614
1450.0,1645,16191.009372
2250.0,2182,16195.662069
2100.0,1968,16200.042963
600.0,594,16201.271699
2150.0,2985,16215.484233
2050.0,2925,16221.282938
2600.0,2890,16227.74578
2050.0,1966,16232.111777
1800.0,1788,16235.806431
1550.0,1811,16249.141453
2450.0,2298,16253.706524
2350.0,2061,16258.072427
2500.0,2521,16263.709307
2100.0,2324,16268.573598
2200.0,2779,16274.899779
2000.0,2574,16290.743763
1900.0,2124,16295.216676
950.0,881,16297.173102
1150.0,1328,16299.8235
1850.0,1945,16304.125978
2050.0,2850,16310.168941
2450.0,2626,16325.572921
2050.0,2533,16330.973401
2300.0,2704,16337.221935
2050.0,2022,16341.741618
2000.0,2094,16346.31736
2100.0,2587,16360.980449
2250.0,2501,16366.20433
1400.0,1870,16370.011448
2100.0,2281,16375.262059
2250.0,2283,16380.035188
2350.0,2620,16385.662651
1650.0,1937,16400.392511
2300.0,2438,16405.774581
2150.0,2728,16411.664758
1900.0,2013,16416.13933
2300.0,1949,16420.067912
2000.0,2495,16434.14477
2900.0,2767,16440.235601
2500.0,2460,16445.249424
4100.0,3395,16452.824628
1500.0,1441,16456.07398
1450.0,1752,16469.915704
2050.0,2358,16475.121072
2450.0,2868,16480.951535
2000.0,1946,16485.195136
2350.0,2411,16490.381736
2500.0,2850,16496.328929
900.0,864,16507.711571
1350.0,1789,16511.36717
2400.0,2383,16516.695521
850.0,1225,16519.156268
2200.0,2103,16523.654022
3000.0,3137,16530.146263
2500.0,2416,16546.909262
1050.0,1446,16550.122361
2450.0,2414,16555.457031
2250.0,2363,16560.303164
2400.0,2833,16566.651497
1850.0,1858,16570.336606
2250.0,2458,16585.044053
2450.0,2730,16590.749833
1900.0,1921,16595.05667
3100.0,3192,16601.858011
650.0,538,16602.959128
1550.0,2114,16607.523262
1750.0,1794,16621.768089
2050.0,2522,16627.29358
2250.0,2129,16631.927425
2250.0,2389,16636.900049
2150.0,2319,16642.168292
2300.0,2941,16654.738242
2250.0,2234,16659.898181
2250.0,2725,16665.520396
2200.0,2152,16669.996203
2050.0,1780,16674.114324
1900.0,2082,16678.62793
250.0,273,16678.978662
2200.0,2573,16694.978686
1150.0,1329,16698.010937
2300.0,2755,16703.827809
2350.0,2215,16708.542405
3200.0,2893,16714.968422
2900.0,2961,16732.473219
2250.0,2781,16738.283218
2350.0,2737,16744.11123
2700.0,2696,16749.830235
1200.0,1683,16753.714625
2350.0,2610,16768.035852
2400.0,3006,16774.579501
2300.0,3191,16781.295305
2450.0,2319,16786.027347
2100.0,2491,16800.82576
2500.0,2205,16805.351462
2200.0,2637,16810.815539
2100.0,2082,16815.156265
2300.0,2657,16821.066991
1550.0,1653,16824.418884
2450.0,2779,16839.079307
1950.0,2163,16843.514752
2450.0,2399,16848.597527
2250.0,2373,16853.815467
2200.0,2445,16858.688537
2000.0,2667,16871.707326
2150.0,2474,16876.729772
1850.0,1920,16880.926557
2150.0,2691,16886.582813
2350.0,2428,16891.784246
1200.0,949,16893.875182
1450.0,1771,16904.576803
650.0,903,16906.642936
1800.0,1676,16910.121841
2250.0,2087,16914.553772
2400.0,2531,16919.996596
2800.0,2790,16926.200751
1100.0,1143,16928.544258
2250.0,2286,16943.518162
2300.0,3340,16950.760123
900.0,828,16952.241749
2450.0,2676,16957.76518
2500.0,2768,16963.861452
2700.0,2767,16977.075027
2200.0,2496,16982.45611
2300.0,2342,16987.598172
1700.0,2062,16991.915603
2100.0,2616,16997.477239
