#{"t_start": 1678713344.9080822, "env_id": "Asterix-v4"}
r,l,t
3000.0,1671,8.099443
3800.0,1582,12.131579
2800.0,1388,15.085006
3300.0,1416,18.424857
3200.0,1445,21.985129
3800.0,1580,25.939909
2800.0,1275,28.753892
4100.0,1943,33.45596
3300.0,1503,43.960308
3000.0,1521,47.792915
2800.0,1408,51.349468
3900.0,1843,55.505033
3000.0,1314,58.752778
3000.0,1442,62.346087
3800.0,1663,66.179281
3700.0,1804,70.15613
2700.0,1601,80.984923
3200.0,1410,84.640184
2700.0,1422,88.469271
2800.0,1601,92.379318
3400.0,1366,95.336825
3300.0,1283,98.78926
4000.0,1604,102.80472
3000.0,1597,107.474106
2800.0,1243,111.332047
2600.0,1353,121.404228
3200.0,1288,125.107482
2900.0,1471,128.461873
2400.0,1308,131.899817
3700.0,1669,136.001181
2800.0,1334,139.682121
2900.0,1430,143.147139
2350.0,1344,147.065874
3300.0,1510,151.344139
2800.0,1303,161.156741
1600.0,946,163.61825
2700.0,1219,167.142404
3100.0,1362,170.122018
2600.0,1401,173.680995
2600.0,1288,176.688238
2700.0,1375,180.254968
1700.0,1056,183.145178
3000.0,1327,186.947577
3400.0,1433,190.329343
1500.0,935,199.394597
1450.0,738,201.100028
1500.0,884,203.669692
3200.0,1509,207.934365
3200.0,1649,212.532981
2700.0,1285,216.824506
3600.0,1765,221.612199
3100.0,1310,225.65311
3700.0,1918,230.760488
3500.0,1568,242.364449
3000.0,1367,246.431347
3000.0,1217,249.745023
3000.0,1470,254.127242
3100.0,1463,258.234511
2800.0,1263,261.61278
2700.0,1345,265.5769
3200.0,1478,270.084578
3100.0,1511,274.444688
2700.0,1604,286.230128
2250.0,1152,289.165849
3300.0,1497,293.095626
3500.0,1594,297.565465
2400.0,1376,300.892788
2050.0,1283,304.44203
2600.0,1500,308.453908
3000.0,1476,312.470044
3300.0,1503,316.831408
3100.0,1436,327.785886
2900.0,1387,331.577093
2800.0,1812,336.059713
3400.0,1408,339.641985
2500.0,1277,343.215237
2800.0,1354,346.621769
2800.0,1284,350.540804
3100.0,1347,354.098187
2600.0,1074,357.1639
2700.0,1274,367.921563
3000.0,1679,372.434485
2900.0,1421,376.44727
2700.0,1355,379.658506
3100.0,1385,383.398085
3200.0,1563,387.578688
4700.0,2092,393.305459
2800.0,1289,397.025815
2700.0,1437,400.495831
3400.0,1584,411.392584
3700.0,1598,416.264277
2900.0,1251,419.198404
2600.0,1314,422.236073
2700.0,1502,426.32101
2700.0,1123,429.475881
2800.0,1585,434.337444
1950.0,1019,436.783945
3200.0,1367,440.602211
3000.0,1686,452.318343
2450.0,1241,455.93451
3100.0,1366,458.815278
2600.0,1309,462.141577
3900.0,1674,466.123051
3800.0,1560,470.327434
3600.0,1500,474.487218
3800.0,1646,478.739369
3800.0,1802,491.189729
2600.0,1443,494.619514
3500.0,1720,499.337057
3100.0,1285,502.295585
2900.0,1550,506.301725
2500.0,1471,510.282389
1650.0,739,512.042675
3100.0,1557,516.416454
1600.0,974,519.092057
2500.0,1400,529.665783
2400.0,1664,534.18698
3300.0,1756,539.05913
2900.0,1466,542.335453
3000.0,1536,546.137455
3000.0,1582,550.319379
2600.0,1360,554.162872
2600.0,1381,558.101627
1950.0,1192,561.147688
2800.0,1300,571.793213
2500.0,1455,575.637802
2800.0,1448,579.438195
2500.0,1355,583.027578
3200.0,1638,587.377711
3800.0,1776,591.977684
3500.0,1480,596.073249
3300.0,1612,600.415642
2900.0,1201,603.377488
2800.0,1330,613.774255
2700.0,1352,617.149215
3200.0,1423,620.418113
3100.0,1412,624.274272
3900.0,1549,628.335816
2800.0,1336,632.130983
2050.0,1153,634.987404
3000.0,1741,639.426784
3300.0,1574,650.791148
3200.0,1356,654.364957
3100.0,1220,657.372301
3200.0,1645,661.60647
3000.0,1215,665.072571
3200.0,1538,669.125157
2600.0,1219,672.210013
2900.0,1446,676.237941
3600.0,1449,680.167807
2900.0,1665,691.027284
2900.0,1346,694.164759
2700.0,1401,697.940928
3000.0,1485,702.001586
3200.0,1448,705.901752
4000.0,2092,711.338356
3100.0,1353,714.692536
2700.0,1289,718.521205
2500.0,1404,722.391709
2800.0,1239,732.165878
3900.0,1694,736.304353
2600.0,1560,740.49844
2500.0,1360,744.286697
2400.0,1189,747.294203
2800.0,1424,751.115648
2600.0,1249,754.18908
2700.0,1546,758.322397
3000.0,1491,762.19664
1600.0,902,770.123292
2900.0,1536,774.126445
2900.0,1420,777.983845
2350.0,1282,781.2231
3100.0,1512,785.287103
2700.0,1485,789.201159
1500.0,847,791.133572
2600.0,1196,794.611982
2900.0,1582,798.534433
3100.0,1415,801.958863
2600.0,1338,812.396674
2500.0,1387,816.16576
3000.0,1445,820.187289
2600.0,1411,823.534669
2800.0,1479,827.494888
2500.0,1192,830.379685
2700.0,1327,834.161077
2900.0,1788,838.696962
3400.0,1715,849.331914
2700.0,1313,852.272841
3100.0,1804,857.157673
2250.0,1302,860.26847
3500.0,1514,864.156908
3000.0,1492,867.993234
3900.0,1883,873.241949
3200.0,1399,876.563197
3200.0,1546,880.685942
2700.0,1307,891.518904
3100.0,1422,895.182598
2700.0,1346,898.433406
3900.0,1948,903.692593
3400.0,1473,907.860699
3200.0,1708,912.343844
2900.0,1319,916.069069
3300.0,1493,919.790783
3200.0,1442,930.7012
3100.0,1629,934.611563
2700.0,1394,938.201196
2700.0,1634,942.3263
2450.0,1345,946.282834
3000.0,1325,949.550562
2800.0,1231,953.158796
3400.0,1437,956.715968
2900.0,1629,961.820962
3100.0,1526,973.222351
3000.0,1372,976.5646
2800.0,1549,980.715561
3200.0,1384,984.607163
2700.0,1359,987.83153
3200.0,1489,991.770149
2600.0,1424,995.664344
3700.0,1552,999.850429
3300.0,1518,1010.256598
2450.0,1358,1013.285482
2600.0,1337,1016.952924
2900.0,1529,1021.066618
2800.0,1305,1024.266373
2500.0,1139,1027.73392
3200.0,1441,1031.187107
3300.0,1508,1035.236821
3000.0,1375,1039.079474
3200.0,1583,1043.033843
3100.0,1383,1052.896884
2900.0,1374,1056.150467
2800.0,1716,1061.193682
2900.0,1381,1064.436086
3200.0,1584,1068.416955
3000.0,1441,1072.124409
3200.0,1532,1075.796811
3100.0,1377,1079.560629
1950.0,995,1081.800446
3500.0,1770,1092.694077
2800.0,1258,1095.83715
3000.0,1520,1099.821164
2800.0,1484,1103.773287
2900.0,1316,1107.464096
2900.0,1713,1111.72632
2400.0,1497,1115.726804
4100.0,1755,1120.248851
2500.0,1320,1131.379831
3200.0,1581,1135.622068
3900.0,1880,1139.985336
2700.0,1556,1144.280369
3200.0,1349,1148.049144
2700.0,1377,1151.796389
2450.0,1779,1156.351027
2600.0,1427,1160.368022
2900.0,1439,1170.597255
2600.0,1642,1174.824222
4000.0,1952,1180.145726
3200.0,1388,1183.45786
3000.0,1381,1187.279304
2900.0,1402,1191.094743
3400.0,1263,1194.172851
2600.0,1372,1197.993383
2800.0,1435,1201.43737
2450.0,1243,1212.492005
3200.0,1523,1216.522515
3400.0,1680,1220.899309
2700.0,1261,1224.026631
3000.0,1314,1227.79063
2600.0,1210,1230.925131
2150.0,1071,1233.791835
3300.0,1623,1238.015129
2900.0,1272,1241.670348
3100.0,1535,1253.26487
1700.0,933,1255.886416
2100.0,1115,1258.943191
2900.0,1376,1262.445309
2700.0,1725,1267.280427
2800.0,1795,1271.881574
2900.0,1420,1275.754138
3300.0,1458,1279.790891
3000.0,1442,1283.3208
2700.0,1278,1292.804166
3200.0,1510,1297.05184
2700.0,1429,1300.611967
2500.0,1290,1304.639561
2450.0,1128,1307.796085
3300.0,1587,1312.131139
3500.0,1490,1316.196735
3000.0,1365,1320.141872
3000.0,1490,1323.917851
2600.0,1299,1334.313953
2800.0,1479,1338.399154
5400.0,1931,1343.529152
3800.0,1683,1348.411831
2700.0,1394,1351.725994
2800.0,1277,1355.354916
3000.0,1540,1359.390074
3600.0,1459,1363.171427
2800.0,1356,1366.152677
3200.0,1536,1376.185715
2800.0,1413,1379.938678
3800.0,1811,1384.347123
2700.0,1266,1387.883899
3000.0,1561,1391.85738
2900.0,1617,1395.871564
3200.0,1537,1399.747218
3300.0,1476,1403.444397
2100.0,1094,1412.069844
3400.0,1491,1415.873236
2900.0,1300,1418.804373
3100.0,1495,1422.91715
3200.0,1500,1426.946107
2800.0,1421,1430.702518
3100.0,1451,1434.481272
3800.0,1413,1437.80257
3100.0,1333,1441.566719
2600.0,1420,1451.769739
3500.0,1608,1455.908564
2600.0,1214,1459.051142
3600.0,1438,1463.074182
2600.0,1398,1466.49819
3100.0,1255,1470.115532
3200.0,1483,1474.073458
3600.0,1565,1478.287401
2900.0,1379,1481.532887
2700.0,1332,1491.981685
3000.0,1360,1495.878287
2500.0,1316,1499.436296
2800.0,1331,1503.280214
2400.0,1261,1506.298868
2700.0,1179,1509.354071
2450.0,1603,1513.466897
3100.0,1446,1517.378487
2600.0,1859,1522.754126
2700.0,1225,1532.592948
3500.0,1662,1536.82651
2500.0,1577,1540.759977
2900.0,1400,1544.637044
2700.0,1266,1547.825655
2900.0,1518,1552.110293
2700.0,1621,1556.506698
2700.0,1284,1559.929065
3600.0,1545,1563.647209
2800.0,1471,1574.492576
1300.0,627,1575.961642
2700.0,1325,1579.266694
2450.0,1470,1583.281373
2700.0,1472,1587.157899
3200.0,1624,1591.370226
2700.0,1363,1595.136242
2700.0,1251,1598.204955
1850.0,1175,1601.519561
3300.0,1468,1611.42781
3000.0,1389,1615.225219
2500.0,1299,1619.055716
3200.0,1425,1622.580185
3000.0,1530,1626.688843
2700.0,1365,1630.501177
2700.0,1363,1633.787894
2800.0,1398,1637.794884
4100.0,1646,1642.178476
2600.0,1355,1652.167647
3700.0,1733,1656.633327
3400.0,1652,1660.983839
2800.0,1211,1664.51204
3400.0,1525,1668.779
3400.0,1838,1673.457078
2900.0,1328,1677.134386
3100.0,1431,1680.89663
3000.0,1774,1691.712108
2350.0,1237,1694.85407
2900.0,1384,1698.667722
2600.0,1364,1702.526065
2600.0,1413,1705.748825
1500.0,952,1708.267706
1600.0,834,1710.588338
3200.0,1544,1714.644248
2400.0,1255,1717.697016
3100.0,1772,1722.487721
2700.0,1477,1732.645476
2500.0,1251,1736.106545
3100.0,1428,1739.926994
3300.0,1659,1744.256638
3100.0,1523,1748.428712
3000.0,1394,1751.783641
2900.0,1411,1755.671944
3500.0,1479,1759.593066
2800.0,1369,1763.319567
2900.0,1555,1773.250564
2600.0,1371,1776.63287
3800.0,2000,1782.042221
3000.0,1560,1786.09903
2500.0,1263,1789.095928
2700.0,1355,1792.833233
3500.0,1546,1796.934481
3500.0,1445,1800.911968
1400.0,770,1802.62252
2700.0,1456,1813.352904
2600.0,1715,1817.817494
2600.0,1243,1821.287425
2150.0,1098,1824.07433
3900.0,1932,1829.258866
2400.0,1419,1832.699013
2600.0,1199,1836.29495
2500.0,1237,1839.377915
1950.0,891,1841.754345
3000.0,1465,1852.348856
2800.0,1254,1855.469022
3300.0,1415,1859.304694
2700.0,1291,1862.58823
2500.0,1332,1866.373966
2700.0,1240,1869.51163
2600.0,1339,1873.344866
2600.0,1264,1876.543739
2450.0,1205,1880.113027
3200.0,1420,1883.56084
2500.0,1186,1893.36996
2600.0,1371,1896.683328
2600.0,1278,1900.387936
2800.0,1455,1903.815103
2500.0,1203,1907.551658
3300.0,1415,1911.005507
2400.0,1502,1915.240605
2150.0,1034,1918.05065
3100.0,1427,1921.74163
3000.0,1378,1931.290841
2800.0,1425,1934.697595
2400.0,1188,1938.328795
2150.0,1056,1941.146265
3100.0,1222,1944.303612
2600.0,1271,1948.165097
2400.0,1443,1951.674093
3200.0,1310,1955.302027
2900.0,1269,1958.388943
2450.0,1417,1962.108938
2700.0,1205,1971.311897
2250.0,1476,1975.241081
1900.0,994,1977.885016
3200.0,1681,1982.238549
2800.0,1517,1986.312895
2450.0,1471,1990.329827
3000.0,1266,1993.511114
2500.0,1209,1997.118541
3300.0,1440,2000.733463
1800.0,1036,2003.337947
3900.0,1716,2013.561035
3300.0,1426,2017.154295
2300.0,1382,2020.401026
2500.0,1426,2024.317491
2800.0,1376,2028.068319
2100.0,1210,2031.283263
3900.0,1641,2035.768304
2500.0,1510,2039.928248
3000.0,1840,2051.551283
2900.0,1443,2055.474041
2450.0,1446,2059.361958
2600.0,1429,2063.204327
4300.0,1802,2067.624999
1950.0,1124,2070.371752
2600.0,1274,2073.98994
3300.0,1601,2078.231299
2700.0,1330,2081.185996
2800.0,1522,2091.621831
2600.0,1245,2095.316706
3100.0,1272,2098.637219
2350.0,1364,2102.515824
3200.0,1615,2106.968503
3000.0,1474,2111.153896
2900.0,1409,2114.7476
3400.0,1601,2119.634723
2700.0,1378,2122.892538
2500.0,1499,2133.952248
4500.0,1858,2138.951215
2800.0,1426,2142.376438
1750.0,856,2144.823004
3100.0,1680,2149.516889
3200.0,1334,2153.418379
2700.0,1284,2156.614748
2450.0,1387,2160.803746
2900.0,1459,2164.674486
2700.0,1502,2176.074723
3800.0,1560,2180.236435
3000.0,1302,2183.435699
3100.0,1744,2187.766445
2800.0,1236,2191.518575
2700.0,1320,2194.81705
2900.0,1246,2198.42603
2400.0,1201,2201.284324
3200.0,1551,2205.348897
3400.0,1665,2215.911097
2900.0,1198,2219.375164
3000.0,1502,2222.909683
4300.0,1824,2227.875357
3200.0,1819,2232.463106
2600.0,1182,2235.929665
2900.0,1582,2240.221011
2500.0,1328,2243.309693
3000.0,1464,2253.83742
3100.0,1400,2257.727735
2500.0,1710,2262.190381
3200.0,1595,2266.442452
2450.0,1350,2270.199324
2600.0,1397,2273.572893
3600.0,1578,2278.212549
2700.0,1619,2282.351476
3000.0,1781,2286.468585
3200.0,1453,2297.45831
3000.0,1332,2300.614625
2900.0,1581,2304.81348
2450.0,1545,2308.867472
2600.0,1504,2312.77765
2900.0,1434,2316.629225
2600.0,1560,2320.395464
2800.0,1710,2324.385952
3000.0,1508,2335.380803
3100.0,1506,2339.408334
3000.0,1375,2343.17369
2600.0,1422,2347.105481
2600.0,1319,2350.301301
2900.0,1354,2353.93769
3000.0,1524,2357.862684
2700.0,1488,2361.129071
2900.0,1468,2364.983967
1900.0,1138,2374.523931
4500.0,2067,2379.866281
2700.0,1283,2383.52328
2600.0,1428,2387.493902
3300.0,1359,2390.754119
2600.0,1263,2394.325864
2800.0,1326,2397.680137
2600.0,1247,2401.039883
2600.0,1268,2403.905166
1750.0,964,2414.314573
2600.0,1237,2417.728554
2600.0,1271,2421.481055
2600.0,1453,2424.935856
4000.0,1607,2429.901669
3000.0,1420,2433.272921
2900.0,1472,2437.152231
2700.0,1392,2440.773233
2600.0,1268,2443.789165
2900.0,1373,2455.371323
2500.0,1338,2458.599073
2300.0,1081,2461.306361
2450.0,1283,2464.811295
2800.0,1722,2469.439036
2800.0,1458,2473.588423
2800.0,1267,2476.863048
4100.0,1902,2481.866782
3800.0,1629,2486.083821
2900.0,1254,2496.472288
4500.0,1900,2500.949647
2600.0,1390,2504.795391
2800.0,1321,2508.572847
1350.0,769,2510.332037
3400.0,1451,2514.330421
3200.0,1389,2517.705789
2500.0,1629,2522.128701
2700.0,1525,2526.082964
2800.0,1273,2536.131608
2500.0,1402,2540.011402
2600.0,1330,2543.272527
3100.0,1457,2547.305686
2800.0,1431,2551.282978
2700.0,1418,2555.216487
2450.0,1426,2558.42041
3900.0,1638,2563.260428
950.0,594,2564.808872
3200.0,1547,2568.839592
2500.0,1262,2578.08804
2700.0,1266,2581.105061
3600.0,1485,2585.002592
2900.0,1398,2588.720056
2500.0,1170,2591.611782
2900.0,1579,2595.914245
2500.0,1317,2599.42299
3600.0,1513,2603.001121
2600.0,1416,2606.295595
2600.0,1243,2616.950543
3200.0,1366,2620.335437
2600.0,1337,2624.034957
2700.0,1272,2627.036849
2800.0,1306,2630.873946
2600.0,1222,2633.936424
3000.0,1497,2637.861756
1300.0,663,2639.402752
3700.0,1418,2643.275828
2900.0,1442,2647.251336
2800.0,1269,2657.67669
1900.0,956,2660.255714
3300.0,1506,2664.248121
3800.0,1558,2668.189001
2800.0,1323,2671.82653
3600.0,1561,2675.689134
3100.0,1478,2678.924391
3100.0,1377,2682.495336
3100.0,1245,2685.496997
3300.0,1440,2696.504673
3100.0,1391,2700.409245
2700.0,1146,2703.366206
3400.0,1390,2707.204287
2800.0,1411,2710.486658
2900.0,1308,2714.216982
2500.0,1404,2717.916054
2600.0,1324,2720.817357
2700.0,1396,2724.450044
1950.0,985,2727.216514
2600.0,1404,2737.103299
4000.0,1944,2742.261
3000.0,1598,2746.455061
3000.0,1494,2750.451327
3000.0,1359,2754.326235
3500.0,1731,2758.652096
2500.0,1413,2762.507392
3700.0,1824,2767.184399
3200.0,1508,2777.834873
3900.0,1678,2782.687578
2600.0,1626,2786.750644
2600.0,1247,2789.750093
3500.0,1548,2793.828201
2900.0,1289,2796.918076
2700.0,1749,2801.574975
3300.0,1625,2805.780442
3200.0,1714,2816.58727
3400.0,1475,2820.592586
2600.0,1176,2823.638235
3200.0,1409,2827.46371
3200.0,1700,2831.815368
3300.0,1504,2835.703694
3400.0,1379,2839.373572
2600.0,1347,2842.507754
2700.0,1380,2846.307365
2250.0,1129,2855.001595
3200.0,1323,2858.830491
3600.0,1634,2863.225764
3000.0,1408,2867.023032
2700.0,1471,2870.463129
2900.0,1610,2875.062033
2800.0,1332,2877.969597
3000.0,1430,2881.859956
3000.0,1603,2886.139268
2800.0,1526,2897.305782
4000.0,1460,2901.371689
2800.0,1260,2904.636441
2500.0,1449,2908.617255
3800.0,1857,2913.232876
3000.0,1350,2916.83056
2600.0,1312,2920.078939
2500.0,1515,2924.055266
3200.0,1537,2935.068317
3200.0,1462,2938.710936
2500.0,1453,2942.49561
2900.0,1302,2946.183868
3000.0,1158,2949.110168
3100.0,1398,2952.544633
3000.0,1372,2955.923793
1900.0,1026,2958.309582
4500.0,1751,2962.563083
2450.0,1249,2966.178348
2900.0,1407,2977.155517
3900.0,1541,2981.288964
4100.0,1634,2985.558434
2500.0,1501,2989.420864
2900.0,1700,2993.583192
2600.0,1499,2997.405485
2600.0,1460,3001.255196
2800.0,1492,3004.733704
3300.0,1521,3015.682761
3000.0,1347,3019.486315
3000.0,1377,3023.33551
3100.0,1624,3027.412699
2500.0,1348,3030.362869
2600.0,1509,3034.174025
2800.0,1449,3037.957807
3100.0,1405,3041.754134
1250.0,662,3043.337354
3200.0,1425,3054.753648
3300.0,1442,3058.112606
4200.0,1658,3062.255869
2000.0,984,3064.766151
2600.0,1297,3068.38797
1750.0,1075,3071.145679
2600.0,1329,3074.309171
2600.0,1450,3078.014048
4000.0,1760,3082.905127
2700.0,1803,3094.445502
2500.0,1137,3097.36823
3300.0,1642,3101.333709
2700.0,1505,3105.345613
2500.0,1388,3109.167727
3500.0,1441,3112.772424
3400.0,1485,3116.491725
4000.0,1568,3120.565566
2600.0,1334,3123.981391
2700.0,1450,3134.85926
3000.0,1335,3138.426162
3200.0,1498,3141.620708
2700.0,1243,3145.190618
3200.0,1509,3149.386181
3100.0,1524,3153.383037
4700.0,1618,3157.637068
3100.0,1286,3160.74512
3400.0,1694,3165.67562
3000.0,1595,3176.939491
2900.0,1279,3180.021028
2900.0,1529,3184.080587
3400.0,1775,3188.685199
2900.0,1700,3193.461137
2700.0,1720,3197.93223
3800.0,1388,3201.945067
1250.0,733,3203.749544
3000.0,1692,3215.667704
3000.0,1393,3219.18851
3100.0,1542,3223.029224
4100.0,1641,3227.178667
2800.0,1421,3231.016498
2600.0,1195,3234.005143
3300.0,1572,3238.132906
4400.0,1705,3242.634623
1700.0,972,3245.337899
2600.0,1338,3256.912986
3200.0,1452,3260.905592
3200.0,1430,3264.444761
2700.0,1283,3268.135921
3200.0,1382,3271.639353
1250.0,670,3273.085951
2800.0,1355,3276.109228
2300.0,1120,3279.482167
2600.0,1275,3282.606447
2400.0,1331,3286.394757
3200.0,1634,3297.552957
3900.0,1652,3302.06734
4400.0,1899,3307.312721
2900.0,1467,3310.660621
2700.0,1174,3314.041842
3100.0,1306,3317.145549
3700.0,1738,3321.98371
2700.0,1451,3325.462537
3200.0,1450,3335.710484
3300.0,1449,3339.616934
3200.0,1402,3343.432375
2600.0,1379,3346.698165
2800.0,1234,3350.051557
2900.0,1584,3354.003052
2900.0,1571,3358.160121
2700.0,1388,3361.576238
2600.0,1530,3365.642736
2600.0,1366,3376.032093
2800.0,1281,3379.216328
2800.0,1332,3383.186722
2600.0,1400,3387.140352
2900.0,1374,3390.212708
3000.0,1354,3393.75401
3100.0,1509,3397.706979
3300.0,1406,3401.608829
3200.0,1449,3405.052371
3200.0,1397,3415.385148
3000.0,1461,3419.294323
3400.0,1412,3423.173017
3300.0,1532,3427.369697
3400.0,1630,3431.355188
3100.0,1514,3435.291055
2900.0,1408,3438.55279
2600.0,1385,3442.311713
2600.0,1147,3445.208405
2500.0,1148,3454.305667
2800.0,1523,3458.361366
2900.0,1552,3462.466298
3000.0,1506,3466.42698
2900.0,1529,3470.297072
1600.0,755,3472.449647
3000.0,1259,3475.870036
1500.0,752,3477.755922
2700.0,1493,3482.06596
2600.0,1435,3485.828024
2900.0,1501,3495.999702
3300.0,1322,3499.139925
2500.0,1577,3503.309714
2500.0,1279,3506.967017
2700.0,1204,3509.780021
3400.0,1470,3513.474319
2600.0,1288,3517.195309
3200.0,1384,3520.521562
3500.0,1525,3524.35115
2400.0,1188,3534.111192
3100.0,1249,3537.659354
2700.0,1355,3540.832037
3400.0,1418,3544.78575
3000.0,1536,3548.668476
2700.0,1379,3552.283562
2800.0,1370,3555.433078
2800.0,1370,3559.319799
2900.0,1519,3563.259656
3400.0,1548,3574.03524
2900.0,1615,3578.231596
2450.0,1292,3581.857531
2800.0,1386,3585.130761
2700.0,1418,3588.763919
2900.0,1448,3592.685802
3000.0,1460,3596.628323
2800.0,1252,3599.866028
3000.0,1659,3604.231887
3500.0,1481,3615.510763
3300.0,1619,3619.888126
3200.0,1444,3623.86423
2500.0,1326,3626.978379
2700.0,1196,3630.280551
2900.0,1426,3634.139235
2800.0,1346,3637.292712
3300.0,1395,3641.177078
3200.0,1716,3645.460093
2600.0,1090,3654.723071
2600.0,1351,3658.566842
2900.0,1489,3662.478425
2900.0,1387,3665.650896
3300.0,1411,3669.303514
3400.0,1719,3674.031285
2500.0,1244,3677.903237
3800.0,1621,3682.218858
3600.0,1787,3686.330935
3000.0,1508,3697.63472
3400.0,1461,3701.629413
3500.0,1834,3705.985274
3100.0,1511,3709.998026
2700.0,1535,3714.115942
3100.0,1496,3718.143325
2900.0,1416,3722.037366
3200.0,1423,3725.62537
3400.0,1438,3736.110918
3500.0,1575,3740.284819
2800.0,1353,3743.78956
3700.0,1625,3747.687877
2600.0,1241,3751.349962
2350.0,1188,3754.642181
3000.0,1312,3757.988274
2350.0,1245,3761.704184
3300.0,1569,3765.656736
2900.0,1451,3775.930102
1700.0,939,3778.038172
3300.0,1474,3781.828115
5200.0,1841,3786.681342
3600.0,1678,3790.859462
3300.0,1639,3795.217788
3000.0,1460,3799.389585
2600.0,1374,3803.104769
3300.0,1420,3806.272865
2600.0,1295,3816.403862
2700.0,1223,3819.385038
2800.0,1384,3822.876855
3000.0,1538,3826.693431
2600.0,1431,3830.566653
3300.0,1446,3834.059463
3000.0,1443,3837.993229
3100.0,1441,3841.679623
3200.0,1429,3845.276243
2800.0,1412,3855.543497
3000.0,1385,3859.217915
3000.0,1624,3863.239585
3100.0,1525,3867.252734
3300.0,1784,3871.696521
3000.0,1477,3875.747467
2800.0,1294,3879.472003
2100.0,1174,3882.219417
2700.0,1117,3884.936218
2050.0,1204,3895.268977
2700.0,1471,3899.174392
2400.0,1344,3902.669126
2250.0,1291,3905.782055
3200.0,1466,3909.773909
2700.0,1418,3913.635543
2700.0,1305,3917.217482
3000.0,1547,3920.555633
2900.0,1466,3924.299591
3500.0,1624,3935.165828
2900.0,1477,3938.818682
3100.0,1569,3942.693542
3000.0,1302,3946.329918
3500.0,1397,3950.22523
4100.0,2125,3955.760275
2900.0,1309,3958.761002
3800.0,1760,3963.274939
650.0,458,3963.937973
2900.0,1326,3974.982119
2900.0,1505,3978.721263
3000.0,1391,3982.469375
2700.0,1378,3985.806709
3900.0,1683,3990.206812
3400.0,1488,3994.223902
3300.0,1424,3998.045758
2900.0,1548,4002.05979
3200.0,1300,4012.402794
3100.0,1718,4016.695168
2800.0,1602,4020.701861
3200.0,1444,4024.578557
3600.0,1856,4029.326488
2700.0,1365,4033.088487
2800.0,1333,4036.263444
2900.0,1715,4040.846629
2600.0,1259,4043.631338
2400.0,1285,4054.107262
2700.0,1349,4057.139303
3200.0,1332,4060.767124
3200.0,1377,4064.153668
2500.0,1271,4067.811998
2600.0,1242,4070.848102
2700.0,1242,4074.444081
3300.0,1617,4078.31316
3100.0,1626,4082.201038
2800.0,1522,4093.591563
2700.0,1393,4096.909838
2700.0,1304,4100.604203
2700.0,1291,4103.795542
3200.0,1604,4107.950642
2900.0,1384,4111.818346
2600.0,1448,4115.675682
3300.0,1524,4119.464761
3100.0,1638,4123.482678
4700.0,2028,4135.444141
2600.0,1186,4138.370612
2450.0,1312,4142.029495
2600.0,1206,4145.11463
3100.0,1382,4148.954873
2900.0,1578,4153.012245
3600.0,1436,4156.619883
2700.0,1281,4159.568039
2800.0,1582,4171.129009
2500.0,1235,4174.336018
2900.0,1555,4178.436086
4300.0,1817,4183.525562
2800.0,1216,4186.672506
3200.0,1391,4190.460779
3000.0,1539,4194.446851
2000.0,1201,4197.339653
3000.0,1345,4201.049086
2700.0,1313,4211.297206
2450.0,1493,4215.032984
2500.0,1255,4218.676639
3100.0,1393,4222.061916
1900.0,1243,4225.607872
2450.0,1371,4228.975842
3000.0,1534,4232.948726
3000.0,1484,4236.608397
3900.0,1738,4240.782768
3000.0,1246,4251.013973
2900.0,1367,4254.069713
2500.0,1330,4257.552468
2900.0,1406,4261.333109
3400.0,1291,4264.491203
2700.0,1549,4268.675876
2900.0,1403,4272.323352
3300.0,1865,4276.611661
3200.0,1371,4280.165912
3000.0,1520,4291.835965
2450.0,1150,4294.537954
2200.0,1196,4298.044919
2800.0,1392,4301.352727
3600.0,1627,4305.591983
2700.0,1336,4309.343485
2500.0,1124,4312.108406
2500.0,1474,4315.856842
2800.0,1245,4318.861581
3700.0,1815,4331.256288
2800.0,1276,4334.221082
3900.0,1683,4339.175766
2600.0,1187,4342.187039
3100.0,1218,4345.25866
3300.0,1472,4349.133019
2800.0,1498,4352.752229
4400.0,1589,4356.524527
2400.0,1046,4359.348307
3000.0,1516,4369.666596
3100.0,1461,4373.421048
3200.0,1426,4377.291475
1150.0,672,4378.993617
3100.0,1539,4383.076429
1800.0,880,4385.113227
3600.0,1539,4389.238912
3000.0,1501,4393.287727
2600.0,1302,4396.757468
3400.0,1381,4400.050873
3200.0,1712,4410.967237
2700.0,1407,4414.292652
3100.0,1339,4418.124159
2900.0,1541,4422.143922
2600.0,1380,4425.982615
2800.0,1524,4430.031151
2500.0,1185,4432.96537
2900.0,1387,4436.532387
2600.0,1222,4439.669345
3100.0,1650,4450.622504
2700.0,1208,4453.631807
2900.0,1216,4457.192514
3100.0,1647,4461.610122
2800.0,1348,4465.572617
2600.0,1501,4468.994556
2700.0,1337,4472.471891
3000.0,1366,4476.010362
3200.0,1397,4479.226115
2800.0,1356,4489.67116
2600.0,1297,4492.573601
3000.0,1419,4496.409703
2700.0,1308,4500.197746
2250.0,1309,4503.498287
3900.0,1589,4507.958946
3500.0,1423,4511.730571
2900.0,1290,4514.740622
3500.0,1699,4519.381356
3700.0,1460,4529.791337
3200.0,1610,4534.19008
2450.0,1238,4537.231597
2800.0,1406,4541.111574
3000.0,1388,4544.644542
2700.0,1370,4548.626616
2500.0,1308,4552.2881
2350.0,1314,4555.39826
2450.0,1118,4558.339367
3100.0,1429,4568.844727
2900.0,1130,4571.567636
2600.0,1361,4575.167182
4200.0,1684,4579.589369
2900.0,1312,4582.836164
2900.0,1319,4586.571243
2900.0,1243,4589.582686
2600.0,1424,4593.341164
2500.0,1313,4596.803816
2900.0,1399,4600.140003
3900.0,1924,4611.66265
3500.0,1470,4615.480299
2400.0,1440,4619.5055
2900.0,1346,4622.953125
3200.0,1515,4627.209354
3500.0,1554,4631.29496
2800.0,1414,4635.27614
3000.0,1538,4639.345666
3100.0,1453,4649.749202
2800.0,1484,4652.937936
3100.0,1525,4657.16452
2400.0,1332,4660.979622
3100.0,1629,4665.251691
3100.0,1435,4669.202211
3700.0,1435,4672.957571
3100.0,1356,4676.062228
2800.0,1409,4679.795588
3000.0,1181,4690.274718
2000.0,887,4692.839661
2800.0,1131,4695.82796
3000.0,1281,4699.590115
3000.0,1354,4702.939518
2900.0,1308,4706.850262
2700.0,1258,4709.810684
3000.0,1429,4713.517195
1000.0,559,4714.914761
2250.0,1254,4718.120899
3000.0,1348,4721.96509
3000.0,1451,4732.475831
3000.0,1504,4736.646212
2350.0,1330,4739.899022
2700.0,1187,4742.808686
2900.0,1406,4747.04667
2600.0,1350,4750.858785
2900.0,1413,4754.131184
3200.0,1638,4759.041526
3000.0,1490,4762.54342
3000.0,1279,4773.262684
3700.0,1681,4777.456577
2600.0,1409,4781.292835
3000.0,1274,4784.389716
2800.0,1336,4787.900142
2500.0,1385,4791.438205
3000.0,1376,4794.748714
2250.0,1290,4798.488005
3200.0,1356,4801.957186
3400.0,1657,4813.912302
2700.0,1524,4817.875747
2600.0,1286,4821.612114
3000.0,1304,4824.675054
4100.0,1525,4828.412131
3100.0,1477,4832.441531
3600.0,1568,4836.732582
2500.0,1148,4839.799954
3100.0,1354,4843.604379
3500.0,1412,4854.41532
2700.0,1108,4857.351455
3200.0,1495,4861.386814
3700.0,1533,4865.227296
3000.0,1384,4868.289381
3100.0,1348,4872.004188
2700.0,1273,4875.349127
4900.0,1853,4880.502358
2600.0,1436,4884.229563
3200.0,1212,4894.194362
2450.0,1280,4897.324695
2600.0,1403,4901.192106
4100.0,1693,4905.453811
2900.0,1416,4909.30938
3700.0,1418,4913.454617
1600.0,1038,4916.495794
3200.0,1434,4920.535482
2450.0,1468,4924.291631
3100.0,1642,4934.989833
3200.0,1692,4939.182209
3600.0,1547,4943.126518
4000.0,1616,4947.175217
3300.0,1518,4951.107192
2500.0,1242,4954.228391
3200.0,1288,4957.645896
3000.0,1416,4961.365142
2500.0,1224,4970.600402
2900.0,1449,4974.541442
3100.0,1385,4977.977865
2600.0,1287,4981.577453
2800.0,1647,4985.659708
3000.0,1425,4989.767884
3000.0,1466,4994.06418
3600.0,1355,4997.355253
3500.0,1477,5001.21277
2700.0,1324,5012.902345
2800.0,1341,5016.2413
3100.0,1491,5020.1009
3900.0,2047,5025.374989
2600.0,1392,5029.34435
3000.0,1498,5033.440482
2600.0,1261,5036.561083
1850.0,1022,5039.299074
3000.0,1456,5043.163637
4300.0,1640,5054.042114
3100.0,1433,5057.887369
2900.0,1767,5062.241387
2900.0,1613,5066.413395
2900.0,1317,5070.180949
2600.0,1512,5074.248853
3100.0,1663,5078.728749
3400.0,1626,5082.972046
2800.0,1487,5093.708903
2700.0,1535,5097.476027
2600.0,1287,5100.368762
3400.0,1627,5104.551621
3100.0,1474,5108.474332
1250.0,701,5110.58768
2350.0,1262,5113.724105
3200.0,1533,5118.001551
2900.0,1380,5121.685374
4100.0,1641,5132.775785
3300.0,1298,5135.691669
3000.0,1232,5139.036989
3000.0,1554,5143.208622
3300.0,1634,5147.284871
2600.0,1236,5150.461484
2450.0,1205,5154.149324
2600.0,1300,5157.355071
2700.0,1347,5160.852352
2900.0,1607,5164.819977
3100.0,1801,5175.481877
2900.0,1432,5179.259547
3300.0,1614,5183.604655
3100.0,1664,5187.896409
3900.0,1476,5191.861317
2600.0,1299,5195.556603
2800.0,1359,5198.84311
3200.0,1473,5202.777868
2900.0,1415,5213.664541
3200.0,1424,5216.73222
3400.0,1646,5221.393281
4000.0,1477,5224.876812
2700.0,1294,5228.530783
2900.0,1468,5232.552925
1850.0,987,5235.193037
3000.0,1325,5238.303315
3000.0,1357,5241.886465
3000.0,1442,5252.484607
3100.0,1259,5255.328332
2700.0,1247,5258.349259
2900.0,1333,5262.075958
2600.0,1504,5266.146191
3000.0,1265,5269.352306
3300.0,1349,5273.29565
3200.0,1230,5276.410409
2800.0,1384,5279.942641
2700.0,1394,5283.707528
3100.0,1599,5294.123971
2800.0,1304,5297.265979
2800.0,1177,5300.305086
3900.0,1735,5305.515842
3600.0,1700,5309.990133
2900.0,1483,5313.904679
3200.0,1320,5316.992631
2600.0,1374,5320.681235
3200.0,1571,5330.824998
1800.0,845,5333.006536
2800.0,1277,5336.045163
3300.0,1595,5340.064327
3300.0,1639,5344.456869
2500.0,1330,5348.187797
2250.0,1220,5351.446657
3000.0,1243,5355.042622
2900.0,1295,5358.170145
3000.0,1620,5362.323001
2700.0,1355,5372.597806
2900.0,1386,5376.332029
2800.0,1295,5379.366279
2600.0,1310,5382.537605
3000.0,1269,5386.176009
3300.0,1715,5390.628255
3000.0,1223,5394.059592
3500.0,1693,5398.065453
3200.0,1490,5402.109616
3000.0,1520,5412.836019
3200.0,1500,5416.348931
3100.0,1208,5420.033848
3500.0,1715,5424.55025
2800.0,1584,5428.690897
2700.0,1149,5431.501461
3000.0,1629,5435.4379
3300.0,1497,5439.458817
2500.0,1357,5449.429582
3100.0,1500,5453.158539
2900.0,1259,5456.308558
3000.0,1256,5459.910606
2900.0,1370,5463.184341
2900.0,1247,5466.73685
3100.0,1511,5470.867592
2800.0,1439,5474.070312
2250.0,1165,5477.316588
3000.0,1579,5481.505399
2500.0,1290,5491.855691
2900.0,1423,5495.834725
3600.0,1534,5499.987808
2500.0,1464,5503.8646
3500.0,1441,5507.329428
2600.0,1316,5510.888659
2700.0,1510,5514.708957
2900.0,1486,5518.582036
2800.0,1454,5522.464683
2800.0,1337,5532.226965
2800.0,1360,5535.978936
3200.0,1334,5539.164901
3100.0,1333,5542.96034
3400.0,1465,5546.973217
1900.0,985,5549.559007
2700.0,1323,5552.713133
2900.0,1497,5556.692569
2800.0,1256,5559.938367
4100.0,1676,5571.048126
2700.0,1526,5574.945242
2700.0,1229,5578.055747
3400.0,1675,5582.40389
3800.0,1650,5586.707652
3000.0,1403,5590.556184
3000.0,1582,5594.549371
2450.0,1302,5598.246284
2600.0,1273,5601.420474
3600.0,1480,5612.426171
3200.0,1584,5616.550877
3000.0,1365,5620.335633
3100.0,1374,5623.725699
2700.0,1436,5627.568932
3300.0,1551,5631.303907
2900.0,1476,5635.098349
1800.0,981,5637.766311
2500.0,1240,5640.978309
3400.0,1383,5649.73585
2800.0,1223,5652.502058
3200.0,1691,5656.642656
3200.0,1328,5660.263312
2600.0,1107,5663.180762
3800.0,1943,5668.324836
3000.0,1335,5671.397901
3000.0,1380,5675.271351
1850.0,1162,5678.297193
2900.0,1319,5689.28439
2700.0,1403,5692.606331
2900.0,1175,5696.043355
2600.0,1271,5699.124151
3200.0,1524,5703.168129
3000.0,1346,5706.755831
2500.0,1242,5709.715596
3300.0,1432,5713.392687
1150.0,695,5715.044322
3500.0,1401,5718.881596
2900.0,1295,5728.424273
3700.0,1705,5732.615924
2500.0,1265,5736.3143
3100.0,1543,5740.424088
3100.0,1226,5743.502286
2200.0,1343,5747.141432
2200.0,1378,5750.593198
3400.0,1497,5754.505417
3600.0,1507,5758.480935
3300.0,1440,5768.431483
2900.0,1433,5772.383384
3500.0,1388,5775.826978
3300.0,1462,5779.741539
3300.0,1921,5784.98968
2800.0,1546,5789.075489
4100.0,1533,5792.920236
3000.0,1276,5796.107501
5300.0,2088,5807.749934
2600.0,1284,5811.328795
2050.0,1275,5814.608789
2000.0,1112,5817.520194
3100.0,1418,5821.365026
2800.0,1272,5824.921812
2700.0,1442,5828.102348
2700.0,1531,5831.811159
2900.0,1286,5835.281176
3200.0,1483,5845.313397
2800.0,1372,5848.314814
2900.0,1268,5851.710442
2000.0,1351,5854.923409
2800.0,1286,5858.529331
2600.0,1353,5861.736215
3000.0,1396,5865.566243
2900.0,1422,5869.239529
1550.0,1119,5871.816277
2800.0,1299,5874.960576
2000.0,1383,5885.333152
3100.0,1499,5889.103373
3500.0,1815,5893.571502
2900.0,1330,5897.325648
2600.0,1143,5900.329399
2800.0,1502,5904.456599
2700.0,1304,5907.906061
3200.0,1331,5910.989789
2700.0,1181,5914.355633
3200.0,1261,5924.258257
2800.0,1405,5927.890793
3200.0,1524,5931.946167
3800.0,1466,5935.36269
3400.0,1347,5939.144887
3000.0,1388,5942.91433
2500.0,1279,5945.870284
2900.0,1457,5949.507134
2700.0,1297,5952.642912
3200.0,1330,5962.169305
3100.0,1423,5965.898367
3700.0,1642,5970.048782
3000.0,1316,5973.382096
3300.0,1574,5977.700326
1150.0,854,5980.102843
3100.0,1256,5983.127162
3600.0,1647,5987.937677
3200.0,1294,5991.110053
2800.0,1456,6001.897391
3100.0,1468,6005.629589
2700.0,1249,6008.576296
1850.0,947,6011.365737
4600.0,1736,6016.150872
2700.0,1421,6020.171121
2800.0,1270,6023.314692
2700.0,1202,6026.694576
3400.0,1513,6030.487409
3100.0,1459,6034.015348
2700.0,1348,6044.156031
3500.0,1418,6048.072266
3000.0,1365,6051.395001
3600.0,1520,6055.412456
2700.0,1249,6058.939643
2700.0,1250,6062.117467
3900.0,1544,6066.3262
2700.0,1522,6070.442728
2800.0,1284,6073.769121
3400.0,1402,6084.404577
3400.0,1456,6088.362619
3600.0,1789,6093.041169
2600.0,1252,6096.881484
2600.0,1131,6099.996634
3200.0,1291,6103.365846
2800.0,1379,6107.030473
2800.0,1523,6111.05647
2600.0,1479,6115.291659
4700.0,1727,6126.773558
3300.0,1502,6130.80472
3500.0,1384,6134.786259
2800.0,1307,6138.213113
3400.0,1626,6142.715354
2300.0,1276,6146.546599
3000.0,1318,6149.731805
2800.0,1228,6153.20037
2800.0,1456,6157.067965
2900.0,1325,6167.839639
4700.0,1478,6171.723104
3000.0,1379,6175.055189
3200.0,1179,6178.795856
3300.0,1397,6182.377907
2800.0,1292,6186.204139
3100.0,1492,6190.276538
2700.0,1245,6193.428989
2700.0,1609,6198.062036
3300.0,1404,6208.492523
3200.0,1392,6212.188533
2800.0,1359,6215.628932
3400.0,1243,6219.411559
2700.0,1224,6222.597822
3700.0,1449,6226.870759
3900.0,1595,6231.154038
3000.0,1451,6234.938125
3000.0,1548,6239.264752
4100.0,1710,6250.669619
2800.0,1334,6253.911638
2600.0,1406,6257.75005
3100.0,1659,6262.452146
2200.0,1296,6266.465047
3500.0,1600,6270.709554
2900.0,1337,6274.068958
4400.0,1661,6279.150882
3000.0,1596,6290.535911
2900.0,1277,6293.684899
3100.0,1449,6297.613952
3300.0,1661,6302.045115
3100.0,1483,6306.005436
2800.0,1600,6310.310341
2800.0,1461,6314.305663
3200.0,1292,6317.490218
3000.0,1490,6321.366768
3100.0,1378,6332.5969
3100.0,1512,6336.789854
1650.0,1052,6339.757523
3200.0,1526,6343.961203
3000.0,1238,6347.144898
2700.0,1628,6351.183487
2900.0,1286,6354.602062
2200.0,1387,6358.026423
2700.0,1339,6361.806085
3300.0,1388,6373.029078
3100.0,1482,6376.6628
3100.0,1383,6380.48438
2900.0,1374,6384.514149
3300.0,1550,6388.86462
2800.0,1669,6393.03827
3000.0,1288,6396.342863
4400.0,2079,6402.219106
2500.0,1461,6406.259569
3000.0,1566,6417.746872
2700.0,1554,6421.893452
2900.0,1316,6425.604605
3100.0,1444,6429.500924
1350.0,847,6431.454885
3200.0,1501,6435.48243
2900.0,1297,6439.189754
3600.0,1549,6443.203898
2800.0,1449,6447.191791
2900.0,1207,6458.318412
3800.0,1649,6462.629816
3200.0,1279,6465.937171
3600.0,1469,6469.982012
3300.0,1440,6473.805026
3100.0,1471,6477.967209
3100.0,1330,6481.591812
2050.0,1210,6484.611634
2800.0,1218,6488.035907
3100.0,1526,6499.118967
2600.0,1215,6502.215687
3300.0,1543,6506.259675
2900.0,1421,6510.017024
3400.0,2151,6515.641152
3600.0,1798,6520.349432
2500.0,1514,6524.517547
2800.0,1667,6528.69336
3000.0,1320,6538.997102
3000.0,1466,6543.151628
2900.0,1217,6546.430493
3300.0,1376,6550.334179
2200.0,1250,6553.621295
3000.0,1506,6557.734076
2400.0,1451,6561.759959
3100.0,1194,6564.644735
2900.0,1184,6568.022029
3200.0,1508,6578.595404
2900.0,1318,6582.122646
2700.0,1262,6585.288673
2900.0,1246,6588.794027
3000.0,1255,6591.849751
3400.0,1555,6596.185419
3400.0,1286,6599.973249
2600.0,1224,6602.935005
2450.0,1258,6605.858012
3100.0,1605,6610.270108
2500.0,1112,6618.870325
4100.0,1542,6622.952334
2900.0,1510,6626.907047
2500.0,1139,6629.849465
2700.0,1351,6633.266927
2400.0,1204,6636.887162
3600.0,1466,6640.422217
2900.0,1315,6643.996056
2600.0,1405,6647.67051
3300.0,1504,6659.384737
3000.0,1454,6662.843737
3600.0,1789,6667.59938
2900.0,1563,6671.521983
2500.0,1096,6674.337438
3300.0,1448,6678.224432
1400.0,684,6679.866362
2600.0,1307,6682.910798
2800.0,1667,6687.488394
3400.0,1603,6698.877553
1250.0,750,6700.684334
3300.0,1289,6704.429435
3400.0,1525,6708.403647
3200.0,1288,6711.485484
2900.0,1339,6715.169713
2600.0,1762,6719.474592
3200.0,1560,6723.442561
2200.0,1013,6726.092768
2700.0,1356,6729.904214
2900.0,1532,6740.136099
2500.0,1183,6743.040006
3200.0,1435,6746.837739
3400.0,1442,6750.338763
2900.0,1419,6754.319395
2600.0,1415,6758.245817
3400.0,1386,6761.827163
2800.0,1567,6765.733005
3700.0,1543,6769.879888
3300.0,1322,6779.992168
2900.0,1266,6783.625353
3200.0,1280,6786.661479
3300.0,1476,6790.438023
3400.0,1509,6794.295634
3400.0,1372,6797.446584
3200.0,1415,6801.207243
3500.0,1397,6805.029527
3100.0,1617,6809.435353
2700.0,1139,6819.308429
3100.0,1342,6823.033804
2900.0,1409,6826.510505
3200.0,1406,6830.283849
3400.0,1708,6834.676888
900.0,484,6835.95802
2500.0,1269,6839.352609
2900.0,1633,6843.313145
3200.0,1557,6847.468974
1850.0,972,6850.083024
2900.0,1268,6859.650296
3700.0,1672,6864.197544
3200.0,1557,6868.136792
2700.0,1244,6871.517379
3700.0,1514,6875.373578
3400.0,1853,6879.527627
2600.0,1456,6883.353167
3100.0,1312,6886.657249
2800.0,1375,6896.642998
3300.0,1383,6900.563674
3100.0,1264,6903.793981
3400.0,1629,6908.020343
4100.0,1714,6912.781067
3600.0,1537,6916.794968
2800.0,1239,6920.053962
3000.0,1384,6923.846934
2800.0,1517,6928.011177
3100.0,1466,6937.361424
3200.0,1574,6941.533035
3800.0,1649,6946.290032
3400.0,1450,6949.752857
2700.0,1198,6953.1079
3500.0,1496,6956.839711
2800.0,1324,6959.909505
2900.0,1372,6963.521651
1900.0,840,6965.44872
3400.0,1413,6975.618704
3400.0,1621,6979.993315
3000.0,1325,6983.919367
3700.0,1479,6987.942742
2700.0,1122,6990.601377
1850.0,975,6993.106007
2800.0,1409,6996.1332
3000.0,1664,7000.090005
3100.0,1417,7003.934906
3000.0,1414,7007.788096
2900.0,1623,7018.993932
3200.0,1711,7023.556393
3200.0,1369,7027.418993
2900.0,1280,7030.461571
2700.0,1445,7034.133086
2900.0,1448,7037.79361
2900.0,1430,7041.5478
2700.0,1548,7045.663084
4000.0,1647,7057.724911
3000.0,1334,7060.953413
2800.0,1446,7064.887544
3100.0,1437,7068.898267
2600.0,1308,7071.889577
2800.0,1498,7075.463732
3100.0,1324,7078.902983
3500.0,1479,7082.618363
3400.0,1651,7086.998661
2900.0,1230,7096.837942
2700.0,1294,7100.594998
2800.0,1373,7103.980402
2800.0,1216,7107.496315
3900.0,1481,7111.335035
3000.0,1170,7114.029904
2800.0,1273,7116.814295
3200.0,1695,7121.299306
2250.0,1399,7124.71471
3000.0,1265,7134.260168
2700.0,1330,7137.595224
3100.0,1449,7141.489336
3100.0,1496,7145.536316
3200.0,1879,7150.603394
3600.0,1463,7153.836186
3200.0,1412,7157.393247
2050.0,1030,7159.933809
3500.0,1542,7164.089866
2900.0,1513,7175.420303
2500.0,1313,7179.236106
3500.0,1568,7183.659
2700.0,1458,7187.139813
3600.0,1359,7190.724154
3700.0,1614,7194.54207
3500.0,1447,7198.125874
2900.0,1233,7200.975458
4100.0,1741,7205.913898
3400.0,1429,7216.430118
2600.0,1426,7220.447115
3400.0,1535,7224.442096
3700.0,1670,7228.599042
3200.0,1362,7232.079729
3400.0,1455,7235.772009
2800.0,1347,7239.086722
2800.0,1260,7242.597325
2800.0,1619,7253.84943
3600.0,1542,7258.088815
2500.0,1488,7262.018568
4300.0,1792,7266.481689
2350.0,1383,7269.964172
3100.0,1454,7273.549734
2700.0,1377,7276.803207
4500.0,1865,7281.919577
2900.0,1405,7285.75978
3100.0,1312,7295.915004
3000.0,1483,7299.825007
3100.0,1400,7303.727587
2900.0,1530,7307.683336
3300.0,1612,7311.486443
2900.0,1469,7315.29792
2800.0,1330,7318.430357
3100.0,1408,7322.309139
2500.0,1315,7332.837318
2400.0,1339,7336.553569
2500.0,1216,7339.603578
3400.0,1619,7343.800855
2700.0,1354,7347.092463
3000.0,1554,7350.676447
3600.0,1394,7354.379943
3200.0,1464,7357.797111
3600.0,1477,7361.78186
2500.0,1444,7373.319581
4100.0,1756,7377.745227
3600.0,1942,7383.073945
3700.0,1641,7387.000023
2700.0,1607,7390.760251
3000.0,1491,7394.839335
2900.0,1477,7398.738178
3300.0,1521,7402.772652
3200.0,1384,7414.389871
3500.0,1469,7418.30366
3400.0,1618,7422.580595
4200.0,1781,7426.869757
3300.0,1430,7430.485234
3500.0,1834,7435.083899
2800.0,1473,7439.058095
3700.0,1511,7443.027387
3000.0,1248,7453.863381
3300.0,1333,7457.003656
3400.0,1726,7461.85328
3200.0,1659,7465.701977
3500.0,1442,7468.791927
3200.0,1532,7472.907209
3100.0,1549,7477.153272
4000.0,1589,7481.349554
3800.0,1552,7485.389219
2600.0,1539,7496.225902
2100.0,1171,7499.825894
2900.0,1315,7502.95533
2500.0,1217,7505.967115
2600.0,1356,7509.637065
2900.0,1708,7514.09229
6700.0,2772,7521.947801
3300.0,1540,7525.912494
3600.0,1669,7537.135955
3100.0,1576,7541.37933
5100.0,2015,7546.081266
3000.0,1507,7549.693692
3600.0,1473,7553.691887
2800.0,1414,7557.198582
3100.0,1272,7560.81269
2600.0,1364,7564.119281
2400.0,1233,7574.605437
2800.0,1243,7577.805816
2700.0,1495,7581.715218
2900.0,1501,7585.365305
2600.0,1304,7588.103416
2800.0,1416,7591.891642
1250.0,805,7594.317632
2900.0,1580,7598.580341
2600.0,1292,7601.834544
3800.0,1648,7612.397146
2500.0,1272,7616.069642
1650.0,915,7618.661067
2700.0,1346,7621.797878
3200.0,1368,7625.246977
3200.0,1454,7628.752609
3200.0,1306,7631.988999
3200.0,1519,7635.994544
3300.0,1279,7639.064077
3200.0,1455,7642.993244
2600.0,1265,7653.731082
3300.0,1351,7657.073984
3100.0,1401,7661.132281
2700.0,1214,7663.983832
2900.0,1430,7667.572544
2800.0,1398,7671.340663
2500.0,1456,7675.369228
3000.0,1698,7679.771133
3500.0,1555,7684.052324
3400.0,1731,7695.261397
2450.0,1567,7699.50685
2500.0,1530,7703.390931
3200.0,1288,7706.67792
2800.0,1280,7709.632211
2150.0,1032,7712.366266
2600.0,1456,7716.329109
3100.0,1292,7719.460178
3100.0,1566,7723.635591
3900.0,1757,7734.950042
3500.0,1448,7738.343266
3400.0,1307,7742.065459
3500.0,1654,7745.929347
3800.0,1435,7749.437665
2300.0,1392,7753.261084
1450.0,924,7755.382789
2900.0,1400,7759.41747
3800.0,1493,7763.750697
3200.0,1482,7775.392647
3300.0,1453,7779.385093
3100.0,1364,7782.486136
3900.0,1898,7787.107002
3100.0,1265,7790.159103
3100.0,1526,7794.281839
2500.0,1059,7797.148233
3900.0,1691,7801.989271
3100.0,1364,7805.234884
2600.0,1432,7815.960273
2600.0,1206,7818.883689
1800.0,955,7821.345194
2800.0,1355,7824.899289
600.0,554,7826.217718
2000.0,1016,7828.736846
4400.0,1708,7833.247895
2900.0,1338,7836.540069
2700.0,1161,7839.913324
3500.0,1768,7844.342488
2600.0,1368,7855.152447
3400.0,1481,7859.128409
3000.0,1212,7861.994522
3300.0,1393,7865.431711
2900.0,1381,7868.487684
3700.0,1649,7872.834414
2800.0,1714,7877.868444
3600.0,1588,7882.076654
2800.0,1408,7893.022079
2600.0,1514,7897.005555
3900.0,1593,7901.063895
3400.0,1456,7904.709671
3100.0,1287,7908.375968
3400.0,1430,7911.787273
3200.0,1488,7915.752096
3700.0,1470,7919.705479
3600.0,1580,7923.984329
3300.0,1361,7934.191363
3400.0,1468,7938.061792
3500.0,1418,7941.135016
3000.0,1332,7944.664533
2700.0,1312,7947.733693
2250.0,984,7950.289132
2800.0,1279,7953.843227
3300.0,1459,7957.797681
2700.0,1473,7961.233957
2900.0,1254,7964.820837
2600.0,1422,7975.561801
2800.0,1508,7978.938681
3400.0,1686,7983.718004
2800.0,1480,7987.506216
3000.0,1324,7990.775525
2900.0,1543,7995.179859
3100.0,1358,7999.055469
2500.0,1331,8002.403017
3300.0,1609,8012.726942
900.0,577,8014.116581
3100.0,1385,8017.818547
3700.0,1631,8022.018519
550.0,401,8023.112054
2450.0,1394,8026.646838
2900.0,1472,8030.017027
3100.0,1357,8033.808594
3100.0,1736,8038.525329
2450.0,1144,8042.231752
3400.0,1793,8054.301485
3100.0,1408,8058.277077
3200.0,1355,8061.565306
3000.0,1448,8065.328075
2700.0,1251,8068.928399
4700.0,1839,8073.677845
2900.0,1497,8077.865539
3000.0,1410,8081.759907
3000.0,1321,8085.003015
2800.0,1294,8094.963735
3400.0,1268,8097.976521
2900.0,1536,8101.75158
3000.0,1469,8105.421026
3000.0,1637,8109.490527
3300.0,1689,8113.799918
2700.0,1166,8117.200977
3200.0,1473,8120.678913
3500.0,1565,8124.892043
2300.0,1370,8135.136971
3900.0,1661,8139.434837
3300.0,1477,8143.223359
2600.0,1349,8146.749694
1100.0,549,8148.224494
3300.0,1543,8152.302521
2800.0,1486,8155.6869
3700.0,1434,8159.494384
3000.0,1295,8163.041942
3400.0,1485,8173.734731
3500.0,1543,8177.635814
2900.0,1366,8180.841891
3300.0,1356,8184.29052
2700.0,1381,8187.801155
4200.0,1709,8192.79288
3600.0,1511,8196.911726
2800.0,1328,8200.110783
3500.0,1522,8204.155566
3000.0,1518,8214.63668
3400.0,1515,8218.510867
3400.0,1622,8222.634261
3500.0,1588,8226.795276
3000.0,1345,8230.625187
3000.0,1378,8234.015221
3000.0,1490,8238.097492
3400.0,1471,8241.966459
2700.0,1323,8250.975895
3000.0,1466,8254.928113
3300.0,1576,8259.140783
2700.0,1160,8261.882079
3000.0,1337,8264.918827
3000.0,1362,8268.675488
2450.0,1498,8272.822457
3200.0,1569,8276.980552
2700.0,1281,8280.050324
3900.0,2008,8292.940575
3200.0,1302,8296.534631
3100.0,1410,8299.788272
3800.0,1745,8304.408382
1950.0,886,8306.458397
2700.0,1603,8311.184119
3100.0,1396,8314.69743
2500.0,1406,8318.743954
2700.0,1242,8321.919376
3900.0,1735,8334.074811
2900.0,1397,8337.537855
3700.0,1761,8342.470929
2500.0,1544,8346.523824
4400.0,1670,8351.308509
3600.0,1556,8355.822206
2500.0,1281,8359.260521
2900.0,1329,8363.078055
3100.0,1378,8373.375306
3600.0,1400,8377.119732
950.0,618,8378.80862
2800.0,1457,8382.796892
3200.0,1404,8386.527426
2500.0,1209,8389.75526
2700.0,1334,8393.750091
3500.0,1477,8398.032895
4200.0,1769,8402.718688
3400.0,1671,8407.063649
3000.0,1255,8417.714018
4100.0,1710,8422.312024
2900.0,1199,8425.420189
4200.0,1758,8430.644174
3700.0,1522,8435.009131
3100.0,1485,8438.487744
2900.0,1212,8441.966329
3000.0,1414,8445.956866
2700.0,1495,8457.081322
2600.0,1426,8460.716747
3300.0,1331,8464.605721
2800.0,1134,8467.554417
4700.0,1575,8471.712382
2900.0,1398,8475.632338
2600.0,1486,8479.456822
2900.0,1176,8482.287674
2800.0,1248,8485.150367
3200.0,1432,8489.059371
3300.0,1409,8500.005429
2900.0,1585,8504.338649
1950.0,981,8507.025411
3500.0,1400,8510.431152
3200.0,1602,8514.702034
3900.0,1829,8519.73112
2700.0,1319,8523.02463
3600.0,1864,8528.085728
3600.0,1572,8539.439038
4800.0,1951,8544.793221
2600.0,1333,8547.943856
3700.0,1617,8552.243318
4400.0,2029,8557.832233
2500.0,1454,8561.736135
600.0,483,8562.983107
1300.0,792,8564.67627
3200.0,1442,8568.348652
3600.0,1617,8579.763177
3500.0,1523,8583.878845
2900.0,1445,8587.747871
3400.0,1425,8591.89863
2800.0,1174,8595.134518
2600.0,1459,8599.363367
2700.0,1373,8603.15993
1950.0,1226,8606.219362
3500.0,1482,8610.32932
2800.0,1284,8621.574912
3500.0,1522,8626.064825
3000.0,1601,8630.317966
2700.0,1380,8634.119017
3000.0,1271,8637.278458
3200.0,1284,8640.958173
3600.0,1747,8645.165175
3600.0,1515,8648.827421
3600.0,1671,8652.792339
2700.0,1219,8662.153479
3800.0,1598,8666.393692
3700.0,1586,8670.587989
3300.0,1364,8673.863489
3500.0,1617,8678.171889
2900.0,1340,8681.940459
2900.0,1316,8685.314678
4000.0,1452,8688.402761
3600.0,1485,8692.197417
4300.0,1640,8703.823792
4400.0,1705,8708.837874
2700.0,1235,8711.925218
2700.0,1184,8715.036736
3600.0,1559,8719.451746
1600.0,892,8722.085278
3000.0,1434,8725.713182
2800.0,1459,8729.515462
2700.0,1248,8732.537126
3200.0,1322,8743.632617
2900.0,1317,8746.907165
2900.0,1316,8750.701713
2900.0,1239,8753.80608
3700.0,1960,8759.336154
3200.0,1393,8763.027665
2500.0,1223,8765.92813
3300.0,1484,8769.847686
2600.0,1253,8772.956826
3200.0,1502,8784.194039
3600.0,1769,8789.268435
3400.0,1705,8793.6069
2700.0,1449,8797.43717
3300.0,1433,8800.674188
2600.0,1259,8804.218659
3700.0,1736,8808.584358
3100.0,1589,8812.716213
2900.0,1336,8823.048429
2900.0,1577,8827.275194
3100.0,1334,8830.522094
3400.0,1702,8835.483154
3400.0,1400,8838.705871
2600.0,1337,8842.410291
3600.0,1374,8845.520523
3600.0,1682,8850.226823
3400.0,1620,8854.289799
1900.0,1014,8863.71599
3200.0,1608,8867.915315
2800.0,1256,8871.021461
3100.0,1491,8874.959004
3600.0,1439,8878.784803
3700.0,1767,8883.318568
2800.0,1174,8886.153412
4100.0,1757,8891.030558
3000.0,1424,8901.662883
3100.0,1517,8905.246625
3900.0,1547,8909.38071
3400.0,1703,8914.248592
2600.0,1573,8918.440542
3800.0,1594,8922.529871
3600.0,1631,8926.684895
2050.0,1054,8929.466107
4000.0,1805,8934.223845
2800.0,1385,8945.351423
2800.0,1541,8949.430984
3500.0,1480,8953.311341
2700.0,1510,8957.354871
3000.0,1447,8961.051973
3100.0,1351,8964.171148
1150.0,621,8965.701154
2800.0,1536,8969.994441
3800.0,1693,8975.087034
3500.0,1539,8986.115647
2900.0,1326,8989.368305
3200.0,1422,8993.235245
3100.0,1373,8996.324878
3300.0,1532,9000.065676
2900.0,1269,9003.463876
3100.0,1324,9006.729027
2900.0,1700,9011.652514
2700.0,1401,9015.122364
3100.0,1504,9026.573862
1500.0,1017,9029.248524
3300.0,1301,9032.778592
3600.0,1706,9036.929691
3600.0,1264,9040.0379
2800.0,1385,9044.060747
3200.0,1430,9047.884781
3000.0,1277,9051.305264
3000.0,1370,9055.274331
3500.0,1721,9066.465108
4200.0,1562,9070.586625
2250.0,1070,9073.36787
450.0,373,9074.407658
1450.0,888,9076.696332
3000.0,1471,9079.964329
3800.0,1531,9083.939759
2900.0,1235,9087.529879
2800.0,1151,9090.553973
2600.0,1571,9094.819837
4200.0,2024,9107.822484
3100.0,1333,9111.109122
3000.0,1471,9114.96371
3300.0,1439,9118.603986
2900.0,1376,9122.216638
2600.0,1171,9125.15733
3200.0,1431,9129.015154
3400.0,1321,9132.446283
3300.0,1423,9136.444264
3000.0,1451,9147.117604
2900.0,1349,9150.412123
2900.0,1336,9154.12549
3000.0,1328,9157.361448
3200.0,1251,9160.831305
2300.0,1256,9164.024605
3000.0,1349,9167.772864
2700.0,1147,9170.721242
3000.0,1488,9174.757118
2700.0,1295,9183.724823
3100.0,1300,9187.395396
3200.0,1548,9191.466321
3700.0,1555,9195.528445
1550.0,944,9198.286628
2450.0,1336,9201.714903
3600.0,1359,9205.498653
2800.0,1493,9209.601942
4200.0,1586,9213.735657
2800.0,1148,9216.680139
3800.0,1748,9227.815813
3300.0,1373,9231.347802
3200.0,1351,9234.952467
2600.0,1465,9238.48912
2800.0,1507,9242.558724
3400.0,1619,9246.790407
3600.0,1674,9251.658877
3500.0,1623,9255.952193
3700.0,1671,9266.151801
2800.0,1338,9269.203449
2800.0,1209,9272.661593
3000.0,1332,9275.808147
3000.0,1915,9281.146547
4000.0,2060,9286.66963
2250.0,1022,9289.270624
2900.0,1540,9293.219968
3800.0,1447,9303.857093
2800.0,1396,9306.912591
2600.0,1335,9310.44221
2700.0,1148,9313.266468
1800.0,807,9315.590427
3100.0,1465,9319.215816
3100.0,1516,9323.039828
2800.0,1214,9326.049193
2900.0,1381,9329.929263
3400.0,1624,9334.04801
1700.0,985,9344.025174
3200.0,1501,9347.586425
2800.0,1232,9351.214926
5000.0,1741,9355.58709
3800.0,1281,9359.141628
2800.0,1358,9362.41005
3800.0,1347,9366.18137
2700.0,1445,9370.074205
3300.0,1424,9373.505768
2700.0,1284,9382.601138
3700.0,1597,9386.461586
700.0,417,9387.694664
2600.0,1321,9390.994848
3400.0,1707,9395.934375
3100.0,1552,9399.943194
3800.0,1739,9404.319397
3000.0,1509,9408.281114
3800.0,1714,9412.750086
2700.0,1483,9423.736464
4000.0,1549,9427.923527
3600.0,1761,9432.610881
3100.0,1547,9437.008517
3400.0,1490,9441.164912
4000.0,1529,9445.227385
4000.0,1667,9449.720158
3000.0,1292,9453.699492
3200.0,1305,9463.80521
3300.0,1670,9468.638448
2450.0,1143,9471.626713
3300.0,1804,9476.248543
3300.0,1616,9480.548428
2800.0,1343,9484.269054
3200.0,1482,9488.163601
4600.0,1897,9492.904901
3200.0,1340,9496.585236
2800.0,1238,9506.935614
3200.0,1637,9511.213676
2700.0,1390,9515.253277
3100.0,1349,9519.321292
2600.0,1212,9522.553722
2900.0,1557,9526.656112
2700.0,1301,9530.157108
3400.0,1807,9534.706192
3000.0,1331,9538.358239
3100.0,1470,9548.613675
3600.0,1632,9553.491844
3200.0,1325,9556.898969
3600.0,1408,9560.957947
2800.0,1231,9564.224849
2800.0,1383,9568.099159
2800.0,1230,9571.182718
3600.0,1490,9575.341086
2900.0,1493,9579.453249
4000.0,1610,9591.799036
2800.0,1632,9596.090038
3000.0,1510,9600.113811
3300.0,1824,9605.032813
3100.0,1349,9608.224666
2900.0,1848,9613.120447
2800.0,1125,9616.007833
3500.0,1683,9620.206715
3900.0,1619,9630.964726
3100.0,1472,9635.013757
3000.0,1279,9638.640257
3000.0,1294,9641.78806
3000.0,1358,9645.642384
2600.0,1383,9649.062948
3200.0,1466,9653.064533
3000.0,1674,9657.295899
3600.0,1780,9668.561705
3100.0,1260,9671.812897
3000.0,1250,9675.6329
3100.0,1307,9679.081713
3000.0,1316,9682.912968
3100.0,1403,9686.388465
2700.0,1205,9690.143592
3600.0,1350,9693.470656
2700.0,1444,9697.482605
2800.0,1319,9701.270386
2800.0,1633,9712.312639
4000.0,1579,9716.63273
3300.0,1464,9720.695188
2900.0,1324,9724.003165
2500.0,1422,9727.981444
3100.0,1356,9731.981429
2700.0,1250,9735.132966
2900.0,1547,9739.337964
5000.0,1841,9751.348622
3300.0,1404,9755.482415
3200.0,1532,9759.902767
2600.0,1535,9764.305388
2800.0,1448,9768.413533
3300.0,1266,9771.808793
2800.0,1251,9775.500525
2600.0,1334,9778.869124
1850.0,1321,9782.481188
2800.0,1573,9793.724506
3200.0,1445,9797.269724
3100.0,1542,9801.751289
3200.0,1416,9806.011558
2300.0,1356,9810.034179
3500.0,1485,9814.301052
2800.0,1393,9817.789066
2700.0,1291,9821.343765
900.0,599,9822.861104
2600.0,1183,9825.84131
3600.0,1565,9837.524887
2800.0,1421,9841.561834
3000.0,1309,9845.602059
3100.0,1334,9849.028462
3800.0,1663,9853.329189
3600.0,1698,9857.913001
3300.0,1504,9861.813267
2600.0,1227,9864.837644
3500.0,1601,9869.030762
3100.0,1428,9880.892315
2400.0,1404,9884.523978
2800.0,1344,9888.31565
3100.0,1299,9891.572355
2900.0,1205,9895.075593
3400.0,1583,9899.363023
4400.0,1869,9903.946565
2700.0,1359,9907.588895
2700.0,1311,9911.290652
3200.0,1599,9922.504485
3600.0,1563,9926.884402
2350.0,1131,9929.959459
2900.0,1507,9934.038424
3100.0,1552,9938.362648
3100.0,1189,9941.508363
3600.0,1520,9945.658103
3200.0,1559,9949.728938
3600.0,1505,9960.816077
3500.0,1642,9965.467303
2800.0,1315,9969.408488
3200.0,1338,9972.820284
2900.0,1256,9976.597299
3000.0,1346,9980.089
4300.0,1675,9984.560079
1050.0,678,9986.751392
2050.0,1157,9989.658047
2900.0,1384,9993.140803
3000.0,1312,10003.446939
3200.0,1264,10006.653163
2600.0,1301,10010.570818
3100.0,1371,10014.687631
2800.0,1514,10018.528623
2500.0,1276,10022.460372
3600.0,1633,10026.86288
3000.0,1376,10030.788867
2900.0,1442,10034.248107
3400.0,1610,10045.870825
3200.0,1542,10049.900861
3100.0,1293,10053.186188
3900.0,1631,10057.674812
3300.0,1700,10062.496381
4600.0,1796,10067.720708
4500.0,1862,10072.369471
3100.0,1430,10076.081928
4600.0,1962,10088.444335
3300.0,1853,10093.369717
3000.0,1512,10097.127769
2800.0,1120,10100.673691
2900.0,1253,10103.945661
4200.0,1764,10108.440384
5000.0,1749,10113.125719
2500.0,1492,10116.890621
2600.0,1406,10127.287226
3100.0,1216,10130.713404
3500.0,1607,10134.912242
2600.0,1234,10137.903397
2250.0,1170,10140.804209
2450.0,1336,10144.55499
3200.0,1451,10148.426039
2700.0,1431,10151.977804
4000.0,1790,10156.022502
3000.0,1506,10166.454978
3200.0,1343,10169.727654
2900.0,1438,10173.691354
3000.0,1384,10177.32762
2900.0,1170,10180.085751
3600.0,1852,10185.139428
3200.0,1279,10188.311769
3200.0,1235,10191.638769
2600.0,1279,10194.409433
3800.0,1632,10205.260729
2500.0,1332,10208.998049
2900.0,1561,10213.190098
4100.0,1849,10217.848539
3500.0,1550,10221.911844
2700.0,1375,10225.787079
3200.0,1502,10229.85887
3500.0,1780,10233.997398
3800.0,1665,10244.55099
3200.0,1841,10249.720164
2800.0,1503,10253.921108
3900.0,1660,10258.329443
3400.0,1514,10262.344357
3100.0,1401,10266.096368
3100.0,1461,10269.401334
4500.0,1897,10273.967458
3400.0,1599,10285.025088
2800.0,1273,10288.967368
3000.0,1237,10292.096643
3400.0,1466,10296.185327
2600.0,1587,10300.524034
3000.0,1519,10304.656843
3700.0,1443,10308.560147
3500.0,1521,10312.153099
2900.0,1524,10315.259656
2800.0,1190,10324.662864
2900.0,1583,10328.79992
4600.0,1665,10332.891788
2900.0,1473,10336.767677
3300.0,1285,10339.943653
3000.0,1341,10343.755595
2800.0,1207,10346.796188
3400.0,1602,10350.68404
3100.0,1387,10354.007985
2900.0,1250,10364.178224
3600.0,1930,10369.513953
2800.0,1264,10372.617388
2900.0,1388,10376.494751
2800.0,1783,10381.4705
2800.0,1521,10384.946669
3400.0,1504,10388.76261
2900.0,1285,10392.113811
3000.0,1289,10401.393424
2900.0,1457,10405.293525
2800.0,1182,10408.387552
3700.0,1494,10412.465673
2800.0,1247,10416.199878
2600.0,1283,10419.30594
3800.0,1534,10423.440593
3100.0,1307,10426.954871
2800.0,1468,10429.978235
4000.0,1774,10442.633911
2800.0,1576,10446.726673
2900.0,1355,10450.687595
1250.0,784,10452.553612
2800.0,1390,10456.234789
3500.0,1657,10460.49921
3100.0,1463,10464.352588
3200.0,1502,10467.920085
3200.0,1611,10471.819257
3100.0,1340,10482.872555
2600.0,1270,10486.672381
3600.0,1315,10490.109084
2250.0,1288,10493.918037
3100.0,1460,10497.38727
3100.0,1632,10502.099401
3400.0,1362,10505.402251
3600.0,1541,10508.968827
2500.0,1383,10512.65122
3100.0,1761,10524.466986
3200.0,1444,10528.518706
3100.0,1490,10532.468276
3000.0,1267,10535.572643
3200.0,1392,10539.540827
3800.0,1415,10543.377837
3500.0,1641,10547.27032
3600.0,1573,10550.982264
2800.0,1471,10555.099201
2700.0,1322,10564.418509
2700.0,1274,10567.985003
3400.0,1375,10571.173085
3300.0,1368,10575.08423
3000.0,1483,10579.048767
2600.0,1369,10582.279202
3200.0,1846,10586.803646
3300.0,1467,10590.464688
2700.0,1449,10594.426606
3300.0,1388,10605.093251
3400.0,1488,10609.137954
2900.0,1717,10613.589084
3500.0,1481,10617.584939
2600.0,1407,10621.307173
3400.0,1268,10623.963974
2800.0,1464,10627.523205
3100.0,1354,10631.03851
3900.0,1626,10642.187877
3100.0,1256,10645.329419
3600.0,1488,10649.44851
3100.0,1361,10653.398823
2700.0,1500,10657.586151
2900.0,1325,10660.601202
3300.0,1271,10663.709004
3100.0,1433,10666.711516
2800.0,1373,10670.335302
3300.0,1503,10681.834034
3700.0,1566,10686.018686
3000.0,1357,10689.914128
3000.0,1322,10693.190404
3000.0,1275,10696.805047
4700.0,1836,10701.130355
3600.0,1813,10705.768837
3000.0,1416,10708.981167
3200.0,1359,10712.766509
3600.0,1240,10722.815964
2900.0,1276,10726.44802
3000.0,1306,10729.630149
3400.0,1551,10733.823414
3800.0,1757,10738.684716
3500.0,1475,10742.438707
3300.0,1488,10745.644825
2800.0,1343,10749.320689
3500.0,1609,10753.507843
3700.0,1838,10767.287117
3300.0,1409,10770.646362
3300.0,1770,10775.662699
3000.0,1317,10778.819549
2600.0,1322,10782.137492
3500.0,1485,10785.751818
3400.0,1485,10789.180857
1050.0,693,10791.368128
4000.0,1831,10803.446076
3900.0,1596,10807.801654
3100.0,1510,10811.88774
4600.0,1688,10816.784286
2800.0,1272,10819.896363
3000.0,1278,10822.797695
3100.0,1292,10826.280914
2900.0,1322,10829.797512
3200.0,1485,10833.362988
2900.0,1355,10844.372
3200.0,1572,10848.802469
2800.0,1515,10853.03113
2900.0,1279,10856.232603
3000.0,1702,10860.869063
3300.0,1614,10864.664623
3600.0,1752,10869.027705
2800.0,1321,10872.758673
2700.0,1403,10876.002871
2900.0,1553,10887.019256
3300.0,1825,10892.308725
2900.0,1418,10896.408167
3900.0,1845,10900.844743
2700.0,1262,10904.25074
2500.0,1204,10906.997007
3800.0,1636,10911.184659
3000.0,1395,10915.054161
2700.0,1308,10925.090128
2900.0,1417,10928.985313
4400.0,1971,10934.653226
3600.0,1389,10938.414958
3300.0,1793,10942.500078
2900.0,1358,10945.829919
2900.0,1264,10948.761789
3200.0,1443,10952.728693
3000.0,1893,10964.274927
2800.0,1552,10968.547342
1550.0,898,10971.133375
3100.0,1512,10975.269258
3000.0,1359,10979.023631
2600.0,1493,10982.099159
3100.0,1436,10985.535929
3200.0,1503,10989.454211
3300.0,1330,10993.114036
2600.0,1244,11002.991195
4100.0,1598,11007.234032
2900.0,1260,11010.567871
2700.0,1467,11014.63865
3200.0,1638,11018.786954
3100.0,1596,11022.629188
3100.0,1557,11026.419866
3400.0,1499,11030.32652
2800.0,1197,11033.805082
3500.0,1790,11045.147365
2800.0,1358,11048.968893
2700.0,1147,11051.96705
2700.0,1323,11055.789021
3100.0,1466,11059.318896
2500.0,1536,11062.970011
3100.0,1407,11066.462684
3100.0,1375,11070.282264
3400.0,1354,11073.554067
3100.0,1386,11084.711339
3000.0,1316,11087.96859
3700.0,1708,11092.823846
3300.0,1486,11096.884837
2700.0,1373,11099.895375
3900.0,1480,11103.417968
3700.0,1697,11107.46571
3200.0,1524,11111.505901
3100.0,1403,11115.419486
3400.0,1354,11126.512962
3200.0,1473,11130.661956
2800.0,1376,11134.512966
3700.0,1579,11138.499338
3100.0,1505,11142.24263
3000.0,1290,11145.048524
3000.0,1324,11148.485156
3700.0,1408,11152.409635
3000.0,1532,11156.419454
3600.0,1673,11167.216245
3600.0,1620,11171.509224
3300.0,1352,11174.894159
2600.0,1477,11178.711474
3400.0,1517,11182.422909
3800.0,1660,11186.662245
3400.0,1392,11190.595494
850.0,664,11192.237896
3300.0,1503,11203.433971
3500.0,1453,11207.56421
2050.0,1066,11210.481702
3400.0,1701,11214.66344
4100.0,1721,11219.045737
3500.0,1432,11222.279629
3000.0,1814,11227.19965
2700.0,1213,11230.386865
3300.0,1626,11234.985902
3300.0,1545,11246.887805
3100.0,1315,11250.751366
4700.0,1897,11255.862939
3200.0,1510,11259.119353
3000.0,1435,11262.667977
3600.0,1595,11266.862383
2600.0,1323,11270.703415
2900.0,1421,11274.786714
3500.0,1590,11286.005053
3500.0,1406,11289.543913
4500.0,1797,11294.755335
4700.0,1947,11299.801859
3300.0,1450,11303.209192
3500.0,1525,11306.98338
3500.0,1612,11311.161726
2700.0,1380,11315.076397
4100.0,1510,11326.164578
4300.0,1708,11330.941372
4000.0,1749,11336.025442
3000.0,1668,11340.043017
3000.0,1158,11342.671163
1200.0,614,11344.169757
2700.0,1411,11347.869008
3200.0,1556,11351.822036
2900.0,1425,11355.850179
3500.0,1578,11368.007629
2500.0,1076,11370.891333
4300.0,1746,11375.236927
2700.0,1458,11379.02881
3200.0,1510,11382.782048
3600.0,1564,11386.595286
2900.0,1673,11390.782497
2900.0,1353,11394.631851
3500.0,1317,11397.963656
3100.0,1375,11408.719238
4400.0,1895,11413.890591
3000.0,1330,11416.987845
1350.0,867,11419.30267
2900.0,1549,11423.165303
2400.0,1453,11427.008992
3600.0,1543,11430.89701
3000.0,1420,11434.495646
2500.0,1430,11438.56288
2200.0,1099,11448.593723
3300.0,1578,11452.896052
3400.0,1496,11456.699399
2900.0,1471,11460.455153
3000.0,1389,11464.087503
3300.0,2059,11469.266188
3900.0,1558,11473.516447
2700.0,1246,11476.777339
3100.0,1450,11487.687428
3500.0,1477,11491.813204
3000.0,1398,11495.052154
3100.0,1478,11498.660353
2800.0,1555,11502.501948
4000.0,1734,11506.570606
3200.0,1415,11510.450415
2800.0,1389,11514.362905
3400.0,1342,11517.659207
3000.0,1247,11528.275273
2350.0,1244,11531.261967
3100.0,1314,11534.652747
3500.0,1661,11538.680072
2100.0,993,11541.149733
2700.0,1183,11544.046711
3900.0,1878,11549.364873
3500.0,1618,11553.487115
2800.0,1759,11557.913516
2700.0,1389,11568.290424
2600.0,1541,11572.141478
3200.0,1528,11576.180108
3900.0,1690,11580.379781
3100.0,1384,11583.983345
3400.0,1376,11587.685681
3800.0,1819,11592.409571
3500.0,1694,11596.703523
3700.0,1934,11608.482015
2900.0,1341,11611.922007
2900.0,1722,11616.448163
3000.0,1521,11620.295895
3100.0,1255,11623.327833
3000.0,1195,11626.864684
2900.0,1499,11630.454439
2700.0,1228,11634.073859
2900.0,1421,11637.961695
3600.0,1697,11649.787144
2900.0,1195,11652.593295
3600.0,1508,11656.706912
2900.0,1202,11659.681648
2500.0,1480,11663.325036
2700.0,1428,11667.102798
3100.0,1529,11671.240302
5700.0,2178,11676.835766
3000.0,1430,11688.195788
3000.0,1491,11692.090654
3600.0,1659,11696.527251
3900.0,1788,11700.794181
2800.0,1198,11704.179039
3300.0,1560,11708.263139
3600.0,1526,11712.357519
3000.0,1233,11715.385608
3800.0,1485,11726.722189
4000.0,1736,11730.924078
2800.0,1420,11735.123459
2500.0,1409,11738.381802
2700.0,1294,11741.815756
3400.0,1753,11746.121821
2900.0,1239,11749.774894
3100.0,1518,11753.942106
2600.0,1330,11757.341887
3000.0,1321,11768.046394
2900.0,1222,11770.893695
2900.0,1374,11774.7268
2800.0,1423,11778.472994
3100.0,1376,11781.690684
2300.0,1045,11784.308726
2300.0,1161,11787.202427
2500.0,1281,11790.871607
4600.0,1853,11795.634068
2900.0,1373,11799.50845
3100.0,1379,11810.421151
3000.0,1414,11813.740891
2800.0,1413,11817.571342
2700.0,1507,11821.591765
2600.0,1451,11825.636144
3100.0,1605,11829.798821
3400.0,1623,11834.038924
2700.0,1478,11838.007375
3300.0,1542,11848.336303
3100.0,1328,11851.364149
2900.0,1271,11855.036904
2500.0,1257,11857.94442
3600.0,1636,11862.319496
3000.0,1428,11866.300256
3300.0,1828,11871.439428
2500.0,1301,11874.678485
4100.0,1551,11878.797151
4000.0,1593,11890.155355
2800.0,1376,11893.802439
2900.0,1335,11896.917311
3000.0,1401,11900.735254
2600.0,1357,11904.457898
3400.0,1491,11908.479748
3200.0,1392,11911.828757
3100.0,1415,11915.79282
3200.0,1455,11919.849922
3600.0,1403,11930.508295
3000.0,1264,11934.047678
3400.0,1582,11938.078589
3300.0,1705,11942.213631
3200.0,1350,11946.011898
3400.0,1556,11950.241411
4300.0,1593,11954.424909
3400.0,1559,11958.509949
2500.0,1334,11969.563497
3000.0,1223,11973.102844
3200.0,1246,11976.18802
4100.0,1619,11980.475893
3600.0,1503,11984.527419
2600.0,1310,11988.397132
3800.0,1494,11992.161277
4300.0,1973,11997.720717
3000.0,1307,12001.452706
4800.0,1831,12013.193482
3700.0,1614,12017.221852
2900.0,1504,12021.42182
3500.0,1616,12025.639205
3100.0,1943,12030.911746
3000.0,1315,12034.74871
3100.0,1217,12037.857552
3500.0,1380,12041.704837
2800.0,1131,12051.139342
3200.0,1473,12054.844152
3400.0,1569,12058.754102
3000.0,1682,12062.847085
3200.0,1427,12066.712449
4000.0,1706,12071.260618
3200.0,1358,12075.226815
3000.0,1504,12078.755049
3000.0,1335,12082.592644
3200.0,1326,12093.083593
2900.0,1361,12096.136443
3900.0,1672,12100.323351
3800.0,1538,12104.408549
3400.0,1509,12108.42028
3200.0,1478,12112.464878
3200.0,1763,12117.427094
2700.0,1197,12120.424879
2800.0,1366,12123.998258
3400.0,1445,12133.32115
3700.0,1875,12138.380346
2600.0,1202,12141.477915
2800.0,1323,12145.308587
2500.0,1192,12148.360538
2800.0,1353,12152.206318
3000.0,1355,12155.597221
3300.0,1320,12159.239709
3700.0,1449,12163.014816
2600.0,1025,12172.529372
3400.0,1657,12176.864365
3100.0,1460,12180.851931
2900.0,1538,12184.832098
3100.0,1514,12188.31142
2800.0,1187,12191.964973
2800.0,1435,12196.012863
3000.0,1267,12199.211879
3100.0,1311,12203.058845
3500.0,1620,12214.178229
3900.0,1731,12218.707583
3300.0,1462,12222.770166
3700.0,1511,12226.887645
4000.0,1559,12231.14602
4200.0,1673,12235.54454
2700.0,1465,12239.540824
2200.0,1140,12242.324824
3100.0,1443,12252.529959
2800.0,1336,12255.748685
4000.0,1729,12260.31455
3000.0,1323,12264.142949
2600.0,1197,12267.120213
3000.0,1261,12270.735425
3100.0,1347,12274.065576
2800.0,1273,12277.785201
3600.0,1523,12281.582871
3000.0,1594,12291.982732
4300.0,1566,12295.881665
1700.0,1030,12298.589676
3100.0,1552,12302.689302
3300.0,1586,12306.844587
4000.0,1597,12310.955026
2600.0,1711,12315.463579
4000.0,1568,12319.391863
2900.0,1213,12322.655674
3000.0,1499,12332.861801
3400.0,1566,12337.650794
4200.0,1504,12341.37432
2800.0,1335,12345.133318
3200.0,1443,12349.114135
2600.0,1202,12352.156982
3000.0,1448,12356.165818
2900.0,1390,12360.049907
3800.0,1560,12364.351766
3000.0,1641,12375.945415
3100.0,1330,12379.362461
3600.0,1566,12383.610596
2700.0,1403,12387.390156
3800.0,1679,12391.804045
1250.0,721,12393.932091
3700.0,1696,12398.025613
2900.0,1431,12401.678197
3100.0,1530,12412.40051
3200.0,1307,12415.5072
4100.0,1942,12420.840151
3000.0,1301,12424.179139
2800.0,1366,12428.174242
4500.0,1782,12432.835758
2900.0,1343,12436.606493
3200.0,1551,12440.491124
2900.0,1450,12444.559873
3100.0,1305,12454.024062
3000.0,1475,12458.123526
2500.0,1212,12461.679637
3000.0,1728,12466.06005
3200.0,1378,12470.048473
3200.0,1605,12474.223519
3000.0,1372,12477.407636
2800.0,1325,12481.087909
3000.0,1394,12484.329206
3900.0,1502,12494.345641
3300.0,1339,12498.156088
2900.0,1261,12501.301982
3100.0,1387,12505.13901
4200.0,1659,12509.657913
3200.0,1425,12513.831886
4400.0,2113,12519.020168
3700.0,1752,12523.129229
2700.0,1246,12533.195562
3300.0,1628,12537.584408
3400.0,1562,12541.809755
1000.0,571,12543.269793
2900.0,1449,12547.238
2900.0,1614,12551.505554
3000.0,1180,12554.461647
3000.0,1339,12558.060749
3000.0,1325,12561.139291
4100.0,1802,12572.105671
3600.0,1412,12576.379192
2800.0,1230,12579.56532
3600.0,1396,12583.476627
2900.0,1491,12587.153787
3200.0,1364,12591.160538
3100.0,1722,12595.826493
3400.0,1563,12599.698591
4300.0,1779,12604.244133
3100.0,1558,12614.729761
2600.0,1315,12617.940606
2600.0,1458,12622.115666
3600.0,1424,12626.255185
3000.0,1473,12630.260134
2700.0,1191,12633.237028
2700.0,1250,12636.381958
3400.0,1557,12640.316389
3900.0,1738,12644.79888
2600.0,1348,12654.911612
1550.0,971,12657.544428
2800.0,1342,12661.330996
3500.0,1797,12666.066618
3000.0,1565,12670.219083
2900.0,1624,12674.494231
3700.0,1514,12678.328026
3000.0,1253,12681.813865
2300.0,1668,12692.350697
2450.0,1301,12695.384113
3000.0,1688,12700.263492
2800.0,1481,12704.260959
3100.0,1244,12707.306989
4000.0,1813,12711.81734
3100.0,1492,12715.684767
3300.0,1541,12719.565139
3400.0,1787,12724.439988
2800.0,1295,12735.441138
2150.0,1226,12739.027995
2500.0,1301,12742.317389
2700.0,1378,12746.144204
2700.0,1458,12749.636991
3200.0,1445,12753.705693
2600.0,1493,12757.9215
2900.0,1445,12761.720169
3300.0,1343,12765.188022
3000.0,1224,12774.772311
3100.0,1428,12778.971133
3800.0,1812,12783.645012
2900.0,1395,12787.43828
3600.0,1648,12791.858633
2700.0,1638,12796.157921
3000.0,1194,12799.148894
1250.0,697,12801.18387
2700.0,1325,12804.150534
2900.0,1482,12814.615313
2500.0,1332,12818.531896
3100.0,1563,12822.695364
3100.0,1305,12825.980411
4100.0,1743,12830.419178
3600.0,1627,12835.294369
3600.0,1487,12838.76937
3600.0,1409,12842.295074
3800.0,1553,12852.685635
2800.0,1436,12856.531328
3100.0,1572,12860.68861
3400.0,1324,12863.882765
3000.0,1541,12867.916284
3000.0,1328,12871.807759
4400.0,1937,12877.194841
3600.0,1426,12880.364226
2800.0,1429,12883.791705
3200.0,1523,12894.679994
3100.0,1358,12898.636198
2600.0,1636,12902.882857
3400.0,1587,12907.025156
2800.0,1285,12910.16188
3600.0,1658,12914.880867
3800.0,1647,12919.154392
3300.0,1579,12922.951263
4300.0,1713,12933.643952
3500.0,1509,12937.848578
3800.0,1716,12942.436553
3600.0,1514,12946.484254
2900.0,1232,12950.110141
2900.0,1408,12953.579016
4000.0,1847,12958.689838
3000.0,1343,12962.048526
2800.0,1509,12971.307893
3200.0,1335,12975.173978
3000.0,1250,12978.600048
3000.0,1379,12982.732923
3300.0,1577,12987.121305
3300.0,1569,12991.454029
1000.0,523,12992.915852
2700.0,1291,12996.592465
3500.0,1575,13000.767259
3300.0,1512,13003.864077
3200.0,1379,13014.249372
3000.0,1344,13018.117496
2500.0,1329,13021.632587
2900.0,1449,13025.777278
3800.0,1775,13030.315994
2800.0,1703,13035.183466
3000.0,1286,13038.601285
3000.0,1249,13042.080833
3100.0,1409,13044.943513
3300.0,1657,13056.76336
3300.0,1402,13060.873103
3100.0,1567,13064.959008
5100.0,2003,13070.610721
3900.0,1431,13074.563817
2800.0,1515,13078.776481
2900.0,1625,13082.675072
3200.0,1344,13085.518716
3200.0,1366,13096.387228
3300.0,1322,13100.184142
4500.0,1798,13104.866394
3400.0,1543,13109.056325
3200.0,1405,13112.880108
2900.0,1442,13116.845418
4500.0,1948,13121.546121
2000.0,1045,13123.970503
3200.0,1455,13133.731166
3300.0,1504,13138.06154
3100.0,1438,13142.191643
3100.0,1641,13146.48573
4700.0,1792,13151.057609
2700.0,1374,13154.802886
3700.0,1867,13159.877423
2900.0,1298,13163.180231
3000.0,1642,13167.429045
3200.0,1533,13178.442769
2600.0,1332,13182.188491
3300.0,1345,13185.458755
3000.0,1426,13189.325451
4500.0,1758,13193.782754
3200.0,1329,13197.531137
2800.0,1345,13201.007947
3100.0,1379,13204.039369
3700.0,1750,13216.827623
3400.0,1415,13220.348366
2600.0,1268,13224.13419
3500.0,1687,13228.582177
3200.0,1509,13232.550642
3300.0,1395,13236.420816
2700.0,1330,13239.553574
3000.0,1498,13243.155615
3500.0,1504,13247.181489
3400.0,1568,13259.086346
3400.0,1532,13263.122367
3100.0,1444,13266.977978
3600.0,1779,13271.4932
2600.0,1672,13275.822566
4100.0,1706,13280.481589
3600.0,1466,13283.662507
3300.0,1365,13287.460975
3300.0,1374,13299.160577
4200.0,1721,13303.653585
3600.0,1526,13307.807712
3100.0,1381,13311.615477
2700.0,1452,13315.140164
3600.0,1394,13318.862887
3000.0,1536,13322.664529
2600.0,1410,13326.089896
3100.0,1323,13329.158242
3200.0,1450,13340.45398
2900.0,1437,13344.5508
3200.0,1540,13348.901082
2700.0,1166,13352.223226
2900.0,1287,13356.196651
2450.0,1405,13359.400703
3000.0,1412,13362.956983
2700.0,1258,13365.684703
3100.0,1534,13369.432973
4300.0,1619,13380.836605
2800.0,1442,13384.902477
2450.0,1389,13388.741682
4100.0,1669,13393.023834
5200.0,2313,13399.341785
2900.0,1429,13402.462523
3500.0,1452,13406.082179
3300.0,1615,13410.127708
3200.0,1471,13420.800692
3400.0,1530,13424.910005
3100.0,1312,13428.818067
3200.0,1594,13433.248982
2500.0,1191,13436.121646
3600.0,1446,13439.810342
3500.0,1838,13443.796788
2900.0,1360,13447.251797
3200.0,1895,13458.802269
3400.0,1502,13462.395123
3900.0,1701,13467.389071
4300.0,1685,13471.733691
3200.0,1277,13475.069934
1050.0,809,13477.37872
3300.0,1500,13481.0154
2500.0,1489,13484.536444
2700.0,1154,13487.310877
3100.0,1347,13498.385921
3400.0,1434,13501.801135
3200.0,1500,13505.938703
3000.0,1494,13509.957984
3900.0,1545,13514.302362
3200.0,1300,13517.752315
3700.0,1617,13521.455297
4100.0,1827,13525.624847
3100.0,1482,13529.502872
3700.0,1718,13541.338564
3800.0,1530,13545.431987
2800.0,1290,13549.043221
3000.0,1315,13552.302899
2200.0,1066,13555.158818
3300.0,1596,13559.157981
3400.0,1379,13562.814848
2500.0,1300,13566.476052
2900.0,1315,13569.711227
3300.0,1492,13580.691732
3600.0,1583,13585.063022
3800.0,1423,13589.145201
6000.0,2230,13595.131717
3300.0,1362,13598.679493
3100.0,1424,13601.712178
3400.0,1435,13605.314584
2900.0,1298,13609.086046
2900.0,1187,13618.60031
4000.0,1487,13622.591196
3500.0,1231,13625.936702
3700.0,1655,13630.32643
3100.0,1783,13635.037828
3100.0,1392,13638.174111
3200.0,1410,13642.165006
3000.0,1503,13646.017846
3300.0,1795,13657.525461
3000.0,1284,13661.036449
3800.0,1562,13665.19368
4800.0,1984,13670.509337
3400.0,1468,13674.200606
3700.0,1681,13678.381886
3400.0,1615,13682.418577
3700.0,1592,13686.378042
2600.0,1274,13689.512064
3100.0,1363,13701.057724
3700.0,1471,13705.012952
4100.0,1699,13709.152744
3400.0,1829,13713.872415
3300.0,1603,13717.91701
3200.0,1225,13720.786523
3200.0,1524,13724.931344
3000.0,1558,13729.284354
2300.0,1332,13740.443571
3000.0,1311,13743.562479
5200.0,2056,13748.95118
3400.0,1604,13752.908079
3600.0,1338,13756.762558
3000.0,1508,13760.926282
2500.0,1376,13764.17547
4300.0,2011,13769.691333
2800.0,1478,13782.094661
3000.0,1687,13786.587521
3800.0,1635,13791.056793
4100.0,1612,13794.996827
3900.0,1651,13799.139753
2600.0,1701,13803.328429
2800.0,1329,13806.800522
3500.0,1627,13811.092204
3400.0,1789,13822.009722
3600.0,1696,13826.481535
3200.0,1490,13830.567495
3300.0,1420,13834.269925
3600.0,1621,13838.500616
3100.0,1623,13842.524155
3000.0,1366,13846.440911
3500.0,1402,13850.350787
3400.0,1567,13862.211228
3100.0,1714,13866.631365
2050.0,1216,13869.519289
2700.0,1317,13872.883287
1200.0,594,13874.34485
2000.0,851,13876.837329
2800.0,1364,13879.997019
2900.0,1262,13883.40759
3600.0,1555,13887.394928
2900.0,1644,13891.509152
2900.0,1201,13901.139549
2800.0,1405,13904.885237
3000.0,1287,13907.804759
3400.0,1542,13911.526411
3500.0,1723,13916.20638
3500.0,1368,13919.456131
2600.0,1165,13922.646632
3500.0,1530,13925.861214
3100.0,1446,13929.652359
2800.0,1357,13941.11274
3400.0,1455,13944.794374
2300.0,1079,13947.469054
2600.0,1177,13950.200736
3200.0,1702,13954.469426
3500.0,1632,13958.649077
3000.0,1225,13961.933836
3000.0,1501,13965.871995
3700.0,1671,13970.475676
3100.0,1251,13980.410983
2300.0,1066,13983.032164
2800.0,1417,13986.661976
3700.0,1641,13990.604521
2600.0,1400,13994.18331
3300.0,1368,13997.768402
3500.0,1684,14001.75079
2900.0,1453,14005.854588
1700.0,1148,14008.885636
2700.0,1148,14018.222094
3400.0,1287,14021.163821
4000.0,1561,14024.977585
3500.0,1398,14028.622566
2500.0,1348,14032.364853
2800.0,1385,14035.429904
3500.0,1836,14040.32282
2700.0,1261,14043.458926
2500.0,1388,14047.255609
3700.0,1561,14058.632211
2800.0,1171,14061.44171
3800.0,1456,14065.101669
3000.0,1601,14069.393119
4400.0,1706,14073.505173
2700.0,1517,14077.301674
2100.0,1143,14080.804104
2600.0,1223,14084.054135
3200.0,1514,14088.060628
3300.0,1533,14099.258479
3100.0,1399,14102.312595
3300.0,1472,14106.280339
4600.0,1863,14111.291478
2800.0,1334,14114.409235
1900.0,1121,14117.584059
3500.0,1440,14120.955186
4400.0,1824,14125.94431
2900.0,1183,14128.881438
3400.0,1619,14139.371223
3000.0,1682,14143.381691
3300.0,1427,14147.262035
3000.0,1252,14150.78242
3500.0,1459,14154.106437
3300.0,1466,14157.792346
2100.0,1190,14161.289696
3200.0,1669,14165.707938
950.0,459,14166.952554
2900.0,1187,14176.641578
2800.0,1398,14180.218858
3000.0,1370,14183.550982
3400.0,1661,14187.90297
2800.0,1259,14191.472028
2600.0,1440,14195.095852
2900.0,1529,14198.829999
3900.0,1578,14203.110755
5400.0,2122,14216.003921
3200.0,1402,14219.17034
3300.0,1508,14223.31373
3700.0,1651,14227.672719
2700.0,1407,14231.279721
4300.0,1759,14235.905951
3600.0,1535,14239.307443
3400.0,1417,14243.132663
1700.0,951,14245.684958
3200.0,1541,14256.065628
4500.0,1764,14260.482507
2700.0,1273,14264.089769
2900.0,1291,14267.157404
2800.0,1412,14271.018532
3000.0,1457,14274.563551
2800.0,1290,14277.606185
3700.0,1482,14281.659433
3100.0,1459,14285.62937
3700.0,1457,14296.179877
3000.0,1624,14300.397446
3200.0,1310,14303.59257
3600.0,1582,14307.693284
2700.0,1262,14311.131299
3000.0,1587,14314.993062
2900.0,1436,14318.769308
3300.0,1203,14321.878935
2900.0,1322,14325.595018
3200.0,1397,14335.762836
2900.0,1577,14339.8861
2900.0,1385,14343.71279
4500.0,1895,14348.645905
3000.0,1422,14351.768526
3500.0,1526,14355.672962
2600.0,1237,14359.235871
2800.0,1339,14362.409193
2700.0,1375,14372.364156
3600.0,1547,14376.34103
2700.0,1236,14379.331026
3200.0,1423,14383.147329
2700.0,1446,14386.85307
2700.0,1306,14389.817003
3000.0,1349,14393.585387
4500.0,1516,14397.635441
3800.0,1485,14401.537427
2800.0,1385,14411.409513
3600.0,1691,14415.761049
3900.0,1410,14419.729639
3800.0,1507,14423.58784
3000.0,1303,14427.108578
2150.0,1122,14429.827919
3200.0,1476,14433.742354
3100.0,1415,14437.189537
3300.0,1331,14441.082997
2800.0,1361,14444.299149
3700.0,1528,14455.593267
3700.0,1404,14459.532591
2700.0,1389,14463.171156
3200.0,1438,14466.799843
3800.0,1591,14470.838889
3000.0,1580,14475.204101
3200.0,1309,14478.41429
2900.0,1569,14482.325589
2800.0,1255,14493.583716
2800.0,1313,14496.747698
2900.0,1532,14500.668843
3000.0,1537,14504.450998
1700.0,781,14506.507767
3300.0,1490,14509.924053
4900.0,2211,14516.163058
4300.0,1964,14520.635006
2700.0,1395,14524.169462
3200.0,1304,14535.116855
2700.0,1396,14538.39625
3300.0,1407,14541.930093
3000.0,1614,14545.838444
4200.0,1671,14550.083205
4700.0,1650,14554.799754
3500.0,1501,14558.125529
3400.0,1417,14561.751554
3800.0,1354,14573.437123
3800.0,1546,14577.530766
3800.0,1603,14581.387241
3200.0,1360,14584.49604
3100.0,1149,14587.852176
3300.0,1282,14591.003371
3600.0,1551,14595.05909
3200.0,1351,14598.799837
3200.0,1383,14601.925884
3000.0,1651,14612.93032
4000.0,1650,14617.652838
3400.0,1439,14620.825106
3900.0,1490,14624.810194
3500.0,1675,14629.017136
3600.0,1445,14632.754755
3100.0,1297,14636.172398
3200.0,1367,14639.220542
3300.0,1590,14643.249441
2350.0,1113,14653.656325
2200.0,1175,14656.444641
3400.0,1436,14660.224149
3900.0,1422,14663.625702
3600.0,1458,14667.519735
2700.0,1249,14670.978624
2800.0,1232,14673.845652
2700.0,1234,14676.641719
2800.0,1520,14680.536577
4100.0,1767,14692.7168
1500.0,898,14694.615711
2900.0,1328,14698.146004
1400.0,689,14699.698283
3200.0,1422,14703.537234
3700.0,1543,14707.645565
2800.0,1518,14711.577113
2700.0,1505,14715.391815
1350.0,677,14717.053532
1350.0,787,14718.849817
2800.0,1346,14722.56691
2800.0,1385,14732.362328
2700.0,1213,14735.184092
4300.0,1764,14739.396411
3000.0,1332,14743.152281
2700.0,1444,14747.102969
3200.0,1367,14750.156903
3400.0,1317,14753.55619
3000.0,1701,14757.658173
3200.0,1467,14768.978406
2800.0,1350,14772.433053
3000.0,1402,14775.44992
4100.0,1738,14780.190451
2900.0,1193,14783.071753
2900.0,1730,14787.519014
3400.0,1415,14791.200838
3800.0,1332,14794.686736
3000.0,1541,14798.648616
3100.0,1382,14809.143271
2700.0,1251,14812.60653
2900.0,1511,14816.459007
2900.0,1276,14819.583188
3100.0,1526,14823.52922
2700.0,1333,14826.688424
2800.0,1209,14829.938409
3200.0,1424,14833.604403
2600.0,1405,14836.87258
4700.0,2051,14848.260669
2800.0,1330,14851.76323
2800.0,1380,14854.804209
2900.0,1221,14858.201486
2900.0,1393,14861.649626
3700.0,1639,14865.663381
3800.0,1593,14869.959881
750.0,610,14871.34879
2900.0,1458,14874.600518
3300.0,1599,14885.977022
3300.0,1525,14889.292105
3000.0,1582,14893.66638
3000.0,1519,14896.995153
2800.0,1520,14900.844041
3000.0,1242,14904.182622
3100.0,1272,14907.040899
3900.0,1661,14911.263181
3300.0,1536,14915.319114
4400.0,1770,14926.921373
3700.0,1730,14931.014054
4500.0,1852,14935.827114
2900.0,1448,14939.061021
3900.0,1888,14943.782658
3400.0,1395,14947.376832
3700.0,1412,14950.746669
2800.0,1288,14954.410521
3200.0,1477,14964.9291
3400.0,1395,14968.065321
3500.0,1317,14971.533312
3400.0,1290,14974.506634
2800.0,1344,14977.958585
3300.0,1360,14981.39582
3100.0,1496,14985.049124
3400.0,1529,14988.570031
2700.0,1222,14992.038404
3000.0,1475,15001.73966
4400.0,2030,15006.950433
3600.0,1643,15010.91764
3100.0,1451,15014.88263
2600.0,1159,15017.698172
2900.0,1347,15020.825925
3300.0,1616,15024.824322
4800.0,1782,15029.815148
3200.0,1320,15039.779236
3400.0,1530,15043.737272
3000.0,1612,15048.181196
3200.0,1346,15051.342293
4100.0,1826,15056.501847
1900.0,1038,15059.127074
3100.0,1326,15062.237608
3600.0,1874,15067.358075
3000.0,1617,15071.52924
3500.0,1478,15082.020643
3700.0,1941,15086.369703
3400.0,1519,15090.234404
2800.0,1479,15094.078089
3500.0,1547,15097.824922
4200.0,1562,15101.612016
2800.0,1225,15105.056936
4100.0,1837,15109.633212
3200.0,1523,15119.925608
2500.0,1297,15123.356039
2800.0,1298,15126.340946
2800.0,1457,15130.204524
3200.0,1537,15134.000154
3200.0,1618,15137.885583
4200.0,1653,15141.946872
3100.0,1249,15145.301926
2800.0,1630,15156.78357
2600.0,1171,15159.721504
2900.0,1632,15163.683997
2800.0,1118,15166.34147
3000.0,1283,15169.932124
3300.0,1450,15173.243261
2000.0,1074,15176.293573
2800.0,1342,15179.30722
3100.0,1501,15183.300188
3000.0,1577,15187.31129
4300.0,1599,15198.768828
3500.0,1274,15202.149234
1300.0,671,15203.670749
3000.0,1372,15206.924973
3300.0,1423,15210.628329
2600.0,1425,15214.243871
3200.0,1365,15217.751065
3400.0,1446,15220.990526
2900.0,1462,15224.919417
4300.0,1969,15236.64423
3600.0,1806,15240.864399
1550.0,739,15242.977786
600.0,397,15244.10796
3200.0,1442,15247.450646
900.0,544,15248.76571
3900.0,2098,15254.122509
1800.0,1047,15256.668344
3800.0,1664,15261.456364
2800.0,1509,15265.117463
3600.0,1445,15276.271599
3500.0,1952,15281.25668
1900.0,985,15283.807599
3500.0,1431,15287.616581
2900.0,1719,15291.631212
2700.0,1487,15295.25951
1100.0,759,15296.827506
3000.0,1264,15300.100451
3300.0,1474,15303.207601
2900.0,1162,15312.498843
2900.0,1412,15315.308575
3000.0,1337,15318.455498
2600.0,1320,15321.804117
2800.0,1297,15324.740551
2600.0,1188,15327.593781
2500.0,1264,15330.979295
3000.0,1302,15333.779096
3100.0,1425,15337.291294
2800.0,1301,15340.085748
3900.0,1703,15351.309382
3000.0,1363,15354.043854
3000.0,1374,15357.355392
2600.0,1335,15360.735999
3200.0,1446,15363.779647
3200.0,1396,15367.221328
3500.0,1487,15370.793115
2800.0,1455,15374.349232
2600.0,1349,15377.244934
3800.0,1724,15388.150304
3100.0,1560,15391.697806
4700.0,2137,15396.724604
3200.0,1364,15399.691402
1050.0,516,15400.973045
1550.0,1059,15403.519944
3000.0,1478,15407.19813
1350.0,881,15409.428474
3000.0,1449,15412.982634
3500.0,1771,15422.90493
3100.0,1551,15426.388389
2800.0,1366,15429.858296
3000.0,1360,15432.805404
3600.0,1573,15436.535441
3500.0,1439,15439.968404
2900.0,1374,15443.474343
3600.0,1634,15447.266243
2700.0,1294,15456.336627
2900.0,1376,15459.638602
3500.0,1577,15463.408287
2900.0,1232,15466.246721
3100.0,1718,15470.923926
3200.0,1436,15473.981806
3600.0,1557,15477.685999
3500.0,1589,15481.870364
2800.0,1549,15485.568842
2900.0,1304,15496.093243
3200.0,1520,15500.033135
4300.0,1980,15504.93298
3200.0,1284,15507.728695
3700.0,1560,15511.406828
3300.0,1621,15515.217268
3200.0,1664,15519.869997
3900.0,1828,15523.882051
3500.0,1790,15535.358809
2800.0,1554,15539.05999
3600.0,1612,15542.833526
3200.0,1388,15545.7952
3300.0,1857,15550.352817
3300.0,1408,15553.753804
3100.0,1407,15556.736779
3300.0,1672,15560.988667
2700.0,1327,15569.978976
3500.0,1581,15573.663439
3900.0,1516,15577.256547
2700.0,1203,15579.952699
4400.0,1922,15584.640152
3000.0,1177,15587.298738
3000.0,1575,15591.006215
3700.0,1379,15594.422112
3700.0,1431,15597.734487
2700.0,1345,15606.807861
2800.0,1407,15610.254646
2500.0,1279,15613.507538
2900.0,1419,15616.513323
1350.0,681,15618.438886
3700.0,1561,15622.10296
4000.0,1813,15626.135899
2200.0,963,15628.461813
3100.0,1274,15631.278025
3100.0,1577,15640.845942
3300.0,1521,15644.458369
3300.0,1545,15648.121222
3600.0,1669,15652.406124
3800.0,1614,15656.159844
1650.0,1010,15658.551108
2000.0,1236,15661.263654
2500.0,1381,15664.651037
2900.0,1149,15667.262752
2000.0,1332,15675.688541
3100.0,1599,15679.774693
2900.0,1285,15682.604357
2900.0,1350,15685.992411
3700.0,1515,15689.558514
3100.0,1322,15692.440309
2800.0,1420,15695.894988
3700.0,1615,15699.616452
3100.0,1376,15702.998249
3500.0,1594,15712.669352
2800.0,1255,15715.424655
2800.0,1347,15718.807551
1100.0,887,15720.578312
2350.0,1193,15723.720519
3800.0,1572,15727.396641
4000.0,1876,15731.453875
2700.0,1372,15734.832232
3600.0,1433,15738.311707
2900.0,1377,15746.999074
3600.0,1559,15750.624557
3600.0,1562,15754.287316
3200.0,1305,15757.592866
1450.0,735,15759.146278
3200.0,1452,15762.700284
3000.0,1398,15766.142488
3300.0,1451,15769.149257
3400.0,1436,15772.656513
3600.0,1525,15783.497113
4000.0,1622,15787.212473
3000.0,1417,15790.768811
2700.0,1310,15793.637803
3000.0,1317,15796.944125
2700.0,1340,15799.827106
2900.0,1299,15803.105489
2300.0,1172,15805.708341
2700.0,1187,15808.822088
5200.0,1759,15812.620191
2900.0,1221,15821.928795
3400.0,1629,15825.407156
2700.0,1303,15828.464713
4100.0,1631,15831.973856
3500.0,1565,15835.540679
2800.0,1323,15838.763141
2900.0,1435,15841.593294
2800.0,1409,15844.86037
2600.0,1434,15848.250433
3200.0,1419,15857.411021
3500.0,1553,15861.434664
3200.0,1317,15864.217967
2500.0,1283,15866.928018
3500.0,1254,15870.090797
3800.0,1513,15873.615534
2700.0,1360,15876.374898
2700.0,1141,15879.262461
3300.0,1469,15882.16513
2450.0,1422,15892.215993
3000.0,1437,15895.656324
3800.0,1704,15899.653784
2700.0,1504,15903.3147
3700.0,1683,15907.182687
2800.0,1291,15910.477683
3800.0,1477,15914.023918
2900.0,1292,15916.811039
3500.0,1545,15926.994503
3000.0,1459,15930.554639
3000.0,1328,15933.950157
4300.0,1714,15938.246607
3300.0,1603,15942.319947
2700.0,1441,15945.923362
4400.0,1845,15950.171313
3100.0,1449,15953.942364
3100.0,1634,15964.539136
