#{"t_start": 1678843337.4284205, "env_id": "Breakout-v4"}
r,l,t
38.0,1366,7.590154
28.0,1205,11.020765
34.0,1225,14.328563
27.0,788,16.686125
45.0,1683,20.994454
39.0,1539,25.153686
40.0,1504,29.261195
47.0,1377,32.837379
44.0,1519,36.9975
14.0,848,39.279781
46.0,1609,49.521231
39.0,1428,52.988072
45.0,1593,57.155299
26.0,1166,60.073985
19.0,945,62.449791
24.0,954,64.921896
31.0,1361,68.385588
43.0,1467,72.286689
32.0,1285,75.367035
16.0,974,77.824513
37.0,1506,88.331509
42.0,1345,91.90486
32.0,1397,95.262879
24.0,1063,97.971906
33.0,1381,101.638422
45.0,1658,105.867656
39.0,1220,108.95486
27.0,1130,111.738013
38.0,1445,115.617297
33.0,1437,118.909841
23.0,1109,128.957025
20.0,1033,131.617004
29.0,1136,134.523206
35.0,1360,138.414151
42.0,1571,142.749675
9.0,674,144.334991
25.0,1081,147.637511
22.0,897,150.360507
36.0,1293,153.796303
17.0,980,156.604961
30.0,1247,159.961677
40.0,1471,171.055562
30.0,1195,174.345508
32.0,1323,177.870428
38.0,1482,182.235385
33.0,1476,186.448143
32.0,1079,189.418221
42.0,1434,193.298508
46.0,1245,196.357135
26.0,1306,199.589308
37.0,1154,202.781013
50.0,1656,214.40198
33.0,1522,218.163527
13.0,816,220.669301
40.0,1471,224.842201
25.0,1101,227.841575
11.0,740,229.670833
16.0,811,231.714694
55.0,1818,236.767826
37.0,1310,239.860178
42.0,1599,244.463131
28.0,1229,248.110664
47.0,1634,259.682024
40.0,1511,263.518302
49.0,1443,267.73635
37.0,1358,271.644948
14.0,950,274.023417
22.0,1059,276.788622
22.0,1114,279.492118
26.0,1000,281.992244
27.0,1206,285.268949
20.0,982,288.191972
14.0,833,290.702933
43.0,1532,301.281845
32.0,1180,305.056083
24.0,1018,307.479709
44.0,1524,312.004749
26.0,1165,315.102847
29.0,1179,318.763595
21.0,862,320.71983
35.0,1049,323.327017
23.0,1166,326.328008
36.0,1166,329.463188
40.0,1396,333.511635
66.0,1877,344.873983
19.0,1116,347.89999
43.0,1370,351.926026
11.0,672,353.675494
34.0,1397,357.735087
48.0,1691,362.404704
35.0,1215,365.71083
58.0,1569,370.399263
34.0,1551,375.125343
12.0,733,377.194894
37.0,1263,389.621742
18.0,999,392.196021
25.0,1256,396.318365
44.0,1447,400.27117
28.0,1183,404.180684
44.0,1575,408.186201
30.0,1386,412.40131
47.0,1467,416.855373
50.0,1533,421.459128
22.0,1205,424.742689
30.0,1417,436.148262
45.0,1814,442.015377
38.0,1531,446.745431
43.0,1544,451.123869
14.0,947,453.338191
30.0,1189,456.605402
46.0,1671,461.693677
23.0,1198,465.055195
32.0,1181,468.411259
36.0,1544,480.748069
32.0,1305,484.606755
34.0,1217,488.263487
25.0,1102,491.204138
16.0,825,493.614912
62.0,1904,499.069556
21.0,1090,501.889498
19.0,930,504.195474
28.0,1043,507.208353
41.0,1559,511.672097
39.0,1626,516.386636
38.0,1604,527.762623
33.0,1196,530.985328
22.0,1087,533.939052
24.0,1108,536.898384
41.0,1581,541.096706
50.0,1648,545.407301
15.0,1046,548.260329
34.0,1099,551.37696
19.0,1116,554.66048
30.0,1360,558.798357
39.0,1498,570.498277
38.0,1243,573.833707
45.0,1594,578.384065
29.0,1306,581.938937
35.0,1196,585.042234
43.0,1274,588.570469
29.0,1105,591.669949
29.0,1361,595.44579
63.0,2008,601.342865
27.0,1066,604.340408
21.0,1080,614.439773
39.0,1423,618.530128
33.0,1402,622.159237
49.0,1775,627.940596
28.0,1387,631.619631
22.0,1133,634.877779
13.0,807,637.413095
34.0,1104,640.426622
39.0,1325,644.166398
52.0,1621,648.785569
35.0,1477,659.359521
27.0,1167,662.391222
41.0,1659,667.049043
19.0,1004,669.831249
20.0,1067,672.656646
27.0,1183,675.801691
47.0,1486,680.025201
26.0,1306,683.364319
25.0,1233,687.179818
35.0,1377,690.825763
42.0,1431,701.97038
39.0,1497,706.261618
32.0,1486,710.11127
35.0,1039,713.220471
18.0,958,715.835274
21.0,1073,718.795793
12.0,776,720.666825
32.0,1285,724.627638
37.0,1296,728.093357
23.0,1005,731.05348
17.0,1037,734.144067
60.0,1266,744.497425
31.0,1411,748.551063
29.0,1137,751.724475
27.0,1168,754.932637
29.0,1357,758.455898
45.0,1653,763.393644
28.0,1188,766.651014
42.0,1477,770.505217
34.0,1640,775.200016
33.0,1437,779.595474
32.0,1324,789.605317
26.0,1189,792.92449
40.0,1327,796.636223
27.0,1103,799.948061
46.0,1889,805.260859
39.0,1347,808.714083
25.0,1198,812.316929
48.0,1544,816.238984
26.0,1089,819.321943
36.0,1325,823.297892
45.0,1656,834.832235
56.0,2021,840.94988
11.0,707,842.797252
41.0,1561,847.169315
21.0,1073,850.047071
41.0,1591,854.640893
25.0,1124,857.69924
49.0,1766,862.515841
18.0,1007,865.43836
10.0,672,867.22741
21.0,981,876.875467
25.0,1167,880.194092
15.0,745,882.066985
27.0,1065,885.130844
41.0,1426,889.225929
34.0,1377,893.129864
54.0,1588,897.638076
24.0,1217,900.934591
56.0,1759,905.98402
28.0,1253,909.349233
18.0,910,912.051933
30.0,1061,923.116338
33.0,1327,926.884294
22.0,1083,930.007907
21.0,1274,933.617919
49.0,1699,938.383816
26.0,1026,941.414057
18.0,891,943.675452
35.0,1324,947.773534
22.0,925,950.134409
42.0,1566,954.905779
48.0,1622,966.287222
19.0,932,969.098515
24.0,1069,972.003709
42.0,1366,975.837791
27.0,1183,978.825997
30.0,1109,981.90159
35.0,1350,985.402961
18.0,1043,988.450864
45.0,1537,992.889043
31.0,1369,996.609946
32.0,1331,1000.557153
21.0,978,1010.474982
28.0,1228,1013.804539
15.0,768,1015.799652
27.0,1188,1019.548697
12.0,767,1021.481734
22.0,1155,1024.697327
47.0,1816,1029.742296
14.0,807,1032.30841
16.0,901,1035.020272
39.0,1609,1038.886629
39.0,1469,1043.036932
12.0,774,1045.353149
28.0,1118,1056.200875
27.0,1336,1059.652558
29.0,1100,1062.546271
47.0,1798,1067.801028
20.0,1154,1070.97467
31.0,1263,1074.46702
29.0,1195,1077.719745
43.0,1548,1082.151763
31.0,1130,1085.29675
39.0,1497,1089.475209
41.0,1497,1102.087223
27.0,1294,1105.742513
25.0,1208,1109.170142
38.0,1496,1113.866287
26.0,1324,1118.261121
47.0,1518,1122.373948
18.0,984,1125.267616
45.0,1494,1129.637749
23.0,1219,1132.814224
21.0,1009,1135.569256
28.0,1435,1146.53622
44.0,1676,1151.114011
30.0,1183,1154.079315
34.0,1334,1157.566027
20.0,1212,1161.33192
21.0,1116,1164.478557
28.0,1344,1168.174912
21.0,1001,1171.064507
43.0,1565,1175.120409
21.0,1156,1178.041737
30.0,1339,1187.414166
35.0,1344,1191.028664
28.0,1230,1194.205375
26.0,1120,1197.018357
56.0,1510,1201.504238
34.0,987,1204.485708
21.0,1115,1207.784089
26.0,1234,1211.280511
31.0,1362,1215.261016
47.0,1704,1220.098336
42.0,1328,1230.382172
36.0,1366,1234.690325
29.0,1094,1237.583757
32.0,1417,1241.957767
41.0,1534,1246.131387
40.0,1779,1251.500926
27.0,1394,1255.170961
39.0,1529,1259.408222
30.0,1495,1263.686176
23.0,1186,1266.87557
28.0,1094,1277.358129
26.0,918,1280.186109
12.0,761,1282.035597
35.0,1405,1286.079394
35.0,1410,1289.865257
24.0,1231,1293.677601
41.0,1398,1297.48745
26.0,1082,1300.34985
20.0,913,1302.837344
20.0,959,1305.496593
38.0,1530,1309.575999
14.0,826,1319.490613
26.0,964,1322.183679
29.0,1130,1325.037207
41.0,1440,1328.703443
25.0,1089,1331.707738
23.0,1137,1334.864982
38.0,1473,1339.285159
35.0,1228,1342.730937
29.0,1083,1345.655707
19.0,966,1348.248087
51.0,1722,1353.068531
24.0,1087,1364.131222
38.0,1418,1368.096943
22.0,1030,1371.164382
36.0,1452,1375.48856
24.0,1063,1378.507564
44.0,1195,1381.743414
36.0,1266,1385.009379
27.0,1168,1387.976103
49.0,1189,1391.148235
19.0,962,1393.995205
31.0,1245,1397.413453
23.0,1002,1400.304266
23.0,953,1410.916602
29.0,1347,1414.6623
40.0,1224,1418.552738
31.0,1326,1422.161231
36.0,1610,1426.934621
20.0,994,1429.735827
26.0,861,1432.174694
24.0,1255,1435.476035
15.0,799,1437.440951
10.0,635,1439.119796
34.0,1271,1442.969203
18.0,1014,1445.904042
14.0,846,1454.101521
18.0,894,1456.573032
42.0,1698,1461.299031
11.0,732,1463.121499
49.0,1838,1468.61415
29.0,1264,1471.824951
31.0,1438,1476.004268
18.0,908,1478.217984
14.0,854,1480.702976
23.0,1060,1483.609316
33.0,1506,1487.957947
42.0,1154,1496.419708
47.0,1710,1501.134188
38.0,1308,1504.638623
22.0,988,1507.479388
34.0,1320,1511.500935
36.0,1385,1515.070639
19.0,953,1517.85746
27.0,1143,1521.137527
14.0,702,1522.944716
37.0,1571,1527.516635
27.0,1183,1530.767661
24.0,1083,1539.865079
31.0,1354,1543.754958
22.0,1158,1546.90453
26.0,1159,1550.027406
37.0,1191,1553.284696
19.0,966,1555.845513
23.0,1006,1558.516998
28.0,1189,1561.717674
37.0,1266,1565.092474
16.0,1069,1568.171209
45.0,1659,1572.915807
10.0,711,1582.311333
34.0,1277,1585.526223
38.0,1477,1589.694881
25.0,1019,1592.389779
23.0,954,1594.598284
24.0,1195,1598.111135
53.0,1812,1602.750564
19.0,932,1605.489581
26.0,1157,1608.715102
28.0,1277,1612.132049
45.0,1577,1616.777986
32.0,1246,1626.863051
20.0,1027,1629.693172
20.0,831,1632.261627
31.0,1188,1635.465825
45.0,1567,1639.792403
19.0,819,1641.658248
45.0,1665,1646.172483
48.0,1187,1650.0349
24.0,1053,1653.027354
33.0,1386,1656.804248
25.0,1097,1659.858149
30.0,1451,1669.92581
31.0,1252,1673.21554
34.0,1351,1677.420169
16.0,985,1679.854367
33.0,1411,1683.872987
29.0,1087,1686.719036
50.0,1595,1691.387989
18.0,1010,1694.334801
47.0,1612,1698.893432
35.0,1382,1702.616942
28.0,1265,1712.850007
50.0,1742,1717.468109
29.0,1172,1720.747505
38.0,1583,1725.112586
23.0,1122,1728.018455
28.0,1089,1730.976522
27.0,1097,1733.951931
32.0,1433,1738.268722
39.0,1466,1742.495414
26.0,1146,1745.827729
29.0,1285,1756.393094
29.0,1149,1759.512146
39.0,1506,1764.001853
34.0,1265,1767.521698
54.0,1588,1772.018035
41.0,1359,1776.026104
36.0,1358,1779.572883
42.0,1607,1784.247727
34.0,1415,1788.520722
23.0,1134,1791.743745
44.0,1550,1802.664306
21.0,1083,1805.821801
35.0,1651,1810.665021
17.0,812,1812.697147
17.0,898,1815.563071
31.0,1225,1818.864168
51.0,1333,1822.972561
41.0,1444,1826.726328
59.0,1816,1832.271734
39.0,1244,1835.823424
14.0,869,1845.604414
36.0,1241,1848.990758
34.0,1360,1852.973022
29.0,1081,1856.018023
29.0,1208,1859.391009
15.0,928,1861.662868
32.0,1257,1865.49523
27.0,1197,1868.754991
45.0,1498,1873.011019
42.0,1502,1877.367979
22.0,946,1879.649133
30.0,1379,1890.274227
25.0,1201,1893.246065
48.0,1466,1897.187127
18.0,935,1900.006836
36.0,1594,1904.572803
27.0,1059,1907.085132
33.0,1239,1910.94122
33.0,1372,1914.637356
18.0,1014,1917.483015
22.0,1154,1920.640196
30.0,1388,1932.042725
13.0,858,1933.894818
35.0,1280,1937.539534
26.0,1129,1940.703557
20.0,982,1943.587577
31.0,1176,1946.737006
43.0,1715,1951.505004
27.0,1192,1954.914041
16.0,838,1957.372643
22.0,1027,1959.777591
17.0,1002,1962.613497
37.0,1108,1965.767837
27.0,1337,1975.689058
30.0,1305,1978.793683
32.0,1239,1982.533918
47.0,1421,1986.531113
22.0,1238,1990.413481
38.0,1314,1993.963586
12.0,711,1995.840617
32.0,1299,1999.80653
31.0,1187,2003.043543
18.0,894,2005.312779
29.0,1230,2009.012178
12.0,827,2011.102404
38.0,1455,2020.525365
23.0,1192,2023.676553
37.0,1649,2028.395225
28.0,1200,2031.932052
42.0,1286,2036.115852
27.0,1142,2039.411916
37.0,1354,2043.051785
31.0,1208,2046.333069
44.0,1538,2050.718319
56.0,1774,2062.21683
24.0,1043,2064.921771
35.0,1307,2068.432675
29.0,913,2071.31277
32.0,976,2073.732326
29.0,1460,2078.152964
45.0,1725,2082.935969
32.0,1274,2087.013935
27.0,1161,2090.414274
27.0,1089,2093.448694
51.0,1821,2098.470025
36.0,1360,2108.091816
25.0,1081,2111.124741
18.0,858,2113.258769
14.0,742,2115.602331
28.0,1184,2118.84147
33.0,1550,2123.287188
46.0,1468,2127.258135
22.0,1073,2130.376499
8.0,542,2131.903702
36.0,963,2134.778285
31.0,1388,2139.338914
43.0,1216,2142.839154
51.0,1716,2153.869999
54.0,1755,2158.527002
30.0,1202,2162.15487
22.0,1136,2165.234102
44.0,1375,2168.86201
30.0,1471,2173.207676
21.0,910,2175.544148
26.0,1205,2179.417738
29.0,1458,2183.398209
20.0,1146,2192.357369
24.0,1215,2195.951957
31.0,1324,2199.179414
21.0,990,2201.839846
25.0,1296,2205.306415
24.0,1073,2208.339054
47.0,1496,2212.85396
26.0,1193,2216.116372
36.0,1400,2220.256104
31.0,1206,2223.591059
57.0,1823,2228.555924
39.0,1401,2239.188237
29.0,1205,2242.191924
46.0,1599,2246.547415
38.0,1260,2250.422536
29.0,1152,2253.618224
23.0,986,2255.9498
29.0,972,2258.6987
30.0,1130,2261.815384
28.0,1168,2265.073499
51.0,1674,2270.35864
32.0,1275,2280.453619
24.0,991,2283.161807
19.0,780,2285.007744
26.0,1087,2288.026064
35.0,1077,2291.096858
45.0,1326,2294.58524
34.0,1370,2298.568658
43.0,1320,2302.047197
17.0,892,2304.931474
32.0,1056,2307.968302
32.0,1079,2311.066465
34.0,1396,2315.152203
27.0,908,2323.432873
34.0,1270,2327.23682
36.0,1177,2330.186214
18.0,962,2332.520906
33.0,1377,2336.565049
37.0,1419,2340.718108
24.0,1298,2344.092232
25.0,1033,2347.102146
22.0,1111,2350.38137
30.0,978,2353.266529
34.0,1115,2356.312811
35.0,1275,2366.132781
29.0,1256,2369.54117
32.0,1362,2373.408758
27.0,989,2376.070629
35.0,1475,2379.894887
29.0,1257,2383.671163
15.0,877,2385.81518
53.0,1588,2390.466254
33.0,1407,2394.792875
16.0,816,2396.87731
44.0,1734,2401.919019
28.0,1328,2413.524219
41.0,1608,2417.737502
23.0,1127,2420.889956
30.0,1260,2424.772808
40.0,1647,2429.437866
40.0,1155,2432.581661
29.0,1251,2435.952276
38.0,1448,2440.209335
24.0,1175,2443.202519
39.0,1457,2447.302277
23.0,1144,2456.521431
29.0,1370,2459.929103
32.0,1414,2463.922686
34.0,1220,2467.08207
50.0,1900,2472.685673
47.0,1328,2476.095917
40.0,1454,2480.317388
33.0,1404,2483.827193
33.0,1487,2487.959692
10.0,722,2497.236048
23.0,1178,2500.859947
22.0,1063,2503.62381
21.0,1041,2505.879069
23.0,995,2508.568933
20.0,905,2511.154933
17.0,990,2513.97633
16.0,786,2515.939601
23.0,1154,2519.038826
24.0,1092,2522.007662
28.0,1406,2526.252509
30.0,1386,2529.956336
48.0,1722,2541.987383
40.0,1612,2546.504834
35.0,1218,2549.842701
27.0,1070,2552.802675
41.0,1083,2555.85218
12.0,834,2557.977974
30.0,1444,2562.217315
32.0,1089,2565.299717
28.0,1312,2568.82784
46.0,1785,2574.28026
50.0,1732,2585.815523
32.0,1316,2589.237633
38.0,1389,2593.283507
24.0,1041,2596.362889
38.0,1451,2600.731156
26.0,1274,2604.2015
44.0,1432,2608.483481
33.0,1281,2611.831307
28.0,1340,2615.287113
30.0,1081,2618.3893
25.0,1297,2628.893891
20.0,1047,2632.102648
11.0,716,2634.034569
25.0,1119,2637.240913
42.0,1429,2641.718589
24.0,1053,2644.8189
25.0,1069,2647.951625
44.0,1550,2651.990852
38.0,1438,2655.953353
14.0,893,2658.527288
24.0,987,2661.423117
12.0,758,2663.348914
38.0,1409,2673.968251
18.0,1068,2677.125862
24.0,1289,2681.017748
45.0,1711,2685.729303
25.0,1274,2689.082177
30.0,1319,2693.023303
26.0,1216,2696.174133
34.0,1412,2700.230915
57.0,1813,2705.125501
31.0,1439,2709.347413
12.0,757,2717.339331
44.0,1290,2720.660197
27.0,1161,2724.022132
28.0,1168,2727.112607
45.0,1610,2732.03056
33.0,1232,2735.558977
16.0,833,2737.9691
27.0,1184,2741.081784
37.0,1402,2744.618138
30.0,1333,2748.625983
31.0,1478,2753.045544
34.0,1676,2764.567382
24.0,1144,2767.639867
22.0,1114,2770.935194
33.0,1245,2774.591527
42.0,1703,2779.430963
8.0,542,2780.79527
21.0,1087,2783.718487
19.0,916,2786.274407
23.0,939,2789.053445
35.0,1449,2792.79651
9.0,579,2794.350869
15.0,890,2797.020524
28.0,1269,2807.938207
21.0,811,2810.299917
32.0,1283,2813.505366
40.0,1104,2816.679171
26.0,1225,2820.167458
25.0,1033,2823.223725
27.0,1049,2826.240897
34.0,1406,2830.306365
30.0,1364,2833.871335
18.0,809,2836.338227
46.0,1647,2840.920176
33.0,1328,2851.476216
33.0,1369,2855.150633
17.0,989,2857.775567
30.0,1182,2860.987668
44.0,1050,2863.946914
36.0,1454,2867.446464
34.0,1293,2871.173973
26.0,1122,2874.23531
17.0,997,2877.106112
42.0,1621,2881.760539
25.0,1241,2891.914077
45.0,1403,2896.106317
37.0,1419,2899.518243
35.0,1437,2903.531843
37.0,1573,2907.95186
24.0,859,2909.915228
57.0,1571,2914.492621
40.0,1568,2919.057515
20.0,1053,2921.984233
49.0,1690,2926.80155
33.0,1274,2936.57251
41.0,1271,2939.932453
34.0,1455,2944.033948
15.0,843,2946.146259
32.0,1437,2950.228663
26.0,1339,2953.648825
28.0,1289,2957.519782
36.0,1428,2961.32566
35.0,1547,2965.65864
22.0,1138,2968.817955
22.0,1130,2978.914883
26.0,1246,2982.167264
24.0,1241,2985.353009
32.0,1168,2988.617967
12.0,805,2991.225731
32.0,1364,2994.745974
24.0,1156,2997.9389
24.0,1265,3001.841742
56.0,1877,3007.03081
24.0,1158,3010.196997
55.0,1678,3022.343533
24.0,1038,3025.122415
23.0,1225,3028.698171
30.0,786,3030.670532
24.0,1393,3034.551839
31.0,1273,3037.70195
17.0,882,3040.227944
43.0,1596,3044.421219
27.0,1389,3048.485954
37.0,1274,3051.771731
19.0,1023,3054.692053
40.0,1605,3066.841622
38.0,1472,3070.779624
40.0,1570,3075.177215
28.0,1317,3078.502427
18.0,1065,3081.460356
31.0,1220,3085.144464
24.0,1133,3088.147024
31.0,1040,3091.110928
22.0,907,3093.306976
32.0,1215,3096.586827
39.0,1471,3100.87996
13.0,750,3108.210658
49.0,1814,3112.926359
18.0,1075,3115.90368
31.0,1295,3119.130123
20.0,844,3121.530451
26.0,1220,3124.737931
30.0,1297,3128.345519
42.0,1503,3132.905488
34.0,1193,3136.317739
52.0,1869,3142.139671
40.0,1141,3152.641454
38.0,1498,3156.887627
23.0,917,3159.429677
25.0,1244,3162.626541
20.0,1067,3165.630499
19.0,1052,3168.617054
48.0,1649,3173.454429
16.0,1014,3176.32212
37.0,1442,3180.162966
14.0,884,3182.687325
36.0,1309,3186.209171
27.0,1170,3196.290275
31.0,1238,3199.898661
26.0,1025,3202.830674
37.0,1418,3206.253001
24.0,984,3209.038704
58.0,1898,3214.802551
43.0,1375,3218.539988
37.0,1557,3223.060749
43.0,1398,3227.314732
44.0,1473,3231.236124
17.0,942,3240.592066
62.0,1922,3245.868808
27.0,1175,3248.782629
15.0,921,3250.942199
8.0,589,3252.423953
36.0,1591,3257.141639
74.0,1920,3262.757058
50.0,1690,3267.56977
22.0,1064,3270.575707
35.0,1346,3274.585272
37.0,1220,3285.035944
34.0,1202,3288.144719
42.0,1366,3291.727682
24.0,1013,3293.98973
42.0,1514,3298.37952
33.0,1375,3302.463462
28.0,1092,3305.546365
29.0,1274,3309.151333
24.0,1183,3312.649319
25.0,1250,3316.600229
34.0,1583,3328.315596
39.0,1360,3331.830683
48.0,1349,3335.449075
34.0,1256,3338.664988
40.0,1395,3342.446999
17.0,702,3344.748837
43.0,1680,3349.543267
34.0,1155,3352.872007
32.0,1313,3356.40189
35.0,1321,3360.330244
18.0,1106,3363.407567
38.0,1193,3372.915745
26.0,1154,3375.794448
39.0,1421,3379.573246
28.0,1243,3382.772536
21.0,1240,3386.105576
34.0,1149,3389.778029
46.0,1625,3394.547214
47.0,1610,3399.100228
23.0,1208,3402.468639
56.0,2015,3415.0575
36.0,1463,3418.592224
36.0,1458,3422.506627
54.0,1584,3426.95455
24.0,1041,3429.940608
23.0,1188,3433.204301
30.0,1133,3436.405364
15.0,853,3438.970603
32.0,1046,3441.90188
43.0,1288,3445.442672
44.0,1379,3449.115518
31.0,1308,3459.368267
20.0,951,3461.918535
25.0,1076,3464.823059
18.0,1053,3467.76966
45.0,1547,3471.86213
46.0,1664,3477.090669
48.0,1572,3481.11722
32.0,1405,3485.346848
28.0,1264,3488.871249
22.0,976,3491.853886
35.0,1299,3501.757171
30.0,1322,3504.8712
27.0,1290,3507.981001
33.0,1427,3512.202261
50.0,1585,3516.768311
31.0,1228,3520.01682
41.0,1675,3524.561317
18.0,1044,3527.545848
29.0,1193,3531.392961
22.0,1128,3534.474917
28.0,1405,3545.319519
15.0,824,3547.753358
30.0,1240,3550.843591
18.0,939,3553.738336
25.0,1394,3557.367503
14.0,876,3559.943024
41.0,1391,3563.651541
26.0,1141,3566.915401
28.0,1193,3570.612957
26.0,1295,3574.028193
27.0,1124,3577.186085
41.0,1296,3587.426257
28.0,1155,3590.730275
24.0,1126,3593.63956
41.0,1373,3597.424169
44.0,1336,3601.582497
46.0,1323,3605.351782
21.0,1188,3608.658591
16.0,999,3611.555999
18.0,901,3614.267459
34.0,1205,3617.650426
38.0,1439,3621.587892
26.0,1135,3625.239741
42.0,1471,3635.13843
27.0,1264,3638.705231
31.0,1354,3642.223184
41.0,1542,3646.644959
56.0,1987,3652.425359
47.0,1744,3657.339048
27.0,1067,3660.438154
35.0,973,3663.26657
27.0,1386,3667.0158
51.0,1789,3680.581732
19.0,951,3682.954028
57.0,1825,3688.358195
34.0,1221,3691.70978
62.0,1875,3697.533301
56.0,1594,3701.786069
45.0,1520,3705.612233
46.0,1324,3709.650605
41.0,1564,3719.890533
35.0,1524,3724.23257
33.0,1510,3728.419575
33.0,1203,3732.286444
36.0,1587,3736.826641
24.0,1305,3740.435869
30.0,1410,3744.380569
25.0,1090,3747.273918
26.0,1112,3750.450282
20.0,1011,3753.384332
14.0,870,3755.481228
18.0,991,3765.287174
25.0,1051,3768.065154
15.0,868,3770.286212
19.0,906,3773.028162
41.0,1567,3777.530196
21.0,1163,3780.893074
30.0,1287,3784.296113
44.0,1734,3789.473624
43.0,1596,3793.889471
38.0,1368,3797.587626
39.0,1452,3808.014339
32.0,1504,3812.07749
40.0,1611,3816.570928
44.0,1535,3820.98602
34.0,1321,3824.597552
33.0,1164,3827.831747
49.0,1259,3831.723513
60.0,2102,3837.342713
24.0,1132,3840.866609
24.0,1016,3843.330376
12.0,821,3852.4741
35.0,1257,3855.727636
5.0,441,3857.045889
28.0,1241,3860.510953
51.0,1682,3865.24373
27.0,1289,3869.119481
23.0,989,3872.015704
38.0,1501,3875.984669
30.0,1142,3879.218158
36.0,1413,3883.45892
28.0,1420,3887.590134
28.0,1045,3897.000238
43.0,1581,3901.623602
31.0,1416,3905.455192
52.0,1833,3911.161251
39.0,1604,3915.821896
42.0,1490,3919.678805
20.0,1239,3923.590175
25.0,1241,3926.890268
20.0,969,3929.614687
26.0,1174,3939.136367
37.0,1408,3942.425564
39.0,1497,3946.659401
47.0,1650,3951.442894
36.0,1233,3955.338978
65.0,1597,3959.982238
22.0,1193,3963.445854
37.0,1448,3967.30329
31.0,933,3970.035155
43.0,1523,3974.002368
39.0,1481,3985.049736
44.0,1596,3989.470053
36.0,1540,3993.886796
26.0,901,3996.192875
26.0,1328,4000.253984
27.0,1258,4003.680947
52.0,2078,4009.838692
38.0,1369,4013.491779
30.0,1105,4016.661525
43.0,1506,4027.092257
38.0,1118,4029.963455
38.0,1293,4033.762475
25.0,1013,4036.686279
22.0,980,4039.044133
40.0,1602,4043.639154
56.0,1970,4049.609839
20.0,955,4052.518675
8.0,583,4054.10672
35.0,1360,4057.606212
35.0,1445,4061.590228
36.0,1243,4071.13206
19.0,1089,4074.276902
44.0,1739,4079.77154
20.0,1019,4082.383716
10.0,680,4084.624907
23.0,1184,4087.887256
36.0,1400,4091.624272
45.0,1680,4097.051665
37.0,1235,4100.345277
32.0,1419,4104.389506
47.0,1520,4116.437577
28.0,1250,4120.129318
24.0,1122,4123.333936
48.0,1367,4127.093153
26.0,1179,4130.291035
31.0,1300,4134.252208
12.0,787,4136.206664
36.0,1455,4140.427549
40.0,1528,4144.632186
18.0,958,4146.873751
18.0,1031,4149.861561
58.0,1562,4160.316983
31.0,1358,4164.609401
31.0,1235,4168.056154
50.0,1538,4172.483919
30.0,1382,4176.211472
14.0,902,4179.013971
16.0,955,4181.880314
41.0,1508,4185.877835
42.0,1452,4189.433217
38.0,1387,4193.626118
15.0,936,4202.94928
48.0,1559,4206.813364
55.0,1821,4212.183865
26.0,1003,4215.120691
39.0,1246,4218.523165
24.0,1206,4221.801745
30.0,1093,4224.9293
40.0,1548,4229.365687
39.0,1567,4233.951884
33.0,1165,4237.154259
27.0,1307,4247.897036
33.0,1480,4251.719492
4.0,418,4252.91311
45.0,1503,4257.338227
31.0,1143,4260.466875
40.0,1540,4264.853619
49.0,1618,4269.230383
38.0,1462,4273.156129
37.0,1390,4276.807187
26.0,1031,4279.829668
51.0,1654,4290.185844
17.0,900,4292.731976
22.0,1022,4295.534531
24.0,1154,4298.66499
37.0,1372,4302.195007
35.0,1437,4306.440223
46.0,1441,4310.612394
19.0,1105,4313.364264
20.0,1107,4316.274982
29.0,930,4318.576072
25.0,1369,4322.603132
21.0,849,4324.797562
20.0,1209,4335.106595
17.0,982,4337.436461
70.0,1965,4343.239067
30.0,1521,4347.799925
25.0,1070,4350.811901
9.0,655,4352.436842
21.0,1023,4355.05949
42.0,1532,4359.248085
12.0,756,4361.194314
38.0,1380,4365.334403
227.0,1522,4375.438088
44.0,1578,4379.913079
22.0,988,4382.680364
32.0,1431,4386.909514
37.0,1553,4391.346724
30.0,1509,4395.64514
10.0,661,4397.332814
37.0,1265,4400.445729
18.0,956,4403.118578
37.0,1228,4406.435056
47.0,1721,4411.343866
53.0,1472,4421.648983
34.0,1387,4425.280781
26.0,1195,4428.945744
36.0,1461,4432.903117
44.0,1529,4437.221166
31.0,1083,4440.170164
39.0,1326,4443.911542
38.0,1304,4447.465073
37.0,1523,4451.912509
33.0,1298,4461.965494
45.0,1479,4465.949822
60.0,1972,4471.496573
34.0,1168,4474.871932
26.0,1211,4478.354549
21.0,1052,4481.224349
41.0,1630,4485.519653
63.0,1728,4490.534898
31.0,1172,4494.338706
51.0,1525,4506.955251
26.0,1157,4510.532173
25.0,1129,4513.803229
16.0,902,4515.998394
56.0,1744,4520.915248
31.0,1346,4524.676064
19.0,1061,4527.405585
38.0,1391,4531.497895
36.0,1435,4535.510588
227.0,1283,4539.546373
26.0,1127,4542.895042
19.0,752,4551.796674
28.0,1127,4555.031804
20.0,987,4557.911032
45.0,1802,4562.937454
17.0,1018,4565.750838
37.0,1582,4570.147541
16.0,836,4572.792727
27.0,1046,4575.356513
16.0,794,4577.793262
58.0,1844,4582.853982
40.0,1311,4586.835342
29.0,1463,4597.796578
32.0,1006,4600.647618
52.0,1750,4605.52099
35.0,1379,4609.677472
27.0,1007,4612.574151
46.0,1494,4616.836857
28.0,1201,4620.176961
47.0,1604,4624.72401
28.0,1089,4627.776408
22.0,1141,4631.040364
43.0,1640,4642.061066
12.0,703,4643.670511
27.0,1370,4647.67439
25.0,1337,4651.072556
39.0,1427,4655.250885
32.0,1463,4659.742797
29.0,1463,4663.63136
29.0,1303,4667.539565
25.0,1077,4670.560744
20.0,999,4673.410915
41.0,1500,4684.845034
36.0,1331,4688.86121
35.0,1417,4693.016891
45.0,1654,4697.464966
36.0,1228,4700.739803
42.0,1521,4705.192607
18.0,998,4708.1899
20.0,1078,4711.087776
19.0,957,4713.433625
21.0,1007,4716.264257
49.0,1502,4720.620323
20.0,1003,4730.043875
42.0,1495,4734.337132
51.0,1943,4739.560707
47.0,1459,4743.832389
23.0,1300,4747.323245
54.0,1794,4752.667181
39.0,1554,4757.120626
28.0,1274,4760.483672
29.0,1322,4764.069837
21.0,1182,4773.899253
42.0,1463,4777.708853
25.0,1213,4780.889803
27.0,1393,4785.064889
32.0,1107,4788.164377
49.0,1631,4792.649809
35.0,1491,4797.156895
20.0,945,4800.192493
10.0,689,4802.056418
17.0,848,4804.209985
23.0,1182,4807.51102
38.0,1396,4818.457261
44.0,1125,4821.432494
23.0,1195,4824.736066
30.0,1181,4828.181917
41.0,1645,4832.976816
10.0,637,4835.055482
39.0,1534,4839.088112
26.0,1083,4842.28477
41.0,1343,4846.56989
28.0,1241,4849.965324
37.0,1406,4860.879539
47.0,1708,4865.428935
59.0,1800,4870.567209
40.0,1551,4875.167606
22.0,1114,4878.163735
20.0,1189,4881.420125
28.0,1199,4885.301821
45.0,1658,4889.967077
15.0,965,4892.800768
26.0,1091,4895.468168
30.0,1544,4906.669125
27.0,1183,4909.991865
38.0,1222,4913.986158
42.0,1530,4918.416302
18.0,1020,4920.831921
17.0,935,4923.568138
27.0,1314,4927.558366
30.0,1287,4931.030909
34.0,1169,4934.444991
16.0,784,4936.549172
48.0,1550,4941.1025
17.0,979,4949.48994
22.0,846,4952.060424
37.0,1376,4956.036542
17.0,999,4959.039844
41.0,1460,4963.501181
26.0,1061,4966.595669
31.0,1261,4970.041343
44.0,1406,4974.2214
15.0,830,4976.448357
33.0,1167,4980.056857
35.0,1638,4985.097152
17.0,882,4994.716806
34.0,1508,4999.506342
28.0,1079,5002.165457
32.0,1294,5006.332616
16.0,973,5009.129775
32.0,1260,5012.489004
25.0,1077,5015.474898
28.0,1416,5019.638597
16.0,1016,5022.040021
20.0,1065,5024.956387
28.0,1199,5028.60545
31.0,1196,5031.628097
28.0,1368,5042.225967
39.0,1433,5046.784983
25.0,1079,5049.836463
39.0,1534,5054.231968
39.0,1362,5057.888585
31.0,1248,5061.758653
48.0,1379,5065.508449
35.0,1458,5069.893733
28.0,1136,5072.765224
19.0,945,5075.253778
23.0,1105,5084.908589
33.0,1457,5088.799191
22.0,1120,5092.41526
17.0,817,5094.514718
27.0,1231,5097.898044
13.0,853,5100.508701
33.0,1445,5104.250405
29.0,1067,5107.269633
38.0,1505,5111.53658
48.0,1597,5115.948776
39.0,1490,5126.808462
38.0,1134,5129.944489
20.0,912,5132.653393
16.0,1024,5135.585934
28.0,1446,5139.432578
43.0,1462,5143.636213
22.0,1137,5146.782203
28.0,1327,5150.294847
28.0,1378,5154.314451
33.0,1196,5157.444128
35.0,1638,5162.120313
40.0,1474,5173.931132
10.0,705,5175.796565
28.0,1319,5179.810804
43.0,1315,5183.580112
25.0,1062,5186.750122
30.0,1265,5190.208302
51.0,1696,5195.436649
27.0,939,5197.529369
12.0,730,5199.810993
49.0,1734,5204.669154
35.0,1446,5208.462979
20.0,1036,5217.290795
33.0,1338,5221.409459
13.0,832,5223.52373
17.0,831,5226.236058
57.0,1398,5230.191025
31.0,1176,5233.5091
36.0,1411,5237.608968
19.0,1041,5240.360995
19.0,901,5242.949605
47.0,1417,5246.639799
23.0,1172,5249.943368
22.0,1215,5259.728301
18.0,895,5261.799805
29.0,1211,5265.674501
36.0,1546,5269.617693
11.0,788,5272.029413
29.0,1424,5275.739203
14.0,974,5278.553779
34.0,1151,5281.479041
31.0,1447,5285.269572
29.0,1436,5289.257717
25.0,1201,5292.577315
29.0,1498,5302.888594
18.0,996,5305.29294
30.0,1406,5309.521494
29.0,1093,5312.620822
17.0,1062,5315.803064
42.0,1453,5320.362978
17.0,964,5323.242831
29.0,1112,5326.399792
19.0,952,5328.859418
47.0,1481,5333.219181
18.0,865,5335.907328
34.0,1307,5339.678753
24.0,1293,5350.390768
29.0,1130,5353.396539
34.0,1532,5357.859032
27.0,1092,5360.91309
12.0,775,5363.32854
45.0,1719,5368.017712
46.0,1625,5372.265838
24.0,1214,5375.554769
27.0,1304,5379.554917
48.0,1634,5392.311186
28.0,1281,5395.776093
16.0,791,5397.869089
22.0,1141,5401.291487
39.0,1497,5405.890188
11.0,730,5408.218961
28.0,1286,5411.441861
25.0,1022,5414.125295
34.0,1145,5417.175838
47.0,1752,5422.189067
48.0,1548,5426.598275
33.0,1329,5437.725821
31.0,1406,5441.815603
34.0,1427,5446.335551
27.0,1207,5449.766809
15.0,814,5451.703755
40.0,1343,5455.445707
37.0,1536,5459.635636
43.0,1273,5462.941547
20.0,1213,5466.274574
19.0,1008,5469.214787
39.0,1401,5473.359771
35.0,1164,5482.697095
36.0,1511,5487.04849
33.0,1290,5490.732991
35.0,1523,5495.170876
42.0,1475,5499.357905
35.0,1080,5502.628802
25.0,1224,5505.902728
19.0,956,5508.656601
57.0,1700,5513.445105
40.0,1443,5517.606838
16.0,953,5525.300809
33.0,1333,5529.391941
40.0,1327,5532.914396
15.0,888,5535.732246
11.0,796,5537.670586
21.0,953,5540.386646
36.0,1613,5544.93438
31.0,1268,5548.452718
36.0,1287,5552.360112
43.0,1400,5556.03105
32.0,786,5558.439883
20.0,1104,5567.589697
40.0,1596,5572.016051
29.0,1129,5575.145401
18.0,1024,5577.91314
33.0,1515,5582.090915
44.0,1630,5586.766901
30.0,1357,5590.296406
26.0,1133,5593.486752
37.0,1448,5597.799552
22.0,1122,5600.961658
26.0,979,5609.951702
31.0,1440,5613.686226
20.0,1128,5616.76399
35.0,1356,5620.794062
28.0,1324,5624.092298
49.0,1704,5629.184724
12.0,748,5631.112191
29.0,1091,5634.151742
31.0,1220,5637.552657
50.0,1793,5643.121687
48.0,1520,5653.947493
18.0,1150,5656.99014
47.0,1540,5661.214936
24.0,1141,5664.36122
34.0,1427,5668.473576
23.0,1214,5671.794613
39.0,1470,5676.369045
26.0,1347,5680.605034
19.0,873,5682.945918
32.0,1234,5686.521336
56.0,1734,5698.116778
22.0,1106,5701.0911
23.0,1102,5704.09686
29.0,1212,5707.288027
33.0,1362,5710.641902
25.0,1184,5714.196546
12.0,796,5716.221023
48.0,1637,5720.784981
20.0,994,5723.670129
22.0,1112,5726.722923
19.0,822,5728.744751
22.0,1122,5731.814673
39.0,1489,5742.940588
27.0,1022,5745.608881
53.0,1635,5750.267059
32.0,1278,5753.763081
31.0,1073,5756.875242
26.0,1213,5760.871329
35.0,1173,5764.110589
51.0,1607,5768.761502
25.0,1215,5772.137837
53.0,1401,5776.422567
35.0,1321,5785.950248
31.0,1312,5789.834338
19.0,1082,5792.881748
36.0,1289,5796.18305
29.0,1237,5799.423372
26.0,1096,5802.467298
22.0,1074,5805.467769
34.0,1286,5809.373727
27.0,1232,5812.770396
26.0,988,5815.746608
19.0,927,5818.20699
24.0,1209,5821.581879
23.0,1078,5830.687128
24.0,998,5833.468698
16.0,935,5836.083404
29.0,1428,5839.972245
30.0,1253,5843.213813
26.0,1187,5846.352475
45.0,1647,5850.98886
35.0,1496,5855.511993
27.0,1026,5858.534677
54.0,1642,5863.360598
17.0,923,5871.540688
31.0,1228,5874.717732
32.0,1539,5878.91851
24.0,1154,5881.895474
19.0,964,5884.827866
31.0,1231,5888.417358
23.0,899,5891.107006
26.0,1056,5893.636852
32.0,1123,5896.742719
31.0,1105,5900.377659
25.0,1190,5903.791461
13.0,812,5905.917921
13.0,835,5914.382314
52.0,1743,5918.997262
44.0,1657,5923.28232
28.0,1106,5926.469431
24.0,1268,5929.848994
50.0,1723,5935.089689
20.0,1140,5938.355526
20.0,1018,5941.220734
49.0,1674,5945.826137
23.0,1271,5949.28767
40.0,1642,5960.03635
15.0,904,5962.517725
49.0,1613,5966.65674
41.0,1493,5971.189532
30.0,1401,5974.951209
28.0,1265,5978.473103
20.0,1072,5981.507551
40.0,1687,5986.736237
40.0,1447,5990.419496
51.0,1439,6001.478008
19.0,1032,6004.591494
24.0,1012,6007.361083
32.0,1423,6010.783412
31.0,1064,6013.766133
27.0,1110,6017.03327
27.0,1258,6021.01208
29.0,1470,6024.899989
40.0,1623,6029.544502
6.0,491,6030.918522
20.0,979,6033.814079
39.0,1312,6037.522055
9.0,641,6044.781145
34.0,1159,6048.179398
15.0,889,6050.108382
16.0,986,6052.783143
34.0,1380,6056.775644
36.0,1182,6060.18871
30.0,1381,6063.939325
33.0,1123,6067.519052
41.0,1385,6071.365273
36.0,1456,6075.671949
32.0,1425,6079.269569
25.0,1210,6089.672152
29.0,1272,6092.882951
12.0,760,6094.57752
36.0,1405,6098.486767
23.0,1058,6101.43876
33.0,1022,6104.408767
20.0,1095,6107.509677
56.0,1815,6112.615665
22.0,1113,6115.644722
36.0,1268,6119.497579
17.0,958,6121.822785
43.0,1747,6133.477975
29.0,1305,6136.918622
26.0,1148,6139.859137
26.0,1199,6142.997139
28.0,1348,6147.032956
32.0,1476,6151.439112
34.0,1200,6154.687353
15.0,846,6156.730335
45.0,1835,6162.530338
29.0,1287,6166.193476
16.0,1007,6175.87452
11.0,700,6177.503268
11.0,670,6179.024878
23.0,1139,6182.353453
38.0,1560,6186.454976
42.0,1267,6189.757362
45.0,1592,6194.425123
41.0,1527,6198.839964
27.0,983,6201.39503
13.0,844,6204.024036
21.0,1028,6207.013951
19.0,1019,6210.067323
21.0,849,6218.766003
20.0,1124,6221.758854
30.0,1412,6225.708859
35.0,1629,6229.967794
27.0,833,6231.861427
32.0,1458,6236.155761
17.0,995,6238.930853
18.0,1091,6242.034788
36.0,1324,6245.656341
38.0,1318,6249.869156
25.0,1172,6253.361295
42.0,1361,6262.534406
19.0,1053,6265.277225
14.0,786,6267.644382
20.0,1056,6270.657402
26.0,1077,6273.666446
26.0,1145,6276.727513
37.0,1306,6280.19456
25.0,1191,6283.481647
27.0,1214,6287.336472
41.0,1371,6291.116287
34.0,1302,6295.063469
33.0,1155,6304.792906
35.0,1378,6308.553702
13.0,842,6311.080963
11.0,759,6313.029571
19.0,1027,6315.994554
38.0,1539,6320.080847
33.0,1297,6323.381242
31.0,1597,6327.988346
30.0,1387,6332.165655
28.0,1294,6335.776174
21.0,1144,6339.042231
33.0,1330,6350.257361
33.0,1381,6354.202326
37.0,1596,6358.992469
29.0,1184,6362.143229
28.0,1146,6365.523723
31.0,1145,6368.612454
12.0,592,6370.227181
26.0,1010,6373.195705
46.0,1432,6377.173934
49.0,1610,6381.709046
30.0,1350,6385.860276
40.0,1347,6396.483654
21.0,1160,6399.809976
17.0,1029,6402.788664
16.0,902,6405.316547
31.0,1425,6408.940353
12.0,733,6411.329138
36.0,1508,6415.822621
15.0,912,6418.099833
20.0,1105,6421.230899
34.0,1462,6425.499828
22.0,1078,6428.746386
11.0,697,6430.641991
30.0,1285,6440.233837
20.0,1079,6443.374035
53.0,1766,6448.393441
23.0,942,6450.616168
22.0,1228,6454.18603
38.0,1426,6458.021529
38.0,1653,6463.423694
29.0,1289,6466.790193
7.0,534,6468.267408
30.0,1041,6471.172498
37.0,1182,6480.8848
41.0,1476,6485.384839
15.0,888,6487.56618
57.0,1526,6491.869769
34.0,1471,6496.05755
24.0,1378,6499.433236
27.0,1285,6503.361477
31.0,1178,6506.70573
41.0,1409,6510.852316
35.0,1525,6514.888749
25.0,1256,6525.498078
50.0,1768,6530.317051
27.0,1030,6533.217664
14.0,879,6535.439783
35.0,1482,6539.851547
38.0,1400,6544.118162
25.0,1285,6547.615973
37.0,1469,6552.035362
264.0,1674,6556.58775
28.0,1114,6559.609144
50.0,1339,6570.84892
24.0,1362,6574.395181
43.0,1397,6578.448764
26.0,1085,6581.320522
34.0,1357,6584.86832
26.0,1240,6588.239743
28.0,1246,6592.120725
48.0,1735,6597.107013
44.0,1464,6601.326954
42.0,1599,6605.711673
18.0,1085,6616.390785
55.0,1334,6620.241695
31.0,1054,6623.35673
31.0,1213,6626.813704
36.0,1307,6631.085275
21.0,1022,6634.167348
49.0,1472,6638.123164
40.0,1424,6642.672817
31.0,1314,6646.41604
38.0,1629,6650.758248
34.0,1206,6661.121737
27.0,1099,6664.553621
28.0,1317,6668.360265
29.0,1264,6671.919115
32.0,1057,6675.054179
45.0,1652,6680.082594
24.0,1149,6683.499714
33.0,1365,6687.337071
31.0,1136,6690.750186
17.0,1085,6693.973914
22.0,1071,6696.927358
18.0,998,6707.754943
39.0,1598,6712.418021
22.0,948,6715.204666
38.0,1362,6718.863928
39.0,1492,6723.097238
23.0,1193,6726.357536
42.0,1437,6730.874685
39.0,1243,6734.575824
10.0,676,6736.425384
36.0,1402,6740.711858
36.0,1485,6752.037854
47.0,1351,6755.875003
31.0,1275,6760.056429
31.0,1189,6763.370828
30.0,1194,6766.586581
13.0,856,6768.659905
41.0,1634,6773.506596
43.0,1752,6779.088128
40.0,1613,6783.969918
21.0,992,6786.866098
26.0,1130,6790.111424
33.0,1178,6800.908383
37.0,1261,6804.678682
23.0,980,6807.455705
41.0,1587,6811.879428
14.0,896,6813.917368
33.0,1273,6817.859833
12.0,739,6819.756674
29.0,1138,6823.046077
16.0,934,6825.952757
44.0,1145,6829.285403
20.0,1102,6832.254095
44.0,1677,6842.479156
29.0,1225,6845.933164
11.0,744,6848.217442
47.0,1621,6852.56867
39.0,1470,6856.712791
17.0,852,6858.705072
38.0,1620,6863.412585
28.0,1221,6866.737134
30.0,1185,6870.044921
11.0,749,6872.58258
21.0,1185,6875.844403
43.0,1684,6887.525247
25.0,1069,6890.565353
30.0,1266,6894.113464
27.0,1386,6897.961904
24.0,1143,6900.953518
31.0,1348,6905.037378
42.0,1260,6908.344221
38.0,1404,6912.687462
33.0,1505,6916.694198
13.0,808,6919.094547
29.0,1119,6922.289905
41.0,1585,6933.206991
36.0,1089,6936.15767
268.0,1797,6940.835568
26.0,1171,6943.830781
39.0,1470,6948.049517
28.0,1349,6952.051508
26.0,1165,6955.343298
35.0,1279,6958.65456
33.0,1409,6962.657599
30.0,1132,6971.691212
28.0,1280,6975.139808
31.0,1387,6979.255879
34.0,1390,6982.807468
49.0,1635,6987.153782
43.0,1483,6991.465951
28.0,1347,6995.430632
19.0,842,6997.535225
41.0,1179,7000.893389
23.0,1151,7004.033228
41.0,1470,7014.976602
15.0,899,7017.748474
63.0,1887,7022.893648
21.0,1039,7025.615573
44.0,1607,7029.834505
26.0,1103,7032.925344
52.0,1631,7037.82337
42.0,1535,7042.038721
32.0,1435,7046.11821
33.0,1494,7050.35867
29.0,1139,7060.803908
31.0,1413,7064.651699
19.0,940,7067.605019
36.0,1471,7071.983768
20.0,1015,7074.918572
34.0,1437,7078.670257
37.0,1357,7082.70964
52.0,1666,7086.995966
31.0,1433,7091.178059
21.0,1106,7094.306528
16.0,968,7102.863492
26.0,1327,7106.811512
38.0,1298,7110.263742
29.0,1101,7113.126052
34.0,1469,7117.058751
34.0,1238,7120.528814
33.0,1094,7123.626757
25.0,1031,7126.538894
15.0,911,7129.090559
33.0,1470,7133.011054
29.0,1159,7136.681776
14.0,655,7138.443573
21.0,1191,7149.321656
18.0,761,7151.212156
16.0,914,7153.96685
27.0,1373,7157.309194
20.0,983,7159.941089
43.0,1669,7164.942924
39.0,1145,7168.469234
31.0,1380,7172.24511
21.0,1035,7175.321093
18.0,1026,7178.292993
44.0,1522,7182.632292
43.0,1595,7193.706507
26.0,1060,7196.65704
31.0,1483,7200.322635
31.0,1422,7204.248929
30.0,1316,7207.776069
38.0,1519,7212.264355
51.0,1583,7216.762371
25.0,1134,7219.92401
22.0,994,7222.740901
36.0,1296,7226.737947
18.0,1016,7236.211783
36.0,1119,7239.356588
55.0,1653,7244.326004
28.0,1347,7247.793229
16.0,980,7250.701356
18.0,1079,7253.590263
26.0,1222,7256.848704
35.0,1312,7260.347097
21.0,921,7263.033625
52.0,1436,7267.25039
38.0,1597,7277.874375
30.0,1239,7281.369649
36.0,1321,7284.89013
12.0,790,7287.209473
65.0,1834,7291.82103
31.0,1154,7294.726678
39.0,1527,7298.936681
20.0,951,7301.782145
27.0,1122,7305.007718
27.0,1196,7308.335287
31.0,1223,7312.274308
23.0,1309,7323.044397
17.0,927,7325.747357
32.0,1257,7329.09218
43.0,1498,7333.220273
30.0,1332,7336.653833
33.0,1204,7340.400507
38.0,1549,7344.54081
37.0,1424,7348.909614
29.0,1554,7353.580653
31.0,1217,7356.959258
24.0,1225,7366.681273
46.0,1569,7371.253659
22.0,1196,7374.919294
56.0,1534,7378.511757
30.0,1481,7382.329384
16.0,852,7384.837645
60.0,1556,7389.354843
23.0,982,7391.809646
21.0,1111,7395.455905
33.0,1356,7399.0301
26.0,972,7410.059525
30.0,922,7412.427578
12.0,782,7414.966763
40.0,1251,7418.405969
38.0,1499,7422.261214
35.0,1474,7426.376023
26.0,1111,7429.454786
36.0,1384,7433.102655
25.0,1217,7436.361988
24.0,1148,7439.909742
33.0,1499,7443.957864
41.0,1574,7454.154395
55.0,1745,7459.392269
19.0,700,7461.106714
37.0,1540,7464.965124
63.0,1788,7469.608683
53.0,1794,7474.598222
12.0,772,7476.972256
35.0,1274,7480.455367
28.0,1480,7484.84196
21.0,879,7487.063907
23.0,1132,7496.815791
26.0,1319,7500.80636
63.0,1648,7505.300397
33.0,1391,7509.150908
18.0,802,7511.138157
25.0,1390,7515.437917
29.0,1158,7518.640912
43.0,1849,7523.80406
46.0,1539,7528.159234
49.0,1566,7538.462351
43.0,1607,7543.128057
45.0,1691,7547.838228
35.0,1562,7551.701643
40.0,1610,7556.15976
34.0,1555,7560.566861
31.0,1219,7563.961117
52.0,1855,7569.446154
46.0,1759,7574.325143
49.0,1757,7584.418248
19.0,945,7587.205893
38.0,1570,7591.597572
17.0,952,7593.990526
33.0,1409,7597.188663
39.0,1447,7601.520046
33.0,1293,7604.976077
31.0,1391,7609.130962
42.0,1323,7612.929551
220.0,1261,7624.102194
49.0,1680,7628.839671
37.0,1411,7632.736867
11.0,739,7635.087647
23.0,1143,7638.048035
30.0,1099,7641.120029
35.0,1522,7645.652004
17.0,773,7647.55997
48.0,1823,7652.530646
35.0,1205,7656.194754
32.0,1098,7659.156487
33.0,1501,7669.183429
37.0,1664,7674.382737
34.0,1345,7677.866748
14.0,708,7679.519639
13.0,789,7681.651452
22.0,1137,7684.500341
30.0,1144,7687.68625
36.0,1327,7691.506655
29.0,1243,7695.548214
27.0,1365,7699.123177
41.0,1681,7703.818466
22.0,1097,7713.042598
18.0,999,7715.981702
38.0,1365,7720.023551
45.0,1468,7723.523207
25.0,1251,7727.071671
32.0,1290,7730.390675
23.0,1014,7733.430106
35.0,1291,7736.833689
22.0,1076,7739.897213
35.0,1668,7744.891739
28.0,1282,7755.15587
25.0,1016,7758.193152
28.0,1190,7761.478794
28.0,1124,7764.497957
12.0,789,7766.400377
28.0,1048,7769.23719
24.0,1221,7772.422216
33.0,1527,7776.892886
23.0,1019,7779.881563
41.0,1414,7784.241336
29.0,1124,7787.392043
33.0,1199,7790.692238
53.0,1596,7802.652351
36.0,1422,7806.475854
18.0,1021,7809.334376
24.0,1055,7811.665747
29.0,1160,7815.173592
23.0,977,7817.521857
22.0,1002,7820.439677
33.0,1382,7824.610884
28.0,1214,7827.965252
23.0,1031,7830.911561
24.0,1105,7834.020026
34.0,1491,7844.95753
30.0,1447,7848.435606
38.0,1711,7853.478408
26.0,1155,7856.648287
30.0,1411,7860.17375
50.0,1690,7864.904221
19.0,920,7867.63257
27.0,1217,7871.029487
21.0,1109,7874.137129
55.0,1473,7885.355309
32.0,1255,7888.545123
20.0,1035,7891.329409
47.0,1625,7895.918207
39.0,1322,7899.706932
46.0,1458,7903.236374
62.0,1558,7907.759444
15.0,896,7910.66914
31.0,1387,7914.739441
23.0,1121,7917.868832
25.0,1193,7921.178154
14.0,717,7929.338772
16.0,768,7931.075775
20.0,1029,7933.901875
23.0,1014,7936.897651
45.0,1417,7941.104399
24.0,1082,7943.878332
40.0,1535,7948.213223
34.0,1370,7951.828947
20.0,1032,7954.785226
18.0,1002,7957.664112
29.0,1542,7962.1384
35.0,1210,7973.353289
38.0,1476,7977.499949
29.0,1310,7981.135532
31.0,1376,7985.142802
46.0,1665,7989.510897
38.0,1036,7992.477178
31.0,1292,7996.052525
28.0,1193,7999.396831
25.0,1125,8002.668293
25.0,1125,8005.831498
30.0,1405,8010.086245
42.0,1601,8021.448287
28.0,1104,8024.657043
40.0,1537,8029.387035
33.0,1395,8032.895084
40.0,1545,8037.317632
28.0,1182,8040.999072
24.0,1172,8044.206578
23.0,1087,8047.402189
52.0,1912,8052.66243
21.0,1070,8062.244039
38.0,1450,8066.458099
23.0,1029,8069.404022
38.0,1460,8073.573121
56.0,1858,8078.580656
47.0,1557,8083.054385
36.0,1276,8086.38528
21.0,1171,8089.687241
27.0,1373,8093.933836
18.0,906,8096.714056
40.0,1265,8107.802532
16.0,925,8110.432614
18.0,1114,8113.588861
31.0,1040,8116.052943
31.0,1415,8120.022916
38.0,1476,8124.362382
22.0,1196,8127.888703
19.0,931,8130.647063
44.0,1481,8134.386792
26.0,1235,8138.275283
35.0,1218,8141.671512
17.0,767,8143.443576
37.0,1444,8156.045723
37.0,1407,8160.120839
26.0,1491,8163.700598
25.0,1245,8167.500284
40.0,1490,8171.333456
34.0,1369,8175.432985
14.0,868,8178.036459
43.0,1452,8181.756791
29.0,1207,8185.387519
16.0,877,8187.30622
29.0,1391,8198.519338
26.0,1103,8201.609257
36.0,1306,8205.091171
41.0,1510,8209.408819
40.0,1537,8213.800012
31.0,1217,8217.245413
31.0,1249,8220.899066
44.0,1569,8225.525058
38.0,1329,8229.301463
15.0,952,8231.351661
34.0,1362,8241.137189
29.0,1022,8244.08878
24.0,1070,8247.02406
14.0,848,8248.969451
37.0,1297,8252.857704
30.0,1167,8256.121216
31.0,1237,8259.360878
26.0,1313,8262.903823
29.0,1169,8266.757205
39.0,1266,8270.144896
11.0,737,8271.897276
32.0,1034,8274.66257
22.0,1093,8283.658905
25.0,983,8286.485175
43.0,1741,8291.206974
15.0,875,8293.706897
38.0,1757,8298.656815
30.0,1334,8302.083341
43.0,1570,8306.534986
29.0,1325,8310.538779
20.0,983,8313.284165
20.0,1049,8315.947487
19.0,961,8324.172556
52.0,1960,8330.223138
34.0,1278,8333.549798
33.0,1319,8337.335988
28.0,991,8340.111809
30.0,1245,8343.407613
35.0,1421,8347.149621
29.0,1291,8350.953091
32.0,1332,8354.299019
44.0,1613,8358.881214
35.0,1177,8369.067606
34.0,1358,8373.137514
25.0,1125,8376.146073
23.0,1159,8379.228281
42.0,1181,8382.384942
36.0,1484,8386.681398
44.0,1523,8391.152759
26.0,1222,8394.428043
43.0,1580,8398.714592
26.0,1126,8401.617207
24.0,1026,8411.034593
51.0,1687,8415.868168
35.0,1246,8419.732611
50.0,1588,8424.050498
20.0,1057,8426.728033
47.0,1471,8431.338166
42.0,1352,8435.570679
34.0,1487,8439.579032
10.0,700,8441.701342
24.0,1154,8444.740727
42.0,1628,8455.781695
27.0,1031,8458.730196
32.0,1171,8461.966121
36.0,1240,8465.044846
31.0,1182,8468.059628
36.0,1468,8472.433029
39.0,1458,8476.841747
16.0,920,8479.52125
11.0,696,8481.206959
24.0,1063,8483.991082
41.0,1390,8487.473673
28.0,1023,8490.465682
37.0,1359,8501.425474
46.0,1517,8505.671557
21.0,997,8507.85792
42.0,1520,8512.057429
43.0,1507,8516.559908
24.0,1100,8519.632546
30.0,1344,8523.172912
35.0,1245,8526.879786
34.0,1378,8530.264748
46.0,1653,8541.424617
29.0,1070,8544.686891
36.0,1489,8548.944214
36.0,1304,8552.731729
31.0,1139,8555.790012
23.0,921,8557.884499
38.0,1533,8562.357655
21.0,881,8565.014135
34.0,1490,8569.435615
21.0,1152,8572.584704
30.0,1297,8576.178797
50.0,1811,8587.044587
17.0,887,8589.693012
30.0,1230,8592.915606
37.0,1389,8597.011084
20.0,1145,8600.115228
40.0,1348,8603.709052
40.0,1557,8608.095457
31.0,1438,8612.146669
28.0,1001,8615.098234
38.0,1439,8619.412866
16.0,920,8628.458659
22.0,1111,8631.517346
13.0,793,8634.020298
44.0,1396,8637.532945
32.0,1284,8641.197911
38.0,1721,8646.070669
37.0,1191,8649.358196
33.0,1352,8652.459761
36.0,1401,8656.428047
20.0,945,8659.203404
44.0,1645,8663.826288
12.0,847,8671.854353
37.0,1378,8676.112092
38.0,1541,8680.415564
50.0,1578,8684.806355
37.0,1502,8689.200612
35.0,1110,8692.236691
41.0,1153,8695.280482
19.0,949,8697.472262
26.0,1283,8701.386396
38.0,988,8704.310185
44.0,954,8706.644923
33.0,1136,8716.137638
28.0,1477,8720.474346
36.0,1141,8723.356106
38.0,1597,8727.926127
33.0,1349,8732.105356
41.0,1710,8736.597805
26.0,1219,8739.945042
22.0,1056,8742.973015
12.0,830,8744.968589
15.0,848,8747.505022
43.0,1340,8759.012577
37.0,1409,8762.861255
45.0,1170,8765.846562
37.0,1228,8769.367502
33.0,1317,8772.920656
34.0,1119,8776.193983
19.0,897,8778.717044
20.0,1018,8781.423603
23.0,1049,8783.867687
44.0,1343,8787.87469
33.0,1514,8792.40752
43.0,1638,8803.209348
46.0,1734,8807.900806
39.0,1429,8811.928196
43.0,1475,8815.545933
15.0,836,8817.972883
41.0,1470,8821.984869
31.0,1313,8825.394398
28.0,1378,8829.485093
47.0,1620,8834.058706
16.0,895,8836.236638
42.0,1369,8847.395729
42.0,1724,8852.220461
29.0,1076,8855.149416
16.0,911,8857.643124
23.0,1008,8860.243075
39.0,1340,8863.534167
25.0,1091,8866.688175
28.0,1350,8870.977993
24.0,1184,8874.347233
23.0,992,8877.167641
36.0,1622,8881.706099
23.0,1138,8891.230688
22.0,968,8893.639731
39.0,1332,8897.476326
51.0,1466,8901.641065
17.0,946,8903.826061
24.0,999,8906.667876
28.0,1244,8910.150364
34.0,1566,8914.504222
28.0,1484,8918.772406
43.0,1720,8923.554767
23.0,1154,8932.944095
35.0,1457,8937.335367
33.0,1297,8941.146962
36.0,1377,8944.411325
46.0,1501,8948.414486
36.0,1624,8952.918801
38.0,1461,8957.236451
40.0,1543,8961.916665
44.0,1690,8966.812289
20.0,1015,8976.393581
26.0,1335,8980.10866
21.0,1058,8983.066066
8.0,524,8984.35343
32.0,1281,8987.346718
42.0,1498,8991.26205
40.0,1367,8994.918883
39.0,1725,9000.153105
35.0,1528,9004.539987
34.0,1329,9008.253087
39.0,1532,9019.396272
55.0,1822,9024.415206
26.0,847,9027.110239
22.0,1074,9029.832277
59.0,1858,9034.87269
28.0,1134,9038.158229
39.0,1400,9042.321318
31.0,1436,9046.767491
30.0,1346,9050.492321
17.0,679,9052.372172
34.0,1509,9064.466664
25.0,1109,9067.602258
36.0,1394,9071.529691
34.0,1367,9074.948092
37.0,1309,9078.640044
45.0,1375,9082.448663
26.0,1100,9085.597531
31.0,1142,9088.906094
20.0,990,9091.803965
53.0,1846,9097.472249
46.0,1440,9107.332856
32.0,1134,9110.581674
28.0,1305,9114.528205
39.0,1495,9118.354309
54.0,1772,9123.052686
27.0,1215,9126.335024
26.0,1115,9129.462685
29.0,1027,9132.497153
41.0,1478,9136.850229
12.0,829,9138.881992
49.0,1860,9151.137245
20.0,865,9153.312906
32.0,1268,9157.13098
53.0,1661,9161.433484
20.0,1031,9164.057125
27.0,1051,9166.850716
27.0,1165,9170.147103
37.0,1520,9174.579468
17.0,946,9176.878254
25.0,1141,9180.065513
34.0,1275,9184.064079
25.0,1265,9193.657728
53.0,1495,9198.254078
51.0,1748,9202.839813
50.0,1638,9207.040338
39.0,1502,9211.521336
40.0,1529,9216.009064
32.0,1302,9219.50463
43.0,1760,9224.690634
31.0,1322,9228.431495
30.0,977,9239.214694
32.0,1489,9243.589928
47.0,1584,9247.348464
28.0,1182,9250.857634
31.0,1319,9254.224012
47.0,1686,9259.079855
29.0,1294,9262.993706
30.0,1280,9266.470972
18.0,900,9269.127054
48.0,1657,9273.817467
29.0,1610,9286.270967
24.0,1317,9289.493387
22.0,987,9292.118526
12.0,567,9293.649978
42.0,1518,9298.091419
42.0,1593,9302.849107
26.0,1074,9305.905216
17.0,902,9308.170288
30.0,1325,9312.292918
14.0,691,9314.173174
41.0,1377,9318.180093
30.0,974,9326.73587
62.0,1410,9330.74481
54.0,1453,9334.854194
44.0,1512,9338.757056
8.0,578,9340.192784
52.0,1725,9345.355194
26.0,1252,9348.741757
32.0,1341,9352.322845
38.0,1237,9356.030672
33.0,1039,9358.679379
32.0,1475,9370.468483
50.0,1472,9374.387865
17.0,1055,9377.15378
33.0,1279,9380.543173
43.0,1848,9385.746826
34.0,1486,9389.747354
42.0,1606,9394.39386
39.0,1483,9398.712267
21.0,888,9401.319404
20.0,1064,9404.506211
39.0,1014,9407.366003
33.0,1428,9417.764246
20.0,1085,9420.770271
47.0,1742,9425.549499
21.0,1198,9429.078798
31.0,1286,9432.40835
25.0,1137,9435.544807
23.0,1177,9438.860902
36.0,1463,9443.279913
24.0,1101,9446.41933
18.0,958,9449.296876
41.0,1509,9459.203602
34.0,1340,9463.254891
39.0,1370,9466.897051
30.0,1248,9470.396865
33.0,1223,9473.504955
27.0,1233,9476.703053
14.0,854,9479.397008
28.0,1299,9483.006609
35.0,1386,9487.173581
37.0,1501,9491.577492
31.0,1075,9502.044484
24.0,1127,9505.161
24.0,1245,9508.796124
13.0,822,9510.689686
45.0,1369,9514.619311
35.0,1092,9517.665091
31.0,1432,9521.836416
20.0,809,9523.9061
41.0,1658,9528.494128
51.0,1559,9532.856244
16.0,818,9535.310263
42.0,1419,9545.440306
37.0,1565,9550.175714
24.0,1265,9553.74918
34.0,1362,9557.797059
44.0,1481,9561.652001
42.0,1624,9566.108259
47.0,1414,9569.811099
32.0,1297,9573.831096
28.0,1397,9577.54348
41.0,1442,9581.744326
20.0,853,9590.657245
36.0,1265,9594.292224
32.0,1449,9598.62323
35.0,1178,9601.697951
31.0,1376,9605.159654
46.0,1550,9609.625668
36.0,1160,9612.728117
16.0,807,9615.192726
39.0,1337,9618.828651
32.0,1244,9622.565914
30.0,1391,9632.63477
28.0,1415,9636.978966
26.0,1285,9640.480759
28.0,1314,9643.953974
32.0,1200,9647.384284
36.0,1473,9651.141464
37.0,1287,9655.140593
34.0,1477,9658.795052
28.0,1257,9662.508079
43.0,1557,9666.937783
47.0,1394,9677.574184
35.0,1466,9681.853656
21.0,1030,9684.83772
18.0,929,9687.648071
40.0,1426,9691.13188
35.0,1361,9694.856974
21.0,1104,9697.774976
40.0,1421,9701.562
15.0,871,9704.091109
48.0,1616,9708.754004
43.0,1612,9720.027718
36.0,1453,9724.279557
40.0,1665,9728.820879
28.0,1261,9732.155267
17.0,1021,9734.985675
23.0,940,9737.672237
33.0,1307,9741.132288
15.0,976,9743.964936
43.0,1490,9747.910203
11.0,730,9750.279275
39.0,1433,9754.034253
28.0,1431,9763.40631
34.0,1566,9767.91092
36.0,1281,9771.387646
47.0,1600,9775.818178
36.0,1499,9780.028906
26.0,1323,9783.860669
25.0,1188,9787.012123
26.0,1318,9790.432349
22.0,896,9793.014238
34.0,1206,9796.163393
41.0,1625,9807.629699
44.0,1671,9812.250486
20.0,1159,9815.594333
26.0,1284,9819.455834
23.0,1086,9822.445906
36.0,1323,9825.801744
20.0,1177,9829.025577
14.0,736,9831.370965
38.0,1257,9834.99385
27.0,1022,9837.923181
22.0,1126,9840.839738
25.0,1096,9851.74611
37.0,1381,9855.441442
35.0,1194,9859.125583
34.0,1625,9863.523263
36.0,1584,9867.539843
30.0,1343,9870.955179
31.0,1466,9875.457311
61.0,2005,9881.43089
39.0,1508,9885.315174
38.0,1268,9896.219119
39.0,1487,9900.557916
17.0,948,9902.941852
34.0,1320,9906.851229
27.0,1121,9909.803987
54.0,1465,9913.606635
44.0,1539,9918.052212
21.0,1149,9921.234877
39.0,1548,9925.449301
41.0,1426,9929.660972
23.0,1159,9939.594275
32.0,1334,9943.531789
27.0,1399,9947.177376
38.0,1394,9951.183024
73.0,2272,9957.493152
31.0,1250,9960.898098
36.0,1453,9965.120223
28.0,1074,9968.062043
42.0,1431,9972.25652
13.0,821,9980.297408
35.0,1247,9983.816423
46.0,1525,9988.283165
31.0,1304,9992.163467
33.0,1409,9995.52765
24.0,1189,9998.563484
45.0,1719,10003.952636
33.0,1352,10007.394643
35.0,1212,10010.50804
42.0,1623,10015.127493
50.0,1722,10026.876295
29.0,1263,10030.206773
27.0,1298,10033.633848
30.0,1212,10037.161934
51.0,1588,10041.416062
51.0,1682,10046.171829
36.0,1540,10050.609496
39.0,1679,10055.161749
13.0,832,10057.36395
38.0,1459,10067.700894
29.0,1136,10070.811299
37.0,1464,10074.942655
34.0,1487,10079.149109
31.0,1453,10082.831107
27.0,1337,10086.897811
34.0,1463,10090.608081
50.0,1728,10096.100279
31.0,1381,10099.793822
7.0,547,10101.270282
25.0,1234,10112.116926
29.0,1207,10115.868927
31.0,1173,10119.093676
28.0,1243,10122.431563
31.0,1159,10125.34902
20.0,958,10127.996294
36.0,1537,10132.206596
27.0,1277,10135.642446
40.0,1410,10139.898674
53.0,1652,10144.743976
23.0,1011,10155.47753
16.0,1015,10158.304596
29.0,1392,10161.97814
22.0,1100,10165.088585
44.0,1861,10170.463944
52.0,1619,10174.776919
39.0,1466,10178.370605
33.0,1281,10181.983557
28.0,1058,10184.869301
19.0,1125,10187.763942
26.0,1151,10190.897298
34.0,1503,10203.179649
20.0,936,10205.614377
20.0,974,10208.682952
22.0,1134,10211.858088
27.0,1276,10215.507021
29.0,1055,10218.320926
26.0,1092,10221.121715
31.0,1149,10223.994328
29.0,1222,10227.160103
50.0,1626,10231.843831
23.0,1190,10235.192139
46.0,1317,10245.696014
34.0,1421,10249.536682
54.0,1730,10254.269084
41.0,1658,10259.079427
46.0,1659,10263.423447
17.0,1059,10266.210952
42.0,1677,10270.584067
26.0,1446,10274.249796
40.0,1339,10285.377687
7.0,557,10286.911762
49.0,1411,10290.616862
42.0,1487,10294.889944
52.0,1810,10300.172765
21.0,1292,10303.252036
60.0,1911,10308.462595
40.0,1556,10312.574836
22.0,1114,10315.726203
60.0,1659,10320.329763
29.0,1291,10330.790057
59.0,1826,10336.343462
42.0,1459,10340.132452
44.0,1626,10344.499644
28.0,1101,10347.303417
34.0,1234,10350.82872
8.0,634,10352.260794
28.0,1299,10355.632419
39.0,1313,10359.612514
40.0,1509,10363.55525
50.0,1630,10375.450485
21.0,1034,10378.526893
42.0,1687,10383.441638
47.0,1595,10387.785757
27.0,1043,10390.435207
36.0,1491,10394.231941
31.0,1186,10397.425412
39.0,1430,10401.701754
36.0,1125,10404.861209
47.0,1507,10416.286529
45.0,1565,10420.976563
23.0,1111,10424.211011
55.0,1626,10428.920252
29.0,1125,10432.056051
19.0,811,10433.806622
23.0,1201,10437.120034
23.0,1202,10440.111677
37.0,1540,10444.557614
24.0,1079,10447.652858
18.0,984,10450.127531
18.0,698,10458.345421
33.0,924,10460.621469
27.0,1179,10463.916236
35.0,1061,10467.090397
41.0,1388,10471.434962
18.0,1009,10474.460103
32.0,1270,10477.709911
35.0,1454,10481.807879
16.0,926,10484.492969
29.0,1071,10487.089987
40.0,1491,10491.520027
41.0,1620,10502.531603
15.0,877,10505.224523
28.0,1279,10508.90577
34.0,1421,10513.250111
31.0,1280,10516.75491
21.0,1134,10519.69302
45.0,1627,10523.698301
25.0,1036,10526.604999
39.0,1418,10530.792924
27.0,1019,10533.712249
15.0,926,10535.931233
28.0,1211,10546.63061
46.0,1623,10551.262316
41.0,1557,10555.659985
26.0,1103,10558.934824
40.0,1545,10563.181623
46.0,1531,10567.661023
21.0,950,10570.234381
42.0,1638,10574.609903
31.0,1309,10578.459551
18.0,890,10580.647235
51.0,1635,10592.251991
35.0,1353,10596.394923
26.0,1225,10599.829926
26.0,1166,10603.069501
34.0,1355,10606.944317
30.0,994,10609.229324
51.0,1466,10613.416188
38.0,1563,10617.67453
22.0,1125,10620.758136
25.0,1257,10624.158243
40.0,1547,10635.28944
38.0,1533,10639.669256
36.0,1349,10643.693214
47.0,1802,10648.322166
29.0,1491,10652.468654
40.0,1381,10656.119797
32.0,918,10658.668055
19.0,895,10661.24369
34.0,1249,10664.643553
46.0,1522,10669.002332
14.0,846,10677.218104
16.0,988,10680.050103
22.0,1247,10683.441607
24.0,1149,10686.541987
39.0,1254,10690.192523
42.0,1258,10693.335138
47.0,1569,10697.827159
40.0,1526,10702.128173
38.0,1508,10706.425949
25.0,992,10709.266563
22.0,932,10711.564877
35.0,1508,10722.504083
47.0,1830,10727.946238
26.0,1161,10731.056028
34.0,1449,10734.640639
36.0,1522,10739.002937
32.0,1480,10743.262062
42.0,1641,10747.579571
25.0,1023,10750.408362
14.0,852,10752.506643
29.0,1337,10763.041104
26.0,1279,10766.47785
56.0,1714,10771.184043
29.0,1369,10775.147356
57.0,1851,10780.103853
19.0,928,10782.847668
38.0,1026,10785.729192
30.0,1392,10789.649741
13.0,752,10791.370997
26.0,1009,10794.066335
24.0,908,10796.289011
45.0,1490,10808.019338
27.0,1142,10811.132785
45.0,1572,10815.464674
37.0,1411,10819.399448
42.0,1421,10823.060831
66.0,1666,10828.156516
44.0,1387,10831.617185
19.0,955,10834.153834
45.0,1538,10838.337314
29.0,1357,10841.966089
34.0,1027,10850.896959
21.0,1003,10853.786457
55.0,1654,10858.349375
47.0,1530,10862.567389
47.0,1445,10866.86883
31.0,1353,10870.550104
33.0,1407,10874.754138
50.0,1408,10878.454499
51.0,1798,10883.832302
55.0,1580,10895.024944
40.0,1640,10899.89281
39.0,1249,10903.070527
34.0,1484,10907.358671
29.0,1500,10911.276256
30.0,1169,10914.980739
22.0,1055,10917.864403
39.0,1609,10922.121309
25.0,934,10924.355199
36.0,1183,10927.529115
27.0,1343,10938.119694
38.0,1383,10941.696823
53.0,1555,10945.96305
52.0,1526,10950.43295
23.0,1024,10953.324936
38.0,1180,10956.592332
24.0,993,10959.368305
25.0,1086,10962.261765
23.0,927,10964.835247
23.0,934,10967.174863
49.0,1344,10971.231305
46.0,1315,10981.529687
22.0,915,10984.081245
62.0,1987,10989.606815
25.0,1246,10993.07018
22.0,878,10995.678054
47.0,1665,11000.55964
32.0,1261,11004.016622
38.0,1242,11007.391284
22.0,1040,11010.166925
58.0,1645,11014.82558
34.0,1347,11026.114617
34.0,1303,11029.310934
44.0,1530,11033.728707
42.0,1475,11038.058648
27.0,1196,11041.343667
22.0,1320,11045.087527
30.0,1113,11048.204507
48.0,1208,11052.003381
31.0,1352,11055.861429
40.0,1501,11060.370754
31.0,1272,11070.574576
38.0,1520,11074.825199
35.0,1610,11079.520697
31.0,1331,11083.626991
31.0,1269,11087.079074
33.0,1238,11090.640722
28.0,1190,11093.954169
32.0,1375,11098.099009
33.0,1607,11102.579021
53.0,1525,11112.166145
51.0,1935,11117.223775
30.0,1254,11121.091374
42.0,1418,11124.983854
29.0,1500,11129.39023
34.0,1483,11133.748087
30.0,1203,11136.983334
18.0,925,11139.790994
30.0,1136,11142.918251
44.0,1483,11147.303728
35.0,1518,11158.113571
35.0,1599,11163.287396
38.0,1451,11167.106169
54.0,1663,11171.732499
33.0,1104,11174.854627
35.0,1351,11178.846747
37.0,1385,11182.438375
42.0,1326,11186.405899
24.0,1213,11189.830045
47.0,1660,11200.967536
28.0,1465,11205.443516
30.0,1195,11208.814488
31.0,1203,11212.162936
32.0,1453,11216.359643
33.0,1418,11220.557304
44.0,1514,11224.497955
43.0,1681,11229.493177
35.0,1397,11233.302528
46.0,1563,11244.192849
28.0,1046,11247.330209
22.0,1019,11250.327518
21.0,1084,11253.296402
42.0,1540,11257.704502
37.0,1467,11261.52397
37.0,1382,11265.535646
34.0,1236,11268.656409
39.0,1259,11272.321786
40.0,1487,11276.242273
20.0,1081,11279.203891
33.0,1298,11290.387798
28.0,1264,11293.764373
29.0,1089,11296.798781
24.0,1122,11300.058283
45.0,1239,11303.360955
29.0,1153,11306.638198
26.0,1051,11309.477013
45.0,1452,11313.676417
45.0,1602,11318.409489
26.0,1176,11321.631146
46.0,1421,11332.908833
41.0,1564,11337.593113
28.0,1028,11340.571096
35.0,1535,11344.640184
29.0,1115,11347.790558
48.0,1824,11353.288353
34.0,1209,11356.389207
28.0,1243,11359.687842
41.0,1615,11364.489656
30.0,975,11367.281062
24.0,977,11377.077151
40.0,1661,11381.884278
23.0,1114,11385.124232
26.0,1082,11388.170705
34.0,1421,11392.339596
29.0,1168,11395.612886
47.0,1321,11398.983333
36.0,1298,11402.725748
23.0,1085,11405.554337
24.0,1009,11408.485453
26.0,1132,11411.441384
44.0,1609,11421.750861
20.0,1238,11425.159571
16.0,882,11427.723367
14.0,891,11429.926897
41.0,1466,11434.094962
42.0,1641,11438.778772
35.0,1422,11442.684684
28.0,1120,11445.602397
29.0,1060,11448.070287
53.0,1703,11453.332878
42.0,1522,11464.973351
14.0,868,11467.221392
26.0,1327,11471.372617
35.0,1292,11474.89788
13.0,636,11476.695527
32.0,1174,11479.95302
35.0,1169,11483.113758
22.0,1206,11486.638963
37.0,1032,11488.895806
44.0,1620,11493.142336
51.0,1651,11497.971052
43.0,1544,11508.74824
25.0,1061,11511.643636
29.0,1395,11515.881076
22.0,1263,11519.160341
45.0,1597,11523.719423
32.0,989,11526.635724
40.0,1623,11530.968138
42.0,1571,11535.284247
35.0,1374,11539.219718
23.0,973,11541.329013
19.0,1105,11552.551966
33.0,1536,11557.311284
48.0,1678,11561.898181
20.0,943,11564.54911
41.0,1469,11569.017612
41.0,1246,11572.340523
47.0,1684,11576.890385
27.0,1177,11579.754599
45.0,1648,11584.06743
36.0,1618,11596.137363
26.0,1148,11599.425503
50.0,1607,11604.102564
27.0,1247,11607.604588
32.0,1263,11611.053141
40.0,1337,11615.117339
37.0,1722,11619.819842
47.0,1528,11623.916566
28.0,1357,11627.30695
37.0,1490,11639.403893
12.0,806,11641.831394
37.0,1592,11645.830674
37.0,1566,11650.244815
33.0,1261,11654.111624
28.0,1519,11658.426222
49.0,1796,11663.313657
32.0,1349,11666.664272
28.0,1317,11670.383399
33.0,1235,11673.74645
52.0,1336,11684.465075
34.0,1458,11688.338325
25.0,1058,11691.311297
59.0,1681,11696.16211
44.0,1611,11700.948503
27.0,1164,11704.461074
59.0,1860,11708.950241
52.0,1585,11713.268783
40.0,1659,11718.147189
10.0,668,11727.670027
29.0,1269,11731.773863
28.0,1212,11735.180084
35.0,1455,11739.439475
32.0,1208,11742.73314
27.0,1014,11745.554674
62.0,1935,11750.317952
45.0,1386,11754.108265
43.0,1322,11757.590181
14.0,883,11760.121221
15.0,874,11762.328032
12.0,818,11771.538904
20.0,1013,11774.461855
40.0,1405,11778.049425
24.0,1147,11781.22417
46.0,1723,11786.702713
34.0,1244,11790.136921
36.0,1528,11794.365809
39.0,1231,11797.467622
34.0,1488,11801.714525
26.0,921,11804.423898
34.0,1245,11816.177495
27.0,1195,11819.305524
33.0,1411,11823.680165
24.0,1048,11826.936789
22.0,1025,11829.531322
20.0,1201,11833.258165
33.0,1512,11836.808284
44.0,1611,11841.224471
27.0,1150,11844.951111
49.0,1797,11849.948948
18.0,1017,11859.894397
60.0,1482,11864.347637
22.0,1038,11866.806908
49.0,1217,11870.708887
20.0,1067,11873.806233
32.0,1444,11877.510675
47.0,1333,11881.267323
46.0,1674,11885.547351
36.0,1552,11890.056804
22.0,1099,11893.276562
37.0,1477,11904.734805
36.0,1323,11908.347682
25.0,1098,11911.465509
20.0,919,11914.213564
39.0,1426,11917.880784
38.0,1383,11921.811907
25.0,1083,11924.645745
56.0,1725,11929.22723
45.0,1922,11935.05157
26.0,1311,11938.673576
13.0,763,11947.324321
28.0,1199,11950.611988
34.0,1507,11954.855828
46.0,1658,11959.515282
9.0,589,11961.045732
35.0,1356,11964.715884
13.0,719,11966.541035
56.0,1743,11971.879754
49.0,1866,11977.148201
55.0,1858,11982.693309
42.0,1495,11992.340003
39.0,1458,11996.905081
55.0,1764,12002.466995
30.0,1176,12005.90298
49.0,1609,12010.568596
44.0,1631,12015.199921
32.0,1510,12019.739483
23.0,996,12022.289992
29.0,1253,12026.11726
16.0,990,12035.99602
30.0,1223,12039.987841
40.0,1328,12043.729166
24.0,1163,12047.056023
18.0,1019,12050.079426
11.0,544,12051.526313
48.0,1703,12056.123509
22.0,1038,12059.08801
46.0,1868,12064.686499
12.0,758,12066.647098
44.0,1603,12071.242673
58.0,1527,12083.024107
18.0,861,12085.213866
24.0,993,12088.002558
22.0,1128,12091.208273
29.0,1408,12095.196103
35.0,1253,12098.376825
39.0,1578,12102.601702
39.0,1530,12106.719824
40.0,1360,12110.779922
50.0,1568,12114.794995
34.0,1564,12125.688218
49.0,1766,12130.918245
45.0,1671,12135.525025
11.0,733,12137.284761
49.0,1577,12141.700812
25.0,1016,12144.561592
33.0,1256,12147.863747
29.0,1368,12152.114586
47.0,1346,12155.738992
46.0,1612,12160.544865
31.0,1262,12171.829519
22.0,1250,12175.102705
28.0,1193,12178.400225
35.0,1521,12182.447979
32.0,1427,12186.17983
23.0,950,12188.661595
36.0,1440,12192.646496
28.0,1397,12196.612974
37.0,1644,12201.434026
29.0,1441,12214.140959
25.0,1215,12217.651082
49.0,1557,12221.888723
30.0,1148,12224.813777
13.0,905,12227.431391
48.0,1676,12232.247904
20.0,917,12234.947878
22.0,1080,12237.966651
44.0,1731,12242.865539
28.0,1196,12246.351449
47.0,1822,12258.738136
34.0,1359,12262.347223
35.0,1242,12265.357987
38.0,1395,12269.222533
31.0,1103,12272.463443
50.0,1610,12276.873125
30.0,1074,12279.738564
47.0,1455,12283.936982
43.0,1467,12287.740258
72.0,2139,12293.78144
31.0,1314,12304.412165
18.0,870,12306.494919
30.0,1397,12310.284173
44.0,1876,12315.886653
47.0,1442,12319.674131
12.0,767,12321.821961
33.0,1495,12325.324935
42.0,1582,12329.8277
44.0,1571,12334.376397
35.0,1171,12343.880424
42.0,1596,12348.212519
67.0,1800,12353.337377
27.0,1115,12356.621207
55.0,1528,12361.069603
35.0,1362,12364.56423
56.0,1835,12369.939284
53.0,1950,12375.19522
41.0,1591,12379.821963
22.0,1178,12390.672607
40.0,1462,12394.444686
63.0,1933,12399.945131
27.0,1382,12403.437866
21.0,1206,12406.927655
44.0,1548,12411.030312
55.0,1691,12415.865405
29.0,1342,12419.478453
32.0,1287,12423.43391
54.0,1945,12436.157362
61.0,1649,12440.697231
46.0,1713,12445.892623
45.0,1646,12450.315246
37.0,1443,12453.742625
18.0,1090,12456.722042
41.0,1575,12461.078429
40.0,1238,12464.295606
31.0,1170,12474.583496
32.0,1091,12477.4547
57.0,1898,12482.5926
49.0,1676,12487.288815
24.0,1122,12490.376151
30.0,1222,12494.05863
55.0,1620,12498.46833
21.0,1105,12501.618943
40.0,1400,12505.358139
36.0,1415,12509.566166
49.0,1629,12521.946743
55.0,1915,12527.545777
27.0,1406,12531.203689
42.0,1579,12535.498736
26.0,1066,12538.422655
31.0,1496,12542.525973
51.0,1426,12546.23218
20.0,1047,12549.22218
26.0,1178,12552.330287
39.0,1438,12564.472327
21.0,1037,12567.208943
46.0,1673,12571.94099
19.0,1093,12575.012101
43.0,1329,12578.900571
34.0,1349,12582.207977
27.0,1195,12585.234375
55.0,1664,12589.838202
24.0,1294,12593.809383
23.0,1148,12597.136327
51.0,1659,12608.672979
47.0,1704,12613.479603
20.0,1120,12616.545893
33.0,1469,12621.024428
47.0,1694,12625.833333
21.0,1016,12628.476094
42.0,1634,12632.789343
21.0,1199,12636.087063
44.0,1764,12641.155049
48.0,1535,12652.559515
55.0,1922,12658.490807
40.0,1569,12663.081157
42.0,1579,12667.756653
29.0,1195,12671.035531
34.0,1635,12675.589079
26.0,1118,12678.645288
49.0,1706,12683.507191
15.0,756,12685.893461
18.0,970,12688.737506
50.0,1619,12700.781013
45.0,1287,12704.166857
31.0,1422,12708.480224
22.0,1057,12711.504814
63.0,1805,12716.489852
48.0,1667,12721.221997
60.0,1985,12727.010539
30.0,1129,12730.085298
44.0,1752,12740.969799
72.0,2002,12746.724198
42.0,1425,12751.066808
45.0,1421,12754.644331
47.0,1743,12759.545865
35.0,1085,12762.622132
29.0,1237,12765.773211
40.0,1312,12768.983934
36.0,1425,12773.137651
45.0,1484,12783.946493
39.0,1385,12787.723738
38.0,1452,12792.08275
27.0,1248,12795.195839
34.0,1589,12799.375572
49.0,1542,12803.448735
18.0,912,12805.986086
30.0,1212,12809.199343
37.0,1371,12812.713349
40.0,1569,12817.187569
31.0,1347,12828.477827
27.0,1299,12832.077013
37.0,1445,12836.444988
33.0,1401,12840.675681
34.0,1536,12844.462398
51.0,1775,12849.506976
30.0,1190,12852.777483
15.0,892,12855.437978
51.0,1546,12859.430242
28.0,1073,12869.241962
25.0,1102,12872.314971
31.0,1291,12876.333407
17.0,876,12878.606774
36.0,1112,12881.800262
49.0,1472,12886.092296
22.0,1109,12888.912157
26.0,1157,12891.755581
45.0,1144,12895.007736
30.0,938,12897.744487
38.0,1411,12901.771711
42.0,1575,12905.85785
24.0,1122,12916.182601
24.0,988,12918.647134
31.0,1518,12923.050195
13.0,778,12925.517391
46.0,1429,12929.216596
25.0,1052,12931.948313
27.0,1409,12935.744795
22.0,1131,12938.885018
37.0,1507,12943.210209
20.0,1097,12946.197316
34.0,1324,12956.97769
35.0,1299,12960.970385
43.0,1482,12964.812694
23.0,959,12967.569053
35.0,1438,12971.856458
37.0,1562,12975.979761
37.0,1587,12980.303967
43.0,1459,12984.077051
26.0,1060,12986.923594
46.0,1659,12991.529925
26.0,1236,13002.243687
43.0,1354,13005.956781
23.0,1136,13009.080159
29.0,1096,13012.138193
14.0,922,13014.776182
27.0,975,13017.377004
23.0,1150,13020.341658
35.0,1608,13024.837924
33.0,1386,13028.364722
84.0,1601,13032.916315
13.0,797,13035.343589
68.0,1935,13048.543671
23.0,1195,13052.187845
33.0,1497,13056.004839
43.0,1584,13060.333651
35.0,1405,13064.197224
43.0,1624,13068.722693
46.0,1185,13071.806893
13.0,806,13074.135474
26.0,1206,13077.381827
51.0,1612,13088.503607
46.0,1768,13093.366962
42.0,1582,13097.894946
37.0,1638,13102.579864
49.0,1685,13107.154478
22.0,1054,13110.002214
30.0,1212,13113.396956
31.0,1502,13117.618718
30.0,1268,13121.258669
30.0,1243,13132.501269
23.0,1139,13135.650844
32.0,1326,13139.11054
35.0,1412,13143.099679
27.0,1197,13146.276021
25.0,1257,13149.853567
31.0,1438,13153.620984
43.0,1178,13156.725634
34.0,1255,13160.285446
51.0,1753,13165.08266
46.0,1540,13177.199879
34.0,1196,13180.619156
8.0,568,13182.09198
41.0,1303,13185.568895
38.0,1230,13189.18701
26.0,1243,13192.4135
24.0,856,13194.44601
35.0,1193,13198.151946
56.0,1820,13202.871059
27.0,1105,13205.992421
20.0,799,13208.400337
24.0,1280,13211.800534
46.0,1567,13223.805485
26.0,1324,13227.422619
37.0,1288,13231.302034
20.0,993,13233.562714
48.0,1625,13238.264889
15.0,945,13240.976023
33.0,1128,13244.197647
23.0,1206,13247.734448
24.0,916,13250.604068
32.0,1487,13255.003003
44.0,1333,13266.527577
8.0,636,13268.642297
40.0,1349,13272.161083
52.0,1593,13276.494206
42.0,1642,13280.817969
19.0,934,13283.423264
13.0,850,13285.378388
51.0,1552,13289.650818
36.0,1487,13294.217553
17.0,1037,13297.153763
53.0,1485,13301.456159
19.0,1193,13311.535226
31.0,1604,13316.159611
53.0,1617,13320.686294
42.0,1736,13325.373835
30.0,1010,13328.104745
31.0,1359,13331.650167
34.0,1529,13336.142593
68.0,1900,13341.887461
42.0,1634,13354.214455
46.0,1641,13359.169419
38.0,1252,13362.554657
19.0,953,13365.136218
31.0,1334,13368.747087
43.0,1833,13373.254949
37.0,1481,13377.497652
22.0,994,13380.545308
22.0,1046,13383.013168
55.0,1870,13388.482309
27.0,1053,13398.508002
41.0,1460,13402.837405
48.0,1611,13407.331143
49.0,1790,13411.904307
24.0,945,13414.43625
32.0,990,13416.689123
43.0,1444,13421.041124
41.0,1589,13425.72973
38.0,1406,13429.760709
60.0,1895,13441.935822
23.0,959,13444.684491
24.0,1102,13447.585232
39.0,1733,13451.981288
18.0,929,13454.584377
40.0,1590,13458.893564
26.0,1170,13462.074237
31.0,1186,13465.340715
45.0,1443,13469.490284
53.0,1700,13474.173207
31.0,1317,13485.403676
56.0,1755,13490.204821
27.0,1079,13492.966385
59.0,2242,13498.521516
11.0,678,13500.267756
52.0,1570,13504.818047
22.0,1085,13507.788156
43.0,1255,13511.767765
39.0,1465,13515.636018
26.0,1355,13519.610167
55.0,1843,13530.918219
57.0,1670,13535.749069
44.0,1507,13539.834865
17.0,1048,13542.68355
41.0,1541,13547.321704
20.0,1173,13550.514011
37.0,1588,13555.016681
33.0,1286,13558.583976
20.0,1194,13562.573785
43.0,1540,13574.168103
17.0,894,13576.282892
27.0,1264,13579.585766
46.0,1698,13584.263685
32.0,1205,13587.331334
28.0,1125,13590.494812
36.0,1487,13594.810138
21.0,951,13597.130791
21.0,1104,13600.168762
27.0,1189,13603.799881
40.0,1545,13614.637238
22.0,1151,13618.237719
29.0,1201,13621.482415
30.0,1113,13624.49902
15.0,865,13626.538859
38.0,1623,13630.836153
34.0,1596,13635.430059
28.0,1217,13639.147895
43.0,1592,13643.854089
30.0,1470,13647.650627
37.0,1501,13658.92174
23.0,1118,13662.150187
58.0,1636,13666.614145
17.0,1026,13669.321005
15.0,907,13671.830518
36.0,1427,13675.300093
28.0,1089,13678.361107
45.0,1648,13682.961643
44.0,1413,13687.098992
28.0,1240,13690.459999
29.0,1353,13694.464883
36.0,1288,13705.361072
47.0,1666,13709.708908
19.0,948,13712.194093
17.0,1015,13714.763233
21.0,1094,13717.719741
32.0,1408,13721.407596
35.0,997,13724.262189
17.0,910,13726.973084
41.0,1609,13731.643615
43.0,1715,13736.294987
23.0,1117,13747.697457
28.0,1176,13751.031421
47.0,1767,13756.234828
18.0,866,13758.181644
13.0,787,13760.432012
27.0,1049,13762.690274
43.0,1560,13767.216171
48.0,1537,13771.763077
36.0,1447,13776.01845
24.0,1054,13779.095912
50.0,1418,13783.094403
47.0,1727,13796.234454
29.0,1185,13799.436572
39.0,1615,13803.828419
28.0,1207,13806.861175
29.0,1244,13810.137213
29.0,1296,13814.086226
42.0,1431,13817.897394
19.0,1007,13820.92219
23.0,931,13823.740341
24.0,929,13826.505224
29.0,1223,13836.777904
43.0,1607,13841.023608
35.0,1345,13844.643333
21.0,1187,13848.06037
27.0,1144,13850.971625
44.0,1504,13855.253362
31.0,1488,13859.177078
30.0,1153,13862.290283
16.0,990,13865.089591
23.0,940,13867.716756
28.0,1191,13870.934999
23.0,1052,13881.563503
36.0,1438,13885.740754
25.0,1063,13888.7142
47.0,1800,13893.706976
29.0,1168,13897.046394
37.0,1341,13901.163006
66.0,1489,13905.605078
15.0,969,13908.147725
16.0,918,13910.842508
27.0,958,13913.641224
23.0,1192,13916.957889
42.0,1373,13927.181989
37.0,1486,13931.560279
40.0,1262,13935.1661
27.0,1279,13938.247061
31.0,1395,13941.730378
40.0,1556,13946.485147
32.0,1166,13950.235187
45.0,1693,13954.966042
40.0,1341,13958.564082
30.0,1293,13969.314611
47.0,1544,13973.814389
41.0,1765,13978.867603
29.0,1408,13982.412634
23.0,1166,13985.638403
30.0,1153,13989.281654
55.0,1830,13994.262274
19.0,961,13997.189442
32.0,1225,14000.63421
42.0,1518,14005.151362
45.0,1642,14016.376135
48.0,1528,14020.597669
38.0,1418,14024.140578
34.0,1144,14027.653479
45.0,1511,14031.856389
28.0,1189,14035.769239
29.0,1163,14039.098884
28.0,1233,14042.676939
49.0,1767,14047.680507
29.0,1219,14058.23662
32.0,1057,14061.135342
51.0,1445,14065.255553
41.0,1384,14069.204846
13.0,800,14071.152617
18.0,857,14073.798358
31.0,1222,14077.199717
46.0,1586,14081.727463
28.0,1361,14085.348046
40.0,1441,14089.586328
37.0,1229,14092.660998
35.0,1342,14103.698224
40.0,1526,14108.114239
19.0,921,14110.199445
39.0,1395,14113.963369
14.0,854,14116.400666
52.0,1555,14120.278334
29.0,1403,14124.443123
35.0,1129,14127.623994
18.0,921,14130.372769
35.0,1401,14134.051688
33.0,1292,14144.037633
36.0,1467,14147.793391
51.0,1523,14152.190165
41.0,1718,14156.947695
32.0,1325,14160.368942
19.0,1069,14163.401526
24.0,1249,14166.703563
28.0,1232,14170.507323
28.0,1040,14172.905304
21.0,1101,14175.841784
33.0,1387,14186.041886
42.0,1412,14190.330288
36.0,1499,14194.258188
23.0,1134,14197.169554
34.0,1364,14200.986254
36.0,1333,14204.395775
14.0,724,14206.682194
31.0,1487,14210.480283
55.0,2021,14216.42921
45.0,1775,14221.641187
29.0,1338,14232.374421
47.0,1601,14236.905734
56.0,1898,14242.153683
35.0,1385,14245.629443
48.0,1695,14250.274282
14.0,805,14252.743589
38.0,1224,14256.219759
44.0,1746,14261.093273
36.0,1290,14264.818908
56.0,1593,14277.329469
19.0,896,14279.538713
29.0,1245,14283.313632
35.0,1524,14286.969755
32.0,1371,14290.820894
42.0,1412,14295.092778
16.0,849,14297.082502
21.0,1008,14299.91123
40.0,1507,14304.14879
21.0,1200,14307.309566
50.0,1652,14318.207293
41.0,1502,14322.507992
13.0,789,14324.476368
55.0,1768,14329.618432
45.0,1244,14332.710177
27.0,1246,14335.791092
35.0,1354,14339.784845
41.0,1403,14343.519249
19.0,813,14345.940825
36.0,1518,14350.199264
30.0,1007,14359.087129
34.0,1590,14363.455531
12.0,771,14365.77755
36.0,1517,14369.59403
36.0,1304,14373.565379
59.0,1463,14377.465393
30.0,1286,14380.929723
45.0,1573,14385.385608
20.0,1153,14388.315857
68.0,2013,14394.138575
36.0,1370,14406.036685
24.0,1295,14409.940747
35.0,1356,14413.607543
39.0,1641,14418.151902
40.0,1428,14422.141299
28.0,1254,14425.429562
44.0,1578,14429.929149
40.0,1549,14433.895033
27.0,1277,14437.534862
45.0,1662,14448.813481
9.0,573,14450.383158
51.0,1709,14455.161333
30.0,1350,14458.717907
46.0,1708,14463.799014
46.0,1588,14467.568767
15.0,881,14470.228191
23.0,969,14472.975469
50.0,2043,14478.422585
29.0,1315,14481.872626
41.0,1557,14494.315989
21.0,1041,14497.424245
35.0,1332,14501.126328
31.0,1387,14505.364209
21.0,1122,14508.645667
43.0,1373,14512.684111
29.0,1155,14515.902253
55.0,1880,14521.103608
26.0,967,14523.843135
37.0,1475,14528.409421
17.0,715,14536.681106
18.0,851,14539.261702
49.0,1626,14543.888493
34.0,1190,14547.2047
27.0,1209,14550.386968
43.0,1560,14554.825546
51.0,1472,14559.317574
30.0,1304,14562.851873
39.0,1432,14567.001898
29.0,1249,14570.33111
40.0,1320,14580.746643
44.0,1773,14586.128575
42.0,1785,14590.993993
40.0,1537,14595.128589
47.0,1513,14599.085115
39.0,1383,14602.516577
42.0,1564,14606.65451
34.0,1211,14609.672856
29.0,1146,14613.157884
23.0,1157,14623.730404
23.0,1111,14626.893742
17.0,1013,14629.826055
41.0,1469,14633.727243
48.0,1767,14639.02742
41.0,1501,14642.602422
24.0,1216,14646.149297
15.0,915,14648.275523
24.0,1031,14651.169917
43.0,1499,14655.544982
47.0,1734,14667.029829
32.0,1476,14671.494563
43.0,1754,14676.282035
7.0,510,14677.626767
20.0,1038,14680.629926
34.0,1302,14683.994893
56.0,1996,14689.650034
33.0,1234,14692.77191
33.0,1268,14696.461008
11.0,668,14698.336814
19.0,910,14701.043506
44.0,1561,14712.34593
48.0,1325,14715.900011
46.0,1756,14720.675712
46.0,1624,14725.040784
29.0,1092,14727.797629
30.0,1083,14730.50544
51.0,1503,14734.458915
31.0,1232,14737.509431
12.0,796,14739.891113
27.0,1225,14743.132159
60.0,2003,14756.392262
33.0,1199,14759.747407
49.0,1621,14764.491779
51.0,1635,14769.295224
51.0,1683,14773.840478
51.0,1796,14778.609365
29.0,1165,14781.789279
28.0,1129,14784.892604
44.0,1709,14796.818859
39.0,1143,14799.927024
32.0,1438,14804.244116
44.0,1410,14807.797263
45.0,1573,14812.31524
34.0,1156,14815.817075
27.0,1308,14818.806732
20.0,1022,14821.341885
23.0,1236,14824.688081
14.0,829,14827.268463
58.0,1709,14832.128139
31.0,1228,14842.287966
13.0,765,14844.264061
24.0,1158,14847.86898
36.0,1484,14851.739249
31.0,1120,14854.923193
45.0,1397,14859.002564
39.0,1285,14862.103951
36.0,1503,14866.246992
46.0,1756,14870.857481
39.0,1565,14875.402978
28.0,1288,14886.681431
39.0,1345,14890.236031
38.0,1352,14894.140708
22.0,1093,14897.445222
46.0,1399,14901.024227
36.0,1484,14905.063119
35.0,1206,14908.148144
33.0,1495,14912.459462
44.0,1410,14916.809493
51.0,1831,14927.937055
47.0,1503,14932.353342
23.0,1023,14935.273401
43.0,1257,14938.725292
48.0,1722,14943.399809
32.0,1187,14946.917888
27.0,1198,14950.01793
23.0,961,14952.238716
52.0,1650,14957.272576
30.0,1047,14959.834555
50.0,1477,14971.560851
41.0,1509,14975.906574
32.0,1273,14979.302205
18.0,955,14982.002345
17.0,1009,14984.836855
53.0,1825,14989.334524
18.0,876,14991.805251
42.0,1747,14996.691667
46.0,1187,15000.036087
44.0,1826,15005.579362
49.0,1565,15016.293696
42.0,1471,15020.71233
16.0,788,15022.666883
25.0,1303,15026.050452
35.0,1356,15029.955518
30.0,1297,15033.052313
57.0,1612,15037.472657
23.0,1099,15040.432542
40.0,1508,15044.857051
35.0,1687,15056.616937
54.0,1791,15061.841557
44.0,1573,15066.294901
38.0,1506,15070.613292
36.0,1364,15074.21691
43.0,1049,15076.899072
53.0,1832,15081.785949
41.0,1530,15086.368814
40.0,1411,15090.005867
60.0,2104,15103.104759
28.0,1369,15107.166933
40.0,1557,15111.675672
35.0,1248,15114.778297
21.0,1172,15117.817561
41.0,1548,15121.99497
50.0,1486,15126.048307
37.0,1397,15130.067644
43.0,1469,15133.871372
53.0,1063,15144.003294
49.0,1790,15149.577998
35.0,1380,15153.14321
38.0,1304,15156.925235
35.0,1252,15160.120374
48.0,1676,15164.496876
47.0,1615,15169.02404
19.0,936,15171.888055
50.0,1392,15175.61827
48.0,1819,15188.111589
48.0,1476,15192.305315
46.0,1492,15195.933703
27.0,1207,15199.55976
40.0,1324,15203.001736
35.0,1546,15207.209814
44.0,1303,15210.593374
25.0,1039,15213.477711
24.0,1137,15216.73015
34.0,1479,15221.053854
32.0,1372,15231.254474
25.0,1210,15235.081408
48.0,1718,15239.938228
48.0,1723,15244.463313
31.0,1160,15247.649235
44.0,1658,15252.379826
47.0,1807,15257.633054
48.0,1493,15261.541304
50.0,1675,15266.729101
38.0,1570,15279.13757
20.0,992,15281.488128
24.0,1030,15284.293676
32.0,1304,15288.015514
25.0,1101,15290.960002
17.0,991,15293.715591
14.0,908,15295.709134
45.0,1704,15299.967662
46.0,1660,15304.532467
30.0,1181,15308.100405
48.0,1623,15319.474191
69.0,1906,15324.755262
25.0,1135,15327.69672
62.0,1759,15332.517269
43.0,1727,15337.410822
19.0,1042,15340.196308
52.0,1818,15344.943676
38.0,1560,15349.392613
41.0,1525,15361.726177
34.0,1382,15365.509884
34.0,1495,15369.921244
19.0,1014,15372.647603
40.0,1215,15375.933665
35.0,1512,15380.162126
37.0,1783,15384.744815
12.0,796,15387.100567
30.0,1384,15390.780213
35.0,1383,15394.842463
49.0,1583,15407.744898
64.0,1692,15412.503298
40.0,1308,15415.864174
37.0,1469,15420.083458
16.0,827,15422.436523
29.0,1349,15425.879747
32.0,1019,15428.571986
21.0,1072,15431.478703
38.0,1133,15434.619943
28.0,1181,15437.864299
38.0,1387,15441.93467
40.0,1652,15454.778574
36.0,1477,15458.808152
41.0,1629,15463.069947
17.0,883,15465.16863
40.0,1356,15469.179506
48.0,1725,15473.701472
24.0,1178,15476.75491
36.0,1514,15481.154246
36.0,1539,15485.579664
26.0,1140,15495.521749
51.0,1547,15499.776077
33.0,1242,15503.058563
37.0,1501,15507.42581
31.0,1473,15511.682379
26.0,1108,15514.616659
35.0,1489,15518.410724
17.0,980,15521.189599
29.0,1252,15524.619943
29.0,1198,15528.36259
48.0,1479,15539.004319
47.0,1602,15543.252375
28.0,1195,15546.991319
23.0,1015,15549.566311
49.0,1784,15555.25018
28.0,1266,15558.709404
53.0,1809,15563.882692
25.0,1067,15566.296238
46.0,1735,15571.59165
40.0,1490,15583.120778
33.0,1231,15586.789715
36.0,1392,15590.303457
20.0,1120,15593.337188
42.0,1396,15597.544891
40.0,1701,15602.421718
38.0,1519,15606.499596
51.0,1787,15611.414924
21.0,1122,15614.547634
9.0,657,15616.297815
14.0,860,15618.878254
10.0,688,15628.485556
51.0,1609,15633.02683
18.0,916,15635.782224
30.0,953,15638.641565
19.0,1052,15641.667785
33.0,1360,15645.315076
34.0,1307,15648.636834
39.0,1462,15652.778549
48.0,1583,15657.211179
45.0,1568,15661.65927
32.0,1154,15670.449049
40.0,1472,15674.798704
31.0,1265,15678.192089
59.0,1780,15683.654808
52.0,1951,15688.933959
33.0,1527,15693.210208
54.0,1763,15698.198576
22.0,1180,15702.204644
65.0,1696,15707.095038
28.0,1191,15717.011214
37.0,1398,15721.056373
46.0,1433,15724.805463
20.0,1074,15727.854616
59.0,1928,15733.274733
37.0,1149,15736.300598
24.0,1214,15739.283625
27.0,1112,15742.297171
38.0,1198,15745.527712
44.0,1556,15749.770512
46.0,1344,15761.707034
26.0,1160,15764.850024
52.0,1612,15769.460055
29.0,1310,15772.902556
34.0,1382,15777.092274
51.0,1781,15781.98187
40.0,1443,15786.41223
27.0,1257,15789.890457
52.0,1865,15795.314991
31.0,1366,15804.397394
33.0,1260,15808.280473
10.0,644,15809.952683
18.0,823,15812.034143
25.0,999,15815.098137
42.0,1609,15819.619078
28.0,899,15822.203327
35.0,1558,15826.36172
25.0,1146,15829.27276
21.0,860,15831.31128
47.0,1620,15835.895309
30.0,1233,15845.539642
16.0,924,15847.740488
51.0,1322,15851.656682
22.0,978,15854.044526
31.0,1236,15857.848344
52.0,1516,15862.164068
38.0,1612,15866.45549
22.0,1047,15868.740674
47.0,1652,15873.704645
42.0,1505,15877.586536
12.0,755,15879.820532
30.0,1256,15889.745997
32.0,1319,15893.351624
54.0,1575,15897.614809
38.0,1566,15902.041336
43.0,1424,15906.143449
43.0,1499,15910.178055
41.0,1531,15914.376757
51.0,1912,15919.437072
32.0,1177,15928.999951
56.0,1274,15932.896027
14.0,830,15934.897557
46.0,1547,15939.261689
36.0,1248,15942.537345
35.0,1594,15947.060038
25.0,1202,15950.62938
31.0,1454,15954.007211
49.0,1271,15957.619247
64.0,1584,15961.617365
24.0,1109,15964.97317
33.0,1572,15976.488189
20.0,892,15979.084914
24.0,1111,15982.053343
40.0,1419,15986.062786
39.0,1466,15989.934751
47.0,1799,15995.324816
63.0,1884,16000.084003
40.0,1602,16004.475368
59.0,2017,16016.858503
26.0,938,16019.635322
23.0,1163,16022.946213
17.0,863,16025.656456
36.0,1407,16029.486242
12.0,757,16031.773723
27.0,1000,16034.143207
41.0,1480,16038.256596
53.0,1774,16042.803471
42.0,1375,16046.882926
35.0,1425,16050.861001
23.0,1252,16062.23863
33.0,1355,16066.285073
23.0,1146,16069.470345
43.0,1452,16073.261963
25.0,1077,16076.341176
28.0,1368,16080.321388
35.0,1339,16083.573142
40.0,1558,16087.872203
24.0,1135,16090.729387
46.0,1575,16095.154645
49.0,1852,16106.058824
31.0,1220,16109.326979
46.0,1729,16114.184555
40.0,1561,16118.848023
29.0,1299,16122.430929
26.0,1328,16126.08308
62.0,1857,16130.845013
29.0,997,16133.539709
21.0,1055,16136.511223
42.0,1480,16147.532251
20.0,945,16150.263663
38.0,1483,16154.176689
31.0,1211,16157.951167
53.0,1526,16161.814984
18.0,1037,16164.64067
48.0,1796,16169.618834
20.0,991,16171.808652
54.0,1796,16176.737664
48.0,1668,16189.155197
22.0,1152,16192.247068
41.0,1369,16196.277866
17.0,867,16198.322064
36.0,1464,16202.765926
14.0,814,16204.739394
23.0,1215,16208.336518
49.0,1764,16212.815794
36.0,1415,16216.697495
21.0,960,16218.958315
39.0,1521,16223.240882
25.0,1156,16232.59323
33.0,1541,16237.00887
51.0,1587,16241.579702
23.0,1280,16245.055765
34.0,1367,16249.106379
35.0,1404,16253.259624
50.0,1576,16257.172908
40.0,1389,16260.589109
26.0,1120,16263.690414
29.0,1376,16275.245461
38.0,1590,16279.77248
65.0,1900,16284.806984
27.0,1245,16288.734309
49.0,1547,16292.748046
28.0,1080,16295.560772
31.0,1329,16298.971011
34.0,1176,16301.844885
33.0,1246,16305.205691
38.0,1322,16309.184155
47.0,1325,16318.968708
47.0,1516,16323.469188
28.0,1212,16326.751724
21.0,910,16329.477828
50.0,1646,16334.262225
44.0,1549,16338.472373
33.0,1223,16341.334188
26.0,1421,16345.117159
39.0,1273,16348.457094
17.0,1009,16351.341865
28.0,1181,16362.18959
40.0,1353,16366.126934
51.0,1569,16370.111278
34.0,1556,16374.532206
6.0,484,16375.783639
21.0,1141,16378.908536
32.0,1231,16381.967371
38.0,1408,16385.699138
44.0,1323,16389.018835
34.0,1350,16392.915519
32.0,1500,16397.320883
27.0,1143,16407.131561
30.0,1227,16410.454258
42.0,1767,16415.17418
43.0,1591,16419.577095
51.0,1811,16424.59069
40.0,1376,16428.026904
16.0,906,16430.530379
30.0,1320,16433.747871
22.0,976,16436.530642
29.0,1317,16447.143101
17.0,895,16449.400496
54.0,1667,16454.031916
37.0,1441,16458.414578
48.0,1442,16462.55077
67.0,2033,16468.018636
33.0,1377,16471.408114
57.0,1707,16475.862313
36.0,1642,16480.333854
17.0,963,16490.163098
30.0,1422,16494.255153
52.0,1547,16498.700838
18.0,911,16500.9071
51.0,1756,16506.178296
31.0,1437,16509.782238
24.0,1345,16513.766472
25.0,1105,16516.689411
40.0,1556,16521.015494
37.0,1266,16524.403781
16.0,799,16534.59059
32.0,1274,16538.494867
33.0,1382,16542.065902
39.0,1551,16546.387671
40.0,1458,16550.261791
40.0,1449,16554.585397
50.0,1389,16558.318529
31.0,1211,16561.38975
45.0,1737,16566.681785
42.0,1344,16570.141718
27.0,1412,16581.868684
54.0,1825,16586.665701
16.0,800,16588.857478
35.0,1350,16592.10626
44.0,1707,16596.827482
27.0,1314,16600.585345
17.0,1045,16603.336886
47.0,1615,16607.93484
21.0,1042,16610.877931
32.0,1240,16614.276333
42.0,1532,16626.166032
32.0,1211,16629.303838
10.0,666,16630.874939
29.0,1272,16633.972908
34.0,1152,16637.603413
33.0,1265,16641.059353
30.0,1110,16644.007885
46.0,1545,16648.041085
28.0,1172,16651.168897
33.0,1713,16655.877561
49.0,1916,16668.640736
52.0,1768,16673.279721
7.0,514,16674.61747
36.0,1583,16678.982059
37.0,1503,16683.104668
34.0,1397,16686.53217
36.0,1144,16689.43951
47.0,1526,16693.701648
40.0,1487,16698.104232
23.0,995,16707.338359
37.0,1219,16710.630085
32.0,1527,16714.801674
47.0,1396,16718.242188
69.0,2053,16724.310774
52.0,1586,16728.725822
24.0,1057,16731.552312
14.0,861,16734.003277
50.0,1484,16738.38031
56.0,1781,16743.118053
49.0,1675,16754.711273
38.0,1519,16758.667934
36.0,1179,16761.727781
51.0,1648,16766.321375
24.0,1177,16769.54253
25.0,1259,16773.061311
12.0,771,16774.864169
41.0,1153,16777.871286
41.0,1528,16782.163354
24.0,1363,16785.856156
50.0,1712,16797.772839
25.0,1295,16800.876802
41.0,1517,16804.930382
63.0,1913,16809.595522
31.0,1406,16813.306745
37.0,1514,16816.894888
48.0,1450,16820.146849
45.0,1868,16825.11565
21.0,1056,16834.175451
40.0,1465,16837.886316
50.0,1660,16842.078351
18.0,1058,16844.661425
32.0,1444,16848.008041
36.0,1490,16851.776271
51.0,1854,16856.386414
27.0,1206,16859.14058
24.0,1253,16862.132608
37.0,1753,16873.119446
11.0,676,16875.101449
49.0,1986,16879.822889
47.0,1556,16883.777546
29.0,1138,16886.577956
51.0,1491,16890.477545
36.0,1435,16894.163599
28.0,1313,16897.09921
20.0,804,16899.186805
37.0,1475,16902.604179
20.0,1043,16912.881768
22.0,1075,16915.533924
37.0,1532,16919.491331
47.0,1549,16923.554218
24.0,1039,16926.229673
17.0,813,16928.01229
40.0,1367,16931.660266
65.0,1745,16935.7369
39.0,1612,16939.627512
16.0,956,16942.303379
47.0,1755,16952.963627
35.0,1455,16956.721667
46.0,1732,16960.933718
69.0,1749,16965.22805
68.0,1555,16969.129471
22.0,1144,16971.933256
17.0,1045,16974.494241
54.0,1838,16979.127729
17.0,949,16981.181598
65.0,2051,16992.11918
19.0,1127,16994.877867
21.0,972,16997.351954
44.0,1596,17001.408781
26.0,1344,17004.915852
14.0,851,17006.724986
46.0,1602,17010.796221
32.0,1343,17014.307399
40.0,1395,17017.320424
26.0,1018,17019.898785
23.0,1099,17028.880105
47.0,1629,17033.082206
23.0,1121,17035.804336
46.0,1627,17039.925301
38.0,1440,17043.686332
34.0,1607,17047.790346
28.0,1149,17050.54337
27.0,1007,17053.029082
27.0,1287,17055.889325
36.0,1472,17059.61916
31.0,1297,17069.656835
41.0,1435,17073.340709
50.0,1681,17077.567838
32.0,1463,17081.384733
9.0,643,17082.946135
31.0,1260,17085.887621
17.0,1043,17088.383693
20.0,967,17090.851998
35.0,1383,17094.33708
44.0,1705,17098.469029
39.0,1249,17108.241725
18.0,1090,17110.962207
33.0,1325,17114.473265
42.0,1449,17117.784412
38.0,1653,17121.84456
34.0,1249,17125.252677
30.0,1296,17128.27474
29.0,1354,17131.703252
30.0,1443,17134.833721
38.0,1282,17138.224986
47.0,1584,17147.779414
48.0,1251,17150.919002
41.0,1567,17154.847049
31.0,1212,17157.895396
36.0,1289,17161.151999
25.0,906,17163.664775
43.0,1362,17167.238716
43.0,1631,17171.109596
42.0,1587,17174.937914
8.0,599,17176.333182
48.0,1128,17185.700189
24.0,1144,17188.45713
45.0,1392,17191.737001
30.0,1143,17194.50453
53.0,1684,17199.081211
39.0,1516,17202.530586
25.0,1151,17205.762963
52.0,1921,17210.153373
45.0,1478,17213.777351
25.0,1144,17216.453613
25.0,1357,17226.637917
29.0,1260,17229.657507
18.0,933,17232.061333
40.0,1686,17236.202852
31.0,1393,17239.391951
19.0,975,17241.811175
25.0,1301,17244.869852
37.0,1410,17248.673492
28.0,1226,17251.456562
13.0,896,17253.686647
59.0,1802,17265.474791
28.0,1038,17268.055246
49.0,1449,17271.892698
48.0,1587,17275.848002
23.0,1264,17278.838043
22.0,1302,17282.364457
43.0,1507,17285.732978
30.0,1217,17288.980045
44.0,1263,17291.826047
26.0,1205,17294.685164
40.0,884,17297.005009
34.0,1229,17307.823325
22.0,997,17310.384223
25.0,1457,17314.130853
41.0,1604,17318.152834
37.0,1547,17321.639891
38.0,1261,17325.033016
45.0,1614,17328.92659
46.0,1642,17332.943589
26.0,1136,17335.971605
31.0,1110,17344.694458
42.0,1393,17348.347274
26.0,1184,17351.18537
34.0,1368,17354.32479
23.0,1109,17357.079064
27.0,1159,17359.928562
37.0,1502,17363.738377
61.0,1881,17368.591297
55.0,1898,17373.100153
17.0,1061,17375.919918
49.0,1658,17386.625049
26.0,1310,17390.470375
57.0,1908,17395.502375
39.0,1484,17399.77261
26.0,1218,17402.898706
23.0,953,17405.407594
34.0,1477,17409.218979
45.0,1574,17413.2293
12.0,722,17414.817904
