#{"t_start": 1678673693.6529772, "env_id": "MsPacman-v4"}
r,l,t
1840.0,1294,7.314141
2240.0,1582,11.598018
1940.0,1515,15.823699
1980.0,1560,20.004698
1870.0,1785,24.251
1900.0,1262,27.819456
1960.0,1617,31.86041
2070.0,1383,35.486178
1860.0,1756,47.241273
1900.0,1473,50.907112
2720.0,1789,55.134765
1720.0,1467,58.821433
3050.0,1365,62.574891
3150.0,1387,65.83287
2000.0,1611,69.886278
2730.0,1524,73.69701
1840.0,1487,85.093606
2060.0,1865,89.80626
2450.0,1566,93.96549
1950.0,1569,98.036849
2020.0,1615,102.448114
2320.0,1571,106.515607
1520.0,1275,109.286821
1290.0,1127,112.000014
2030.0,1652,116.488882
1860.0,1464,128.946123
2000.0,1605,133.292845
2240.0,1615,137.176415
1840.0,1481,141.148577
1800.0,1273,144.25912
1750.0,1513,147.900455
2340.0,1600,151.786118
1850.0,1268,154.814689
2070.0,1558,166.514387
1850.0,1225,170.128176
1980.0,1893,174.711627
1870.0,1487,178.609673
1690.0,1516,182.636543
1890.0,1744,187.384756
1880.0,1567,191.25823
1810.0,1572,195.346134
2050.0,1516,205.832362
2470.0,1265,209.414559
2080.0,1590,213.483308
1950.0,1510,217.428987
1990.0,1770,221.728221
2340.0,1456,225.6487
1880.0,1673,229.994551
1970.0,1640,233.971797
1780.0,1292,237.627913
1940.0,1505,249.612699
1690.0,1402,253.844436
1830.0,1428,257.43943
1850.0,1587,262.063443
1900.0,1401,266.41393
1850.0,1328,270.566044
2780.0,1606,274.846932
1610.0,1013,277.504847
1830.0,1390,281.293219
2400.0,1441,294.006108
1920.0,1579,298.359322
1820.0,1651,303.108433
1950.0,1440,307.240388
1870.0,1577,311.626591
1850.0,1598,316.189164
2040.0,1523,320.409853
1900.0,1361,324.288123
1840.0,1554,336.744241
1870.0,1492,341.435155
1960.0,1623,346.516699
1940.0,1605,351.481929
1870.0,1265,355.237612
2340.0,1301,359.566806
1920.0,1927,364.926198
2580.0,1566,369.572217
2380.0,1386,382.046225
1790.0,1556,386.552536
1860.0,1449,390.78867
1840.0,1524,395.428833
1970.0,1487,399.851925
2060.0,1512,404.101696
2050.0,1348,407.532169
2200.0,1378,411.65179
1950.0,1604,416.089041
1880.0,1489,429.119076
2070.0,1623,433.524789
1980.0,1421,437.830155
2530.0,1658,442.76006
1840.0,1925,448.544381
1950.0,1391,451.991277
2200.0,1374,455.801671
1950.0,1667,460.408012
2310.0,1676,473.328869
1840.0,1456,477.382707
1970.0,1304,481.444499
2740.0,1685,486.318052
1990.0,1340,489.80531
1880.0,1560,493.960809
2250.0,1498,498.122465
2240.0,1295,501.923589
2110.0,1510,513.708142
1840.0,1551,517.89256
2040.0,1642,522.624468
1960.0,1574,526.960273
2160.0,1493,531.127684
1960.0,1840,535.893128
1860.0,1343,539.548284
1860.0,1436,543.565816
1990.0,1788,556.706106
2490.0,1610,560.847238
2020.0,1497,564.915787
2470.0,1674,569.495287
2140.0,1584,573.926651
2470.0,1250,577.739242
2220.0,1465,581.673093
1540.0,1168,584.648093
1210.0,1004,587.515596
3390.0,1373,600.117186
2070.0,1513,604.11133
2460.0,1545,608.411548
2060.0,1894,613.827252
2100.0,1518,617.998657
2430.0,1770,622.449022
1890.0,1393,626.304771
2190.0,1419,630.539297
1870.0,1626,643.509563
1990.0,1699,648.204028
2220.0,1411,652.378112
2420.0,1825,657.333462
2440.0,1404,661.505332
1850.0,1327,665.297634
3230.0,1779,669.793698
2340.0,1340,673.658911
1850.0,1276,676.932431
2490.0,2026,690.312515
1790.0,1340,694.220018
1880.0,1506,698.498871
2050.0,1661,702.972076
1760.0,1418,706.598337
1680.0,1330,710.403332
2160.0,1498,714.418061
1790.0,1350,718.462495
2310.0,1617,729.900877
2050.0,1373,733.486271
2280.0,1333,737.458639
2400.0,1608,742.047044
2070.0,1559,746.367252
2640.0,1520,750.476558
1880.0,1271,753.518732
1970.0,1515,757.68197
2270.0,1543,761.974403
2650.0,1631,774.186296
1910.0,1602,778.550562
1970.0,1292,782.363729
1980.0,1478,786.483052
2470.0,1417,790.149487
1940.0,1268,793.68799
2580.0,1370,796.94327
2030.0,1503,801.09479
2470.0,1752,815.604184
1860.0,1502,819.914412
1690.0,1287,823.354867
1760.0,1321,827.273758
1850.0,1535,831.538721
1760.0,1212,834.779165
1870.0,1444,838.601018
2730.0,1464,842.460603
1930.0,1410,845.966589
2460.0,1673,858.997002
2070.0,1827,863.836267
4690.0,2272,869.883546
1870.0,1396,874.000736
2050.0,1461,878.40718
1890.0,1372,882.321229
900.0,902,884.321228
2470.0,1652,888.733835
3340.0,1744,901.798408
2690.0,1463,905.870251
2250.0,1505,910.149487
2050.0,1414,913.821096
2320.0,1385,917.836112
2010.0,1377,921.923986
1890.0,1464,925.360693
2250.0,1495,929.319181
2170.0,1527,933.539123
1870.0,1452,946.89164
1870.0,2024,952.513025
3360.0,1637,957.10484
2570.0,1575,961.655811
1890.0,1396,965.629264
2280.0,1214,968.629817
1850.0,1514,973.0119
2060.0,1546,977.144858
2670.0,1718,990.096594
1960.0,1510,994.330763
2390.0,1557,998.66517
2520.0,1909,1004.18535
1820.0,1591,1008.577062
2410.0,1176,1011.701417
3250.0,1380,1015.480216
2160.0,1540,1019.680068
1960.0,1544,1032.282913
1970.0,1505,1036.480353
2080.0,1864,1041.116025
2190.0,1804,1046.46002
1990.0,1590,1050.960707
1880.0,1549,1054.901416
2860.0,2037,1060.081023
1330.0,1128,1062.87581
2190.0,1576,1075.105417
1890.0,1587,1079.502151
2380.0,2026,1085.1115
1870.0,1537,1089.336893
1960.0,1499,1093.601322
1880.0,1454,1097.482133
1770.0,1459,1100.708626
2050.0,1535,1104.660697
1880.0,1453,1117.10614
1990.0,1446,1121.362719
1970.0,1429,1125.485616
1830.0,1254,1128.738697
3320.0,1639,1133.175217
2260.0,1413,1137.435096
2160.0,1563,1141.816049
2450.0,1574,1146.151532
1990.0,1446,1150.382609
2540.0,1637,1164.17916
1910.0,1344,1167.607918
2410.0,1436,1171.675359
2080.0,1276,1175.449971
3090.0,1421,1179.006103
2190.0,1748,1184.154897
1730.0,1279,1187.015301
3080.0,1892,1192.24812
2170.0,1359,1204.21201
1870.0,1315,1207.587738
1870.0,1553,1211.890723
2150.0,1594,1216.203029
1860.0,1334,1220.126038
1800.0,1571,1224.287354
1860.0,1617,1228.426161
1880.0,1441,1232.304304
2010.0,1526,1236.777239
3370.0,1505,1249.135458
1890.0,1513,1253.338784
1650.0,1371,1257.309238
2070.0,1520,1261.578848
2400.0,1455,1265.712549
1870.0,1556,1269.881543
1700.0,1526,1273.771489
2140.0,1480,1278.006192
2000.0,1361,1290.438696
2460.0,1470,1294.583941
1890.0,1596,1298.993513
2300.0,1194,1302.236575
3260.0,1522,1306.594522
2070.0,1580,1310.853115
2360.0,1368,1314.332497
1790.0,1447,1318.132529
1740.0,1529,1322.447429
1550.0,1463,1332.200784
1940.0,1849,1337.223809
2230.0,1610,1341.646716
2930.0,1847,1347.002682
1290.0,1006,1349.720677
1120.0,870,1351.810263
2620.0,1872,1356.476745
3260.0,1667,1360.609469
1720.0,1319,1364.536728
2440.0,1297,1376.838854
1870.0,1374,1380.803388
1920.0,1284,1384.407389
1840.0,1482,1388.533512
2420.0,1491,1392.694359
2070.0,1572,1396.798378
2310.0,1536,1400.662422
1990.0,1341,1404.533341
1940.0,1654,1417.560663
1840.0,1375,1421.145883
2060.0,1504,1425.345004
1860.0,1530,1429.656148
1950.0,1671,1434.61226
2090.0,1763,1439.053112
1810.0,1581,1442.874965
2450.0,1709,1447.377661
2120.0,1482,1459.145557
1460.0,1161,1462.48185
2120.0,1179,1466.139199
1220.0,959,1468.368641
2600.0,1582,1472.873063
2540.0,1540,1477.165382
2370.0,2002,1482.487583
2350.0,1433,1486.074567
1220.0,1012,1488.8283
1650.0,1036,1491.756755
2630.0,1978,1505.739585
2420.0,1658,1510.455106
2370.0,1495,1514.963021
1980.0,1567,1519.564685
2840.0,1860,1524.61268
1790.0,1449,1528.150566
1940.0,1400,1531.96648
3370.0,1695,1536.779297
2790.0,1210,1548.884205
2430.0,1476,1552.815144
2290.0,1429,1557.257302
1940.0,1511,1561.814517
2020.0,1492,1566.322638
2130.0,1713,1570.866807
2120.0,1384,1574.700337
2460.0,1502,1579.061088
2240.0,1500,1592.347852
1880.0,1397,1596.088805
1860.0,1559,1600.53565
2030.0,1449,1604.840265
1810.0,1716,1609.764064
1960.0,1421,1613.86528
2010.0,1585,1617.984275
2470.0,1310,1621.856691
1830.0,1420,1626.18995
1810.0,1562,1639.267928
1870.0,1922,1644.528706
1660.0,1081,1647.70116
1870.0,1478,1652.203754
2250.0,1484,1656.586406
1970.0,1453,1660.632441
2520.0,1604,1665.067704
1880.0,1346,1669.201367
1840.0,1499,1681.285193
1870.0,1379,1685.261303
2400.0,1500,1689.930715
1870.0,1435,1694.177667
1960.0,1490,1698.465312
2040.0,1429,1702.28453
1970.0,1405,1706.236803
2080.0,1910,1711.909667
2050.0,1478,1716.242355
2090.0,1561,1730.332383
1830.0,1590,1735.127943
1860.0,1549,1739.799047
1870.0,1370,1743.561788
1860.0,1409,1747.571611
1870.0,1476,1751.386453
1870.0,1579,1755.623922
1870.0,1508,1759.807439
1870.0,1390,1771.949039
1960.0,1244,1776.003174
3730.0,1449,1780.460878
2080.0,1625,1785.107349
1940.0,1598,1789.409192
2080.0,1648,1793.602802
1970.0,1652,1797.636899
1870.0,1375,1801.579486
1870.0,1508,1806.119554
1870.0,1576,1820.230526
1840.0,1614,1824.705146
1890.0,1468,1828.809245
1860.0,1325,1832.34341
1810.0,1346,1836.235246
1860.0,1476,1840.135879
1870.0,1304,1843.442097
1840.0,1344,1847.230734
1890.0,1371,1858.895188
2350.0,1372,1863.005491
1880.0,1600,1867.300277
2380.0,1180,1870.437116
1880.0,1320,1874.130442
1950.0,1319,1877.420995
1840.0,1350,1881.100365
2380.0,1437,1884.823506
1850.0,1875,1889.507752
1870.0,1450,1901.500342
1880.0,1421,1905.52921
2050.0,1664,1910.153938
2070.0,1354,1914.251973
1880.0,1592,1918.566952
2070.0,1294,1921.654165
1910.0,1363,1925.314182
1870.0,1697,1929.586007
2750.0,1661,1933.970813
1870.0,1282,1946.174918
1860.0,1521,1950.561631
2260.0,1488,1954.834114
2170.0,1518,1958.651003
1910.0,1303,1962.313375
2070.0,1627,1966.674254
1970.0,1423,1970.667354
1870.0,1338,1974.078103
1870.0,1524,1978.455738
1870.0,1551,1991.194067
2480.0,1588,1995.719216
1810.0,1570,2000.218261
1870.0,1390,2003.980349
2480.0,1935,2009.180893
1990.0,1341,2012.442598
2380.0,1291,2016.152231
2470.0,1641,2020.595472
2070.0,1569,2033.816017
1960.0,1411,2037.889267
2310.0,1250,2041.087484
2070.0,1574,2045.328891
1860.0,1862,2050.300177
1870.0,1329,2053.352347
1870.0,1454,2057.271398
2090.0,1409,2060.972255
2040.0,1463,2072.652103
1870.0,1424,2076.302801
1970.0,1294,2080.162398
2170.0,1583,2084.473332
1990.0,1589,2088.783634
2410.0,1760,2093.173486
1880.0,1717,2098.079277
2260.0,1454,2101.462526
1870.0,1579,2105.601494
1950.0,1548,2117.651676
1950.0,1345,2121.527936
2090.0,1673,2126.031508
2330.0,1291,2129.829875
2030.0,1555,2133.909091
1890.0,1496,2137.847505
2580.0,1535,2142.072049
1870.0,1487,2145.752313
2060.0,1458,2158.664821
2140.0,1482,2162.857986
1890.0,1374,2166.829633
2490.0,1611,2171.362686
1810.0,1330,2174.71086
1880.0,1572,2178.722481
2660.0,1717,2183.539395
1880.0,1661,2187.875796
2080.0,1599,2201.155832
1850.0,1465,2205.395532
1890.0,1742,2210.097083
1980.0,1963,2215.532113
1800.0,1070,2218.270838
2170.0,1610,2222.360789
1870.0,1614,2226.642187
2060.0,1299,2230.222429
1870.0,1481,2234.146287
1680.0,1491,2246.435595
1980.0,1590,2251.234357
1800.0,1481,2254.944011
2070.0,1759,2259.826002
1890.0,1609,2263.97116
1980.0,1482,2268.048878
1890.0,1368,2271.240783
1840.0,1583,2275.851197
1820.0,1613,2288.075158
1880.0,1528,2292.389913
1830.0,1351,2295.949515
1990.0,1431,2300.083292
2950.0,1312,2303.357725
2570.0,1245,2307.039932
1870.0,1432,2311.212396
1860.0,1628,2315.39185
2060.0,1429,2318.688865
2160.0,1486,2332.037127
1760.0,1508,2336.434481
2970.0,1362,2340.306125
1890.0,1929,2345.325717
2460.0,1667,2349.617589
1990.0,1298,2353.131707
2470.0,1658,2357.262228
2090.0,1380,2360.937928
2490.0,1570,2374.756752
1970.0,1334,2378.563025
2590.0,1614,2382.961487
1990.0,1732,2387.401924
2080.0,1736,2392.02516
2050.0,1612,2396.99524
2010.0,1418,2400.533681
1980.0,1476,2404.467211
1890.0,1640,2417.346119
2470.0,1485,2421.810118
1990.0,1657,2426.630498
1890.0,1392,2430.71444
1890.0,1636,2435.055225
2190.0,1553,2439.405546
2490.0,1407,2443.207114
2270.0,1494,2447.078287
2190.0,1549,2458.142162
1870.0,1349,2461.638763
2020.0,1334,2465.602221
1970.0,1357,2469.523253
1890.0,1364,2472.828925
2170.0,1654,2477.039949
3820.0,1303,2480.80887
1990.0,1951,2486.155823
2780.0,1391,2489.37445
2070.0,1499,2501.309052
1820.0,1324,2505.26531
1890.0,1342,2508.761775
1710.0,1268,2512.42975
1890.0,1544,2516.536032
1890.0,1392,2520.065253
1870.0,1697,2525.324829
2190.0,1412,2528.835365
1110.0,996,2531.589058
2480.0,1743,2545.773473
1990.0,1490,2549.459917
2570.0,1546,2553.825832
2090.0,1407,2557.660444
1940.0,1517,2561.711792
2450.0,1300,2565.0
1880.0,1495,2569.086489
1870.0,1408,2572.79348
2530.0,1605,2577.058144
2160.0,1629,2589.963642
2060.0,1539,2594.316149
1860.0,1375,2598.110039
2160.0,1613,2602.200801
2590.0,1558,2606.296906
1990.0,1455,2610.552248
2160.0,1651,2614.994348
2060.0,1486,2618.942652
2360.0,1285,2630.499926
1790.0,1639,2635.122215
1890.0,1520,2639.386676
3330.0,1564,2643.414656
2690.0,1472,2647.415632
3390.0,2370,2654.190878
1860.0,1609,2658.278577
2080.0,1562,2662.282693
2590.0,1583,2675.252012
2070.0,1756,2680.014609
1870.0,1452,2684.10195
1870.0,1616,2688.519931
2030.0,1581,2692.768419
1970.0,1282,2696.530064
1870.0,1582,2700.724133
3100.0,1560,2704.964737
1880.0,1377,2717.70893
2260.0,1530,2721.902826
1880.0,1558,2726.036679
1870.0,1505,2730.071453
1850.0,1557,2734.235185
2170.0,1845,2739.750092
2460.0,1404,2743.613374
2070.0,1551,2747.838342
1880.0,1579,2761.228558
1420.0,1065,2764.184167
2450.0,1505,2767.858413
2720.0,1504,2771.792121
2090.0,1386,2775.494914
2070.0,1516,2779.866003
1890.0,1423,2784.040041
3250.0,1467,2787.778425
4520.0,2457,2803.48894
1860.0,1484,2807.615201
1880.0,1516,2811.77974
1870.0,1394,2815.523178
2050.0,1422,2818.926109
2370.0,1242,2822.724211
760.0,755,2824.564562
1530.0,1063,2827.370784
1260.0,1111,2830.447153
1970.0,1469,2834.926322
2060.0,1461,2846.034616
1810.0,1687,2850.489999
2030.0,1568,2854.663024
1990.0,1635,2858.916497
1840.0,1600,2863.120277
1880.0,1559,2867.7277
1890.0,1678,2872.107647
2090.0,1561,2876.360722
2580.0,1355,2888.644806
1890.0,1512,2892.900789
1880.0,1452,2896.834174
2190.0,1605,2900.876875
1890.0,1476,2904.815281
1880.0,1492,2909.276301
2280.0,1532,2913.687973
2090.0,1466,2917.875406
4570.0,2319,2931.959602
1990.0,1584,2936.247898
3010.0,1595,2940.50073
1840.0,1341,2944.148732
1860.0,1457,2948.06991
1880.0,1533,2952.000071
2050.0,1498,2956.113785
1870.0,1397,2959.929261
2630.0,1946,2974.46944
2960.0,1410,2978.567507
1760.0,1408,2982.13942
2040.0,1592,2986.43487
2520.0,1612,2990.740669
1560.0,1279,2994.603247
2420.0,1595,2998.902242
1880.0,1421,3002.737537
2040.0,1370,3006.220719
2210.0,1244,3017.826357
2180.0,1573,3022.283028
1880.0,1649,3026.700147
1880.0,1561,3030.976796
3250.0,1464,3035.139487
1790.0,1297,3038.767537
2570.0,1420,3043.13558
2900.0,1855,3048.621902
1890.0,1438,3061.369145
1970.0,1466,3065.835751
1870.0,1614,3070.322014
2020.0,1293,3073.984782
1870.0,1226,3077.242587
2070.0,1461,3081.367792
1890.0,1957,3087.188866
1870.0,1405,3090.819453
2480.0,1535,3095.404282
2070.0,1484,3108.373487
1870.0,1681,3113.15613
1880.0,1419,3117.230035
1970.0,1605,3121.544377
2750.0,1328,3125.608106
2090.0,1515,3130.138685
3060.0,1438,3133.832564
2060.0,1802,3139.120497
1970.0,1710,3153.74466
2060.0,1509,3158.153374
2550.0,1485,3162.176178
1870.0,1351,3165.998861
2150.0,1393,3169.635567
1860.0,1544,3174.128578
2110.0,1547,3178.677471
2870.0,1432,3183.199984
1980.0,1532,3188.008007
3630.0,1598,3201.832446
1890.0,1432,3206.114519
2080.0,1578,3210.723822
1860.0,1446,3215.295463
1880.0,1422,3219.242543
3360.0,1606,3224.422246
2050.0,1583,3228.988049
2080.0,1829,3234.299234
3770.0,1427,3247.501777
1850.0,1369,3250.741873
1890.0,1608,3255.57365
2090.0,1690,3260.304186
1870.0,1333,3263.862679
1870.0,1491,3268.107987
1950.0,1463,3272.246198
2080.0,1591,3276.799913
1880.0,1496,3290.499653
2190.0,1495,3294.461239
1890.0,1529,3298.563403
1870.0,1442,3302.783446
2960.0,2564,3310.253161
2730.0,1549,3314.513563
2190.0,1872,3319.561772
1990.0,1262,3323.527014
1880.0,1516,3336.637802
1870.0,1443,3340.199543
2070.0,1426,3344.245742
1840.0,1646,3348.733093
1890.0,2000,3354.696936
1990.0,1471,3359.128606
2480.0,1743,3364.221825
2100.0,1589,3368.905286
780.0,794,3380.232529
2190.0,1486,3384.457847
1890.0,1640,3388.897219
1990.0,1755,3393.833822
1890.0,1610,3398.124835
1890.0,1408,3402.200614
1600.0,1286,3406.142095
1870.0,1526,3410.520951
1880.0,1530,3423.780208
2760.0,1937,3428.956044
2290.0,1672,3434.015977
1770.0,1587,3438.523224
1890.0,1531,3442.174891
2370.0,1282,3445.667285
2450.0,1387,3449.664013
1980.0,1502,3453.394214
2000.0,1389,3457.313762
1870.0,1680,3469.604405
1890.0,1459,3474.005513
3210.0,1428,3478.255687
1890.0,1587,3482.808723
2180.0,1651,3487.12008
1840.0,1446,3491.244211
1880.0,1480,3495.491161
1880.0,1158,3498.64056
2070.0,1320,3511.078913
2080.0,1903,3515.947995
1990.0,1558,3520.198806
1880.0,1342,3523.981969
2580.0,1321,3527.129629
2670.0,1888,3532.330355
1840.0,1582,3536.63863
160.0,657,3538.382422
2980.0,1386,3542.59199
3140.0,1537,3555.260921
1990.0,1828,3560.546858
1860.0,1534,3564.446523
1860.0,1500,3568.641161
2840.0,1983,3573.913553
1810.0,1556,3578.307291
2410.0,1250,3582.154849
1960.0,1343,3585.521788
1870.0,1407,3597.428527
2480.0,1729,3602.136481
1810.0,1504,3606.369896
1930.0,1464,3610.365135
1860.0,1418,3614.211037
2160.0,1537,3618.285821
1970.0,1446,3622.005083
2460.0,1635,3627.026434
1830.0,1600,3639.168285
2930.0,2377,3645.531578
1870.0,1431,3649.624942
2170.0,1554,3653.794586
1890.0,1726,3657.996532
2070.0,1940,3663.421335
1890.0,1503,3667.65023
2470.0,1378,3671.767447
2040.0,1492,3683.97679
1990.0,1516,3688.243259
2480.0,1467,3692.455665
2050.0,1655,3697.046347
2190.0,1581,3701.399201
2070.0,1461,3705.387345
1870.0,1672,3709.892825
1980.0,1371,3713.830577
1970.0,1337,3726.413514
2480.0,1727,3730.939074
2450.0,1379,3734.774936
2060.0,1366,3738.241151
1930.0,1591,3742.466944
1880.0,1489,3746.543216
2050.0,1427,3750.628124
2160.0,1586,3754.981076
2080.0,1668,3759.435675
1860.0,1485,3770.846997
1840.0,1258,3774.240261
1860.0,1461,3778.376768
1860.0,1398,3782.225736
2490.0,1339,3785.386447
1970.0,1543,3789.452288
2770.0,1895,3795.150197
2790.0,1639,3799.858794
1870.0,1459,3812.155212
1900.0,1473,3816.44027
1830.0,1774,3821.45393
1870.0,1492,3825.64033
1830.0,1520,3829.671816
1880.0,1612,3834.035659
2030.0,1560,3838.324229
1870.0,1397,3842.403816
2070.0,1375,3854.216771
2400.0,1240,3857.430056
1870.0,1479,3861.589585
1990.0,1837,3866.454841
1890.0,1677,3871.14545
2070.0,1480,3874.591386
1920.0,1581,3879.048388
1870.0,1543,3883.304783
2090.0,1494,3887.500322
3390.0,1527,3899.670891
2480.0,1583,3903.861495
2050.0,1709,3908.918829
1880.0,1451,3912.270328
1880.0,1886,3917.265707
1970.0,1595,3921.721297
1870.0,1353,3925.728649
2510.0,1342,3929.141111
2170.0,1399,3941.585125
2190.0,1826,3946.986833
1870.0,1477,3950.792341
1870.0,1338,3954.662084
2180.0,1801,3959.330895
1880.0,1462,3963.629833
1960.0,1366,3967.739718
2180.0,1627,3972.327722
1970.0,1570,3985.154962
1970.0,1590,3989.654679
2000.0,1654,3994.227849
2170.0,1521,3998.394347
5050.0,1712,4002.822489
1960.0,1368,4006.5914
1890.0,1362,4010.610374
2090.0,1538,4014.946906
1990.0,1630,4028.095452
2040.0,1269,4031.472551
2070.0,1633,4036.247432
1990.0,1525,4040.711225
2070.0,1630,4044.955857
1970.0,1438,4048.843858
2350.0,1514,4053.071483
1880.0,1340,4057.094798
2070.0,1522,4061.434361
930.0,819,4072.348399
1990.0,1573,4077.06089
1930.0,1434,4081.452371
1880.0,1555,4086.2446
1900.0,1420,4090.403136
2190.0,1602,4094.804241
1990.0,1633,4099.854632
1950.0,1328,4103.569156
1950.0,1396,4107.62277
1850.0,1457,4120.437245
2150.0,1634,4124.940438
3130.0,2038,4130.874616
3090.0,1075,4133.987837
2190.0,1376,4138.129999
3890.0,2330,4144.648341
5590.0,2508,4151.821854
2190.0,1705,4165.417631
1890.0,1776,4170.83482
2170.0,1447,4174.800328
2170.0,1466,4178.996777
3300.0,1538,4183.420993
1890.0,1429,4187.774428
2960.0,1278,4191.105784
2660.0,1555,4195.391073
2190.0,1409,4208.295778
3860.0,1574,4212.588693
2470.0,1521,4216.973265
1990.0,1671,4221.275594
1990.0,1773,4226.192536
2170.0,1466,4229.803897
1990.0,1660,4234.797001
2080.0,1495,4238.451595
1970.0,1509,4250.826394
1990.0,1557,4255.371629
1510.0,1079,4258.344009
2080.0,1601,4263.039369
1830.0,1512,4266.464622
2160.0,1468,4270.398946
2160.0,1411,4274.345929
2070.0,1476,4278.447357
2060.0,1390,4281.864889
3880.0,2816,4297.460189
1960.0,1582,4301.884565
1980.0,1762,4306.444824
2170.0,1585,4310.555927
2650.0,1628,4314.876038
1850.0,1463,4319.038512
1850.0,1352,4323.045423
1850.0,1335,4326.209137
1880.0,1455,4338.256541
2190.0,1496,4342.64188
1870.0,1491,4346.949542
2070.0,1529,4351.064815
2170.0,1603,4355.249919
1890.0,1529,4359.633667
2460.0,1397,4363.700839
2080.0,1507,4367.96851
2090.0,1625,4380.712157
1890.0,1449,4384.908071
2060.0,1367,4388.382447
1880.0,1491,4392.463807
2170.0,1256,4396.010991
1980.0,1544,4399.651017
2460.0,1421,4403.822431
2590.0,1619,4408.322069
1890.0,1442,4412.239517
2090.0,1494,4424.066583
2080.0,1521,4428.284478
2170.0,1412,4432.296439
2090.0,1574,4436.698159
1890.0,1508,4440.810605
1490.0,1407,4444.508866
2190.0,1569,4448.904167
2170.0,1413,4453.001987
2490.0,1866,4466.409012
1860.0,1385,4469.99623
2060.0,1523,4474.295671
2460.0,1593,4478.713881
2180.0,1623,4482.92855
1890.0,1550,4487.333485
1990.0,1602,4491.976032
1960.0,1358,4496.157592
2190.0,1440,4509.178489
2080.0,1651,4513.843687
1970.0,1507,4518.120914
2070.0,1511,4522.251586
2370.0,1437,4526.18117
2190.0,1266,4529.477846
1880.0,1483,4533.628517
2690.0,1605,4538.165013
2190.0,1410,4542.296332
1860.0,1393,4554.409205
2180.0,1434,4558.506164
2090.0,1461,4562.767019
1980.0,1251,4565.974943
2130.0,1335,4569.739173
3200.0,2129,4575.344926
2080.0,1701,4579.986084
1860.0,1440,4584.07347
2170.0,1513,4596.436987
1970.0,1574,4600.829561
1970.0,1503,4605.192421
1980.0,1537,4609.277753
2160.0,1494,4613.347305
2480.0,1662,4617.84773
2480.0,1554,4622.166271
2160.0,1404,4626.022805
3470.0,1844,4638.81273
2080.0,1490,4643.091208
2740.0,1430,4647.11469
2380.0,1277,4650.250544
1870.0,1421,4654.007845
1860.0,1402,4657.815449
2070.0,1487,4661.951449
2170.0,1354,4665.422509
2010.0,1344,4669.265949
1860.0,1365,4680.855607
2180.0,1612,4685.454651
2180.0,1988,4690.917784
3370.0,1670,4695.86223
2080.0,1531,4699.878374
1990.0,1710,4704.352247
1990.0,1573,4708.602132
2170.0,1555,4712.773973
1970.0,1591,4725.614297
2490.0,1546,4730.009824
2190.0,1659,4734.576548
2640.0,1417,4738.552191
1970.0,1405,4742.336475
2340.0,1049,4745.215558
2170.0,1314,4748.960814
1870.0,1454,4753.220826
2190.0,1388,4757.366299
2190.0,1704,4769.842706
1920.0,1378,4773.324925
2150.0,1428,4777.355616
1970.0,1509,4781.381165
2090.0,1600,4785.497564
2180.0,1609,4789.915888
2190.0,1447,4794.068764
1990.0,2242,4800.242937
2090.0,1737,4815.445289
2090.0,1543,4819.883021
2050.0,1583,4824.174593
1830.0,1401,4827.391353
1870.0,1401,4831.330985
2180.0,1496,4835.557655
2410.0,1697,4840.171249
2580.0,1600,4844.458103
2190.0,1918,4857.640684
2060.0,1538,4862.003533
2590.0,1646,4866.217584
1890.0,1498,4870.138202
1990.0,1556,4874.365482
1890.0,1581,4878.753899
1840.0,1643,4883.121108
2090.0,1456,4887.265898
2540.0,1646,4900.774768
2090.0,1601,4905.227625
2130.0,1524,4909.264476
2070.0,1419,4913.055541
1890.0,1648,4917.611493
2190.0,1482,4921.892556
2690.0,1802,4927.270816
2190.0,1592,4931.560539
2080.0,1610,4945.271741
2220.0,1246,4948.549082
1670.0,1590,4952.577925
1860.0,1214,4956.087943
1650.0,1374,4959.588542
2360.0,1278,4963.36429
1590.0,1387,4966.905391
1940.0,1143,4970.421277
2030.0,1349,4974.045089
2050.0,1236,4983.932226
2080.0,1179,4987.118258
1640.0,1347,4990.538787
3540.0,1219,4994.078402
2310.0,1122,4996.827608
1810.0,1059,4999.587838
1340.0,1177,5002.784093
1730.0,1130,5005.804909
2280.0,1282,5009.75716
2420.0,1208,5012.958796
2120.0,1328,5016.840029
3130.0,1560,5027.904589
2350.0,1359,5031.397781
1840.0,1235,5035.003369
1910.0,1202,5038.049669
2140.0,1387,5041.7982
1830.0,1220,5045.006674
2420.0,1341,5049.009477
2020.0,1633,5053.398786
1980.0,1160,5056.483582
2230.0,1153,5066.102625
2840.0,1247,5069.627731
2640.0,1235,5072.889238
1720.0,1362,5076.766438
2100.0,1259,5079.837254
1690.0,1315,5083.535811
860.0,921,5085.77984
2650.0,1292,5089.583131
2280.0,1187,5092.781075
2210.0,1362,5096.880975
1980.0,1026,5099.767599
1890.0,1290,5110.439242
2310.0,1388,5114.355339
2740.0,1165,5117.430967
1830.0,1408,5121.056053
2170.0,1323,5124.377978
3200.0,1259,5128.197555
3590.0,1244,5131.500286
3090.0,1420,5135.574327
1620.0,1225,5139.005943
1820.0,1101,5141.973092
2420.0,1488,5153.267436
3310.0,1400,5157.355849
3190.0,1183,5160.733343
3760.0,1316,5164.512467
1920.0,1625,5168.997815
3240.0,1235,5172.466465
1990.0,1246,5176.024899
3200.0,1193,5179.882585
3480.0,1293,5183.522424
2900.0,1235,5195.831696
2330.0,1295,5199.370737
1900.0,1210,5202.790648
2430.0,1347,5206.853073
3630.0,1360,5210.889501
1760.0,1141,5214.129928
2500.0,1431,5218.084081
2250.0,1199,5221.904631
2560.0,1328,5225.607841
2410.0,1750,5230.860662
2350.0,1248,5240.765935
1860.0,1484,5245.051818
2420.0,1210,5248.339618
1590.0,953,5251.052741
2640.0,1119,5254.304154
2280.0,1012,5257.44673
2360.0,1563,5262.113643
1940.0,1487,5266.771802
1820.0,1293,5270.959804
2430.0,1205,5274.437858
1700.0,1103,5283.995447
2940.0,1545,5288.316445
1940.0,1256,5291.777213
4550.0,1250,5295.6716
3670.0,1253,5299.082992
2260.0,1517,5303.787715
3360.0,1214,5307.218034
3350.0,1283,5311.277544
2480.0,1345,5314.965508
2580.0,1243,5318.83008
2390.0,1622,5330.285812
2250.0,1893,5335.841419
1750.0,1511,5340.192981
2040.0,1244,5343.42581
1100.0,870,5346.123185
3160.0,1263,5349.641894
2460.0,1316,5353.399517
2370.0,1448,5357.795082
2310.0,1192,5361.67207
1700.0,1151,5372.184724
1710.0,1024,5375.063311
1680.0,1111,5378.098753
3630.0,1479,5382.335616
2410.0,1419,5386.081776
3690.0,1287,5390.008171
1720.0,1241,5393.347884
2410.0,1394,5397.455053
1880.0,1204,5400.809223
4370.0,1208,5404.521791
3720.0,1237,5414.548683
2340.0,1182,5417.899316
4350.0,1352,5421.932384
2520.0,1417,5426.119493
2090.0,1401,5429.576469
2700.0,1284,5433.583292
1680.0,1157,5436.591964
1770.0,1407,5440.765812
3740.0,1414,5444.596604
3030.0,1263,5448.708003
2280.0,1318,5460.209093
2520.0,1716,5465.364353
1570.0,1248,5468.774485
3160.0,1233,5472.104145
1980.0,1467,5476.358629
2170.0,1442,5480.561704
2010.0,1790,5485.733022
2580.0,1679,5491.100044
1670.0,1226,5494.412892
1540.0,1159,5505.609847
1940.0,1315,5509.666834
2080.0,1804,5514.434447
2080.0,1456,5518.405405
1160.0,1147,5521.491184
2240.0,1486,5525.73999
2410.0,1476,5530.08439
2350.0,1497,5534.494708
2020.0,1427,5546.124458
2020.0,1781,5551.121901
1820.0,1978,5557.142922
2050.0,1271,5560.626241
2100.0,1592,5565.098805
2150.0,1470,5569.29764
1830.0,1514,5573.545566
3700.0,1339,5577.821869
1910.0,1100,5580.796937
2440.0,1220,5591.367656
4510.0,1338,5595.380135
3590.0,1611,5600.025121
2420.0,1052,5603.086446
3250.0,1246,5606.435204
3660.0,1364,5610.278322
3270.0,1481,5614.442734
2460.0,2020,5620.264118
4970.0,1715,5625.067286
2030.0,1464,5636.417114
3680.0,1513,5640.835894
3410.0,1610,5645.319367
3200.0,1226,5648.587585
3620.0,1383,5652.36783
3230.0,1542,5656.438112
2040.0,1329,5659.857587
1870.0,1686,5664.896346
2010.0,1503,5677.629761
2050.0,1563,5682.13665
1960.0,1483,5686.356615
1870.0,1504,5690.537205
2090.0,1433,5694.733875
1980.0,1566,5699.028996
3220.0,1222,5702.370401
1890.0,1684,5706.891922
2090.0,1548,5711.281908
2470.0,1314,5723.679168
2210.0,1230,5726.89603
1990.0,1960,5732.515439
2040.0,1264,5736.252724
1960.0,1444,5739.636183
3290.0,1729,5744.671086
2760.0,1416,5748.433862
830.0,787,5750.855515
1440.0,1276,5754.048895
2120.0,1216,5764.241019
2430.0,1494,5768.505388
3230.0,1148,5771.660825
2070.0,1427,5775.730274
2070.0,1457,5779.294008
2030.0,1469,5783.210641
1880.0,1712,5787.776271
2270.0,1508,5791.916968
2090.0,1596,5796.211204
1880.0,1445,5809.321645
1970.0,1460,5813.730764
1990.0,1537,5818.091848
1960.0,1464,5822.257846
1890.0,1633,5826.400799
2760.0,1424,5830.258934
3380.0,1415,5833.581993
2040.0,1522,5837.661965
2090.0,1553,5852.548686
1850.0,1202,5856.183653
2060.0,1451,5860.001126
3360.0,1276,5864.010207
2690.0,1524,5868.077763
1960.0,1686,5872.248619
2190.0,1524,5876.273419
2690.0,1628,5880.50766
2560.0,1525,5884.659742
2090.0,1691,5898.065975
1890.0,1626,5902.600121
2490.0,1403,5906.642008
1990.0,1535,5910.851991
3610.0,1521,5914.746214
1880.0,1487,5918.652014
2460.0,1588,5922.964031
3260.0,1218,5926.128469
2010.0,1538,5940.357806
2380.0,1404,5944.398275
1970.0,1419,5948.507982
2490.0,1500,5952.661682
2150.0,1536,5956.68099
2190.0,1495,5960.250919
1930.0,1527,5964.365513
2190.0,1710,5969.467942
1810.0,1503,5973.701151
2590.0,1565,5987.965654
2090.0,1442,5991.64206
2190.0,1534,5995.575197
1840.0,1351,5999.117321
3270.0,1374,6002.877735
2470.0,1480,6006.63841
1980.0,1544,6011.171319
2090.0,1444,6015.419062
2180.0,1633,6027.967291
2580.0,1614,6032.424027
3340.0,2213,6038.288858
1900.0,1168,6040.989288
2070.0,1853,6046.058416
2190.0,1610,6050.508353
1980.0,1547,6054.74938
1960.0,1418,6058.351002
2080.0,1478,6071.399611
2180.0,1513,6075.782284
1990.0,1664,6079.914358
2080.0,1432,6083.727357
1910.0,1209,6086.959316
3090.0,1310,6090.900354
2720.0,1727,6095.855844
2080.0,1692,6100.536064
4630.0,2591,6116.550631
2270.0,1568,6121.211516
2090.0,1543,6124.897429
1980.0,1653,6129.152159
2410.0,1547,6133.391555
2520.0,1562,6137.795292
2190.0,1525,6142.258299
1240.0,1002,6145.234159
2220.0,1319,6155.753026
2210.0,1810,6160.707409
2420.0,1389,6164.380251
2970.0,1774,6169.042836
1810.0,1041,6171.910401
2250.0,1436,6175.544255
600.0,727,6177.840884
2530.0,1546,6182.218138
2060.0,1445,6186.239439
1650.0,1248,6197.374459
1880.0,1582,6201.727736
1860.0,1510,6205.596933
2560.0,1542,6209.306184
1880.0,1651,6213.626543
2490.0,1759,6218.387419
2190.0,1587,6222.738493
2070.0,1484,6226.884662
3360.0,1366,6230.886935
1870.0,1400,6242.653404
2070.0,1641,6247.02526
3340.0,1445,6250.639212
2090.0,1602,6254.768867
2170.0,1406,6258.377314
2590.0,1479,6262.511188
1830.0,1546,6266.810308
1880.0,1523,6271.192551
1920.0,1385,6283.733801
2180.0,1485,6288.022242
2950.0,1444,6291.57964
2480.0,1352,6295.560235
2590.0,1565,6299.922466
2460.0,1712,6304.728817
1870.0,1541,6309.167007
1890.0,1500,6313.504502
2310.0,1428,6325.656485
2070.0,1730,6330.438099
1980.0,1605,6334.347254
1890.0,1625,6338.917727
2080.0,1502,6343.155832
2490.0,1585,6347.51045
1990.0,1633,6352.074501
4450.0,2333,6358.54496
3960.0,1513,6371.471902
1880.0,1377,6375.122616
3910.0,2402,6380.884052
1980.0,1995,6386.567695
2490.0,1401,6390.597789
2180.0,1335,6394.62069
2490.0,1655,6399.205969
2500.0,1341,6402.69117
2360.0,1247,6414.372844
2160.0,1495,6418.246824
1800.0,1102,6420.918888
2000.0,1272,6424.246714
2450.0,1522,6428.646261
1970.0,1392,6432.693065
1850.0,1550,6437.000176
1970.0,1747,6441.785207
2160.0,1939,6456.05852
1970.0,1761,6460.255614
2340.0,1466,6464.1766
1880.0,1507,6468.545562
3530.0,1441,6472.913461
2080.0,1665,6477.559279
1620.0,1368,6481.569999
2570.0,1556,6486.046576
2560.0,1594,6497.078594
1820.0,1757,6501.831198
1880.0,1586,6505.988248
2080.0,1980,6511.194476
1930.0,1694,6515.759484
3280.0,1819,6521.098623
2160.0,1576,6525.590028
3650.0,1687,6530.489741
2930.0,1881,6544.335131
2480.0,1507,6548.052247
2080.0,1543,6552.23422
1800.0,1085,6555.15167
2080.0,1362,6559.300276
4780.0,2625,6566.972849
2170.0,1628,6571.5583
1860.0,1414,6575.765244
2490.0,1709,6589.078785
2480.0,1473,6593.071718
2360.0,1228,6596.151608
2030.0,1495,6600.357181
2740.0,1577,6604.784771
2180.0,1577,6609.235771
4280.0,2282,6616.017754
1870.0,1222,6619.301055
1880.0,1420,6631.385865
2090.0,1789,6636.133597
2080.0,1454,6640.014897
2090.0,1428,6644.115042
1980.0,1320,6647.973715
1870.0,1588,6652.464829
3180.0,1382,6655.954132
1830.0,1677,6661.123664
1990.0,1410,6673.060105
2180.0,1495,6677.291041
2580.0,1580,6681.344571
2490.0,1628,6685.627651
1990.0,1637,6690.164483
2170.0,1464,6694.465102
1990.0,1387,6698.435347
1890.0,1912,6704.047429
2190.0,1535,6717.777545
2080.0,1437,6721.325961
2190.0,1619,6726.251453
2410.0,1554,6730.806549
1990.0,1920,6735.758371
2490.0,1491,6740.205765
2490.0,1867,6745.575892
1990.0,1541,6749.689696
2190.0,1810,6762.889525
2450.0,1465,6767.004503
3390.0,1673,6771.578153
2180.0,1676,6776.204238
3300.0,1291,6779.946356
2230.0,1249,6783.22942
1890.0,1548,6787.564578
2190.0,1894,6792.833987
2490.0,1748,6806.063039
2190.0,1596,6810.310096
2730.0,1387,6814.343962
1870.0,1504,6818.764341
2190.0,1618,6823.221471
2090.0,1910,6828.773129
2190.0,1589,6832.885422
2180.0,1503,6837.064181
2590.0,1494,6849.256364
2180.0,1616,6853.447664
2070.0,1588,6857.793303
2890.0,1734,6862.50712
2490.0,1749,6867.381017
1880.0,1359,6871.155804
1860.0,1416,6875.009155
1990.0,1644,6879.420226
1960.0,1423,6893.833665
1990.0,1576,6898.074463
2480.0,1417,6901.790248
2230.0,1337,6905.806154
2090.0,1652,6910.330678
2090.0,1510,6914.238382
1990.0,1571,6918.307816
2190.0,1594,6922.87494
2190.0,1615,6935.726699
2430.0,1265,6939.295335
1990.0,1619,6943.534184
1880.0,1580,6947.930359
2190.0,1616,6952.43187
2190.0,2047,6957.867536
2070.0,1558,6962.056703
1890.0,1418,6966.335929
3390.0,2045,6981.197875
2480.0,1922,6986.368213
2090.0,1601,6990.813385
1950.0,1759,6996.113032
2190.0,1515,7000.119455
1990.0,1687,7004.577139
2170.0,1507,7008.850107
2090.0,1469,7012.951531
2490.0,1471,7026.596532
1990.0,1424,7030.234792
2570.0,1641,7034.747292
1990.0,1552,7039.28324
1990.0,1462,7043.31608
2190.0,1592,7047.60358
2410.0,1219,7051.324187
2060.0,1214,7054.690286
1850.0,1404,7058.990746
1890.0,1600,7072.191741
2190.0,1543,7076.842693
2090.0,1423,7080.634522
1880.0,1408,7084.666883
2690.0,1535,7088.878749
1990.0,1520,7093.313933
2190.0,1618,7097.706205
2080.0,1521,7102.187499
2190.0,1537,7116.25442
1990.0,1634,7120.813974
3060.0,2207,7127.07338
2180.0,1500,7131.202462
2090.0,1426,7135.351015
2490.0,1716,7140.09586
1990.0,1325,7144.015485
3280.0,1589,7148.580867
2490.0,1577,7161.935589
1990.0,1871,7167.599253
2080.0,1513,7171.8174
2490.0,1423,7175.266222
1980.0,1486,7179.598989
2090.0,1531,7183.976115
2190.0,1517,7188.342025
2160.0,1537,7192.818407
2140.0,1457,7206.291532
2190.0,1512,7210.702202
1990.0,1638,7215.210931
2490.0,1851,7220.195408
1960.0,1550,7224.806646
2190.0,1496,7229.249169
2190.0,1382,7233.208543
3370.0,1629,7237.725553
2250.0,1171,7248.75309
1750.0,1304,7252.418751
2190.0,1595,7256.49201
1880.0,1640,7260.957807
1890.0,1584,7265.575331
2180.0,1526,7269.960512
1980.0,1621,7274.574337
2190.0,1591,7279.000481
1990.0,1734,7291.772655
2590.0,1908,7296.974737
1980.0,1704,7301.836785
1990.0,1596,7306.7405
1980.0,1484,7310.547699
1990.0,1680,7315.618777
2190.0,1702,7320.071668
1990.0,1761,7324.484
2190.0,1744,7337.591996
3390.0,1584,7341.612725
1990.0,1591,7345.592855
2480.0,1476,7349.500674
2590.0,1685,7353.904692
2190.0,1952,7359.186165
2290.0,1175,7362.139261
2190.0,1522,7366.306798
2490.0,1530,7378.815171
1990.0,1456,7382.861811
1970.0,1402,7386.202596
2170.0,1790,7391.38421
2150.0,1781,7396.159535
2190.0,1665,7400.513443
1990.0,1669,7405.088422
1990.0,1467,7408.56582
1970.0,1281,7419.882242
1870.0,1401,7423.59985
2190.0,1774,7428.035248
2190.0,1535,7432.164595
2080.0,1549,7436.58623
2190.0,1913,7441.834079
2190.0,1717,7446.172749
1990.0,1580,7450.321641
1990.0,1541,7463.537715
1730.0,1346,7467.1216
2090.0,1616,7472.36727
1880.0,1399,7476.311561
1850.0,1543,7480.830606
1890.0,1588,7485.338267
1980.0,1621,7489.973774
2770.0,2148,7496.42753
1990.0,1678,7508.133428
2590.0,1657,7512.83527
1990.0,1456,7517.112487
1990.0,1779,7522.089247
1990.0,1639,7526.885309
1980.0,1507,7531.099243
1990.0,1548,7535.412834
2970.0,1317,7539.232142
1990.0,1364,7550.239564
2090.0,1552,7554.53054
2190.0,1732,7559.809126
2190.0,1620,7564.563254
2590.0,1439,7568.804828
2440.0,1209,7572.218044
1860.0,1378,7576.40138
1990.0,1559,7580.964875
2190.0,1663,7594.12883
2260.0,1765,7598.692348
2190.0,1658,7603.31126
2170.0,1663,7608.380128
2190.0,1728,7612.989817
1990.0,1778,7617.852738
1990.0,1819,7623.489467
2160.0,1710,7628.450305
930.0,792,7638.924137
2180.0,1377,7642.286693
2190.0,1649,7646.918846
1780.0,1347,7650.348676
1670.0,1220,7653.591701
1760.0,1344,7657.683876
2190.0,1628,7662.306415
2050.0,1200,7665.613737
1990.0,1383,7669.752685
520.0,583,7671.313711
1560.0,1257,7682.564797
1890.0,1383,7685.975219
2330.0,1336,7690.042365
2190.0,2046,7696.013494
1980.0,1941,7701.786365
1990.0,1478,7705.616159
1980.0,1751,7710.856262
2190.0,1572,7715.338315
2190.0,1791,7728.177066
2190.0,1579,7732.347664
1990.0,1718,7737.767742
2190.0,1486,7741.764277
2350.0,1502,7746.290156
1860.0,1492,7750.74167
2880.0,1095,7753.87231
2030.0,1557,7758.414989
1990.0,2005,7772.216676
2090.0,1434,7775.968853
2190.0,1564,7780.512884
2190.0,1663,7785.29621
1990.0,1591,7790.034747
5610.0,2604,7797.789847
1990.0,1788,7803.283157
2170.0,1659,7816.968581
1990.0,1680,7821.246602
1990.0,1439,7825.584524
2190.0,1506,7830.055847
1880.0,1603,7834.388809
2190.0,1546,7838.784553
1990.0,1636,7843.45434
2190.0,1541,7848.120453
1990.0,1535,7861.781055
2090.0,1620,7865.904169
1980.0,1586,7870.336166
1990.0,1511,7874.651222
1990.0,1712,7879.234468
2190.0,1584,7883.726934
2190.0,1597,7888.289674
2080.0,1526,7892.799255
2480.0,1357,7905.002708
1820.0,1596,7909.129744
1990.0,1643,7913.310369
2490.0,1458,7917.484344
2190.0,1383,7920.792807
1990.0,1726,7925.713104
2160.0,1531,7929.875785
2190.0,1383,7933.380639
1990.0,1749,7948.569517
2500.0,1537,7952.91066
2190.0,1659,7957.093157
2190.0,2023,7962.789229
2190.0,1494,7967.113554
2190.0,1453,7971.101866
1830.0,1517,7975.427342
2390.0,1445,7979.223057
1990.0,2104,7995.731874
1990.0,1521,7999.612597
2190.0,1683,8003.996501
2190.0,1702,8009.030535
1990.0,1740,8013.608268
1990.0,1487,8017.685303
1980.0,1390,8021.403687
2190.0,1525,8024.98357
2490.0,1399,8037.383045
2190.0,1535,8041.645334
2290.0,1479,8045.742185
2170.0,1432,8049.69792
1990.0,1617,8054.144808
2490.0,1495,8058.307357
2270.0,1276,8061.687302
2580.0,1569,8065.96751
1970.0,1454,8070.07089
2430.0,1752,8082.869023
2130.0,1468,8086.769868
2070.0,1554,8090.67009
2240.0,1654,8095.047203
2130.0,1588,8099.308475
1790.0,1516,8103.532327
1960.0,1536,8107.63471
2180.0,1691,8111.919428
2090.0,1433,8124.112682
1880.0,1435,8128.430642
1980.0,1587,8132.525241
2090.0,1531,8136.70289
2190.0,1716,8141.371518
2490.0,1691,8146.319676
2190.0,1611,8150.604734
3830.0,2154,8164.448432
1990.0,1483,8168.694466
2190.0,1651,8173.202212
2190.0,1471,8177.431587
2190.0,1589,8181.875878
2730.0,1194,8184.968303
2530.0,1231,8188.167085
1990.0,1749,8193.2335
3130.0,2324,8207.867052
2090.0,1666,8212.567084
2190.0,1675,8217.455206
2190.0,1470,8220.796354
440.0,592,8222.747832
1730.0,1284,8226.07256
1910.0,1025,8228.989892
1660.0,1115,8232.058339
1770.0,1580,8236.427138
1580.0,992,8239.074083
1670.0,1161,8248.426919
2250.0,1213,8252.144077
2010.0,1223,8255.383478
3290.0,1391,8259.416145
2190.0,1459,8262.952121
2070.0,1167,8266.436539
1830.0,1468,8270.045248
2190.0,1995,8275.608746
3080.0,2052,8281.102362
2900.0,1634,8294.278589
2190.0,1557,8298.647655
2160.0,1655,8303.825877
2190.0,1295,8307.051407
1700.0,1753,8311.999476
2090.0,1520,8316.231688
3520.0,1478,8320.441199
1990.0,1496,8324.396601
1970.0,1681,8336.625247
2190.0,1485,8340.906975
2190.0,1555,8345.219072
2090.0,2048,8350.778345
1990.0,1595,8355.188544
4970.0,1434,8359.271812
2190.0,1601,8363.696013
2640.0,1636,8367.813433
1890.0,1488,8379.772985
1990.0,1545,8384.093885
1990.0,1753,8389.068635
1850.0,1423,8392.442106
2190.0,1545,8396.639188
2090.0,1539,8400.935516
1810.0,1488,8405.286911
2170.0,1377,8409.212419
2570.0,1586,8421.740567
2190.0,1495,8425.889279
1990.0,1609,8430.421057
2490.0,1493,8434.463759
1990.0,1627,8439.022132
2170.0,1525,8443.558495
1930.0,1287,8447.130618
1990.0,1564,8451.754768
2490.0,1446,8455.934192
2590.0,1503,8468.985422
2170.0,1489,8473.510702
2470.0,1525,8477.867002
2190.0,1507,8482.001734
2050.0,1388,8485.463595
2070.0,1501,8489.633854
2090.0,1491,8494.066061
2470.0,1678,8498.583994
2170.0,1623,8510.875965
1970.0,1485,8515.308997
2080.0,1471,8519.742817
2050.0,1678,8524.397639
2470.0,1687,8529.520342
1950.0,1446,8533.150247
1920.0,1173,8536.758569
2230.0,1360,8540.088856
2790.0,1743,8553.127235
2070.0,1400,8556.827203
2480.0,1698,8561.472272
2170.0,1420,8565.567604
2180.0,1574,8570.043714
2570.0,1441,8574.395022
1980.0,1654,8579.232597
1970.0,1590,8583.663059
2660.0,1368,8587.560524
4680.0,1622,8600.064265
1970.0,1613,8604.593178
1810.0,1439,8608.731861
2180.0,1512,8612.947866
2170.0,1439,8617.182171
2590.0,1623,8621.85499
2170.0,1453,8626.247318
2070.0,1553,8630.570409
2180.0,1473,8643.609008
1890.0,1743,8649.021051
2190.0,1563,8653.556455
1990.0,1481,8657.968301
1970.0,1231,8661.314267
1990.0,1536,8665.947386
2170.0,1573,8670.511268
2190.0,1523,8674.842156
2090.0,1749,8688.297389
1970.0,1551,8692.718298
2090.0,1438,8696.810241
3290.0,1784,8701.22463
2190.0,1524,8705.564785
2180.0,1584,8710.234272
2190.0,1566,8714.93266
1990.0,1705,8719.898735
1990.0,1762,8733.69667
2190.0,1597,8738.534059
3330.0,1538,8742.845677
2590.0,1568,8747.093255
2180.0,1529,8751.47808
2090.0,1475,8755.799373
2050.0,1472,8760.13364
2490.0,1689,8764.78144
2590.0,1647,8779.4632
2490.0,1484,8783.568732
1990.0,1904,8788.781183
1990.0,1531,8792.704844
2590.0,1377,8796.117747
2090.0,1540,8800.557323
1890.0,1650,8805.087425
2080.0,1368,8809.036167
1890.0,1457,8822.022564
2470.0,1370,8825.802974
2170.0,1399,8830.235192
1970.0,1700,8834.784262
2280.0,1365,8838.422355
3280.0,1553,8842.860609
2060.0,1340,8847.13729
2380.0,1738,8852.193053
1870.0,1248,8855.860198
2570.0,1554,8869.694112
1870.0,1797,8875.871319
2290.0,1639,8880.701057
1800.0,1354,8884.959171
2080.0,1426,8888.916257
2080.0,1757,8894.34195
2480.0,1419,8898.923262
2080.0,1670,8904.163204
1870.0,1290,8916.440259
2460.0,1384,8921.036871
1870.0,1345,8925.519218
2180.0,1603,8930.484353
1970.0,1272,8934.058933
1870.0,1401,8938.174973
2070.0,1509,8942.676585
1810.0,1035,8945.920995
1870.0,1353,8949.824247
1880.0,1719,8964.680072
2070.0,1557,8969.750316
1870.0,1381,8973.705383
1890.0,1364,8978.047452
1870.0,1436,8982.513866
1890.0,1399,8986.340352
2480.0,1609,8991.187618
2490.0,1406,8995.577302
2470.0,1427,9000.167679
1850.0,1330,9012.101117
3250.0,1501,9016.826045
1870.0,1399,9021.120659
1880.0,1708,9026.026444
2470.0,1582,9030.807115
1860.0,1361,9034.908741
2480.0,1547,9039.50812
2470.0,1428,9044.186893
2170.0,1661,9057.962354
2480.0,1533,9062.707274
2270.0,1639,9067.507222
2470.0,1456,9072.138817
2070.0,1502,9076.741982
6460.0,2202,9083.017312
2470.0,1488,9087.781845
1850.0,1369,9091.736095
2080.0,1487,9106.281337
2690.0,1794,9111.835896
3280.0,1544,9116.600386
2080.0,1610,9121.258978
1890.0,1471,9125.648157
2170.0,1265,9129.382987
1880.0,1522,9134.109975
2590.0,1437,9138.758365
1990.0,1343,9142.548904
3100.0,1174,9157.06653
2090.0,1485,9161.322257
1990.0,1689,9166.549994
1990.0,1734,9171.700601
3020.0,1322,9176.164536
1980.0,1662,9181.152719
1990.0,1574,9186.081846
2170.0,1394,9190.386767
1970.0,1446,9203.28815
3420.0,2102,9209.550331
1820.0,1411,9213.986551
2290.0,1719,9219.193303
1990.0,1511,9223.915603
2080.0,1592,9228.679102
2480.0,1519,9233.351431
2090.0,1584,9237.983366
2190.0,1478,9252.28811
2190.0,1416,9256.76435
4690.0,2441,9264.393332
2090.0,1617,9269.29184
1990.0,1539,9273.900429
1990.0,1753,9278.645162
2170.0,1484,9283.40377
1990.0,1387,9288.020433
2080.0,1648,9302.991785
2590.0,1487,9307.697373
2190.0,1651,9312.671897
2480.0,1564,9317.400207
2190.0,1557,9321.797778
1890.0,1470,9326.185817
1990.0,1601,9330.96159
1990.0,1580,9336.015591
1990.0,1892,9350.422807
2090.0,1637,9355.516653
1990.0,1523,9360.024267
1990.0,1792,9364.757776
2190.0,1658,9369.118701
1990.0,1819,9374.853904
2190.0,1455,9379.365468
2480.0,1319,9383.077391
2090.0,1406,9396.642781
1890.0,1568,9401.222854
2580.0,1580,9405.600419
1990.0,1556,9409.973166
2190.0,1498,9414.323968
2090.0,1630,9418.937448
2490.0,1616,9423.548035
2190.0,1500,9427.962261
3290.0,1380,9440.434926
2190.0,1634,9445.456295
2190.0,1760,9450.112072
1980.0,1435,9454.101757
1990.0,1295,9457.30493
2090.0,1456,9461.591981
2070.0,1533,9466.041327
1680.0,1622,9470.770886
1570.0,1090,9473.968541
1920.0,1800,9487.140229
1910.0,1137,9490.322165
1710.0,1106,9493.318566
1440.0,1218,9496.371662
2590.0,1625,9500.791655
1620.0,1511,9505.233671
2660.0,1603,9510.111082
2000.0,1220,9514.051913
1950.0,1644,9528.562006
3940.0,1518,9533.269391
2190.0,1562,9537.721235
2590.0,1466,9541.953842
1990.0,1448,9545.513222
1990.0,1477,9549.743394
3600.0,2443,9557.299339
1430.0,1154,9560.658715
2190.0,1593,9565.396111
2190.0,1590,9578.93872
2090.0,1641,9583.249664
2190.0,1525,9587.45981
2190.0,1820,9592.862048
4240.0,2337,9599.328125
2190.0,1587,9604.001319
2570.0,1564,9608.581501
2480.0,1494,9622.492512
2160.0,1574,9626.834914
2590.0,1574,9631.150637
2180.0,1544,9635.471404
2470.0,1386,9639.512744
2070.0,1700,9644.237718
1970.0,1620,9648.785226
2060.0,1376,9653.282744
3270.0,1713,9666.415552
2550.0,1552,9670.622149
2210.0,1595,9674.627805
2590.0,1545,9678.575633
2570.0,1543,9682.537588
2050.0,1469,9686.666734
2070.0,1515,9690.962792
2060.0,1543,9695.33489
2190.0,1444,9707.832527
2610.0,1243,9710.806449
2180.0,1538,9714.742073
2080.0,1434,9718.734032
1750.0,1274,9721.851738
2170.0,1765,9726.992303
1880.0,1453,9730.963151
2470.0,1587,9735.076469
2080.0,1639,9739.583001
2690.0,1535,9752.508589
1870.0,1499,9756.422066
2150.0,1426,9759.878842
2660.0,1190,9763.520813
2150.0,1207,9766.683265
3170.0,1541,9771.087999
2040.0,1418,9775.301101
1760.0,1474,9779.537772
2010.0,1419,9783.216779
2060.0,1254,9794.271114
1400.0,1242,9797.588712
2020.0,1254,9801.073759
1360.0,1448,9805.277139
2410.0,1281,9808.965667
1560.0,1626,9813.203923
2400.0,1433,9817.159165
1740.0,1230,9820.372629
3850.0,1230,9823.63029
2000.0,1426,9835.6984
2170.0,1528,9840.083897
2070.0,1560,9844.211111
2470.0,1467,9848.403272
2170.0,1509,9852.661395
2070.0,1622,9857.016488
2250.0,1341,9860.557714
3280.0,1664,9865.592018
1790.0,1273,9868.944435
2070.0,1502,9881.266667
2650.0,1524,9885.349932
2050.0,1569,9889.596126
2070.0,1490,9893.663894
3980.0,2350,9899.581092
2170.0,1385,9903.607385
2430.0,1723,9908.181907
1950.0,1328,9912.03602
2090.0,1514,9925.451156
2190.0,1656,9929.820335
2070.0,1477,9934.044284
2570.0,1415,9938.15887
2590.0,1513,9942.438065
1980.0,1637,9946.90591
2160.0,1416,9950.578786
1880.0,1573,9954.881673
2180.0,1620,9969.103472
2150.0,1604,9973.234189
2180.0,1574,9977.247382
2190.0,1613,9981.467545
2070.0,1390,9984.849383
2630.0,1750,9990.123366
2180.0,1612,9994.761511
2180.0,1621,9999.308321
1970.0,1362,10012.183094
2180.0,1475,10016.110252
2150.0,1488,10019.686665
1970.0,1448,10023.676575
2180.0,1784,10028.904466
1860.0,1738,10033.793557
2080.0,1632,10038.320671
2080.0,1619,10042.925153
3980.0,2315,10059.524785
2070.0,1459,10063.844805
2570.0,1602,10068.358784
2570.0,1581,10072.654497
2640.0,1611,10077.139884
2080.0,1627,10081.686826
2180.0,1708,10086.58477
2180.0,1780,10100.100541
3230.0,1403,10103.48215
1970.0,1498,10107.582436
2070.0,1514,10111.711138
2090.0,1455,10115.669793
1980.0,1514,10119.895646
2180.0,1379,10123.359495
2450.0,1331,10127.28419
3940.0,2423,10141.907149
2180.0,1435,10146.047823
2180.0,1614,10150.235586
2070.0,1669,10154.56528
1980.0,1672,10158.924564
2180.0,1592,10163.1945
3280.0,1500,10167.409629
3570.0,2292,10173.610673
1950.0,1498,10185.573129
2070.0,1395,10189.493715
2190.0,1534,10193.489071
1950.0,1440,10197.166869
2190.0,1747,10201.682784
2080.0,1832,10207.170215
2180.0,1742,10211.990569
1970.0,1521,10216.485543
2180.0,1724,10230.634984
1980.0,1730,10235.467374
2190.0,1552,10239.322516
3380.0,1602,10243.318763
2480.0,1699,10247.712929
2440.0,1432,10251.829577
3370.0,1587,10256.297299
2180.0,1603,10261.012935
2180.0,1726,10275.735794
3470.0,1483,10279.723673
2180.0,1554,10283.56419
2580.0,1771,10288.381231
2450.0,1277,10291.668029
2160.0,1460,10295.861372
2510.0,1762,10300.679086
2180.0,1765,10306.036066
5150.0,2223,10320.929168
3220.0,1347,10324.56583
3890.0,2482,10330.701828
2080.0,1530,10334.970352
2080.0,1645,10340.022332
2580.0,1868,10345.109265
2180.0,1542,10349.656716
2180.0,1653,10362.727062
2180.0,1588,10367.125314
3170.0,2202,10372.929943
2180.0,1689,10377.141061
1970.0,1702,10381.826814
3940.0,2308,10388.65843
3290.0,2273,10405.885926
2160.0,1483,10410.083662
2080.0,1552,10414.253386
2560.0,1534,10418.01926
2070.0,1450,10421.840867
2580.0,1590,10426.453565
2070.0,1693,10431.104746
1970.0,1470,10435.328394
2470.0,1603,10448.552796
2090.0,1628,10452.902158
2180.0,1638,10457.017392
1560.0,1278,10460.304111
2410.0,1534,10463.756704
4150.0,2543,10470.912532
2160.0,1562,10475.299003
2180.0,1658,10480.279273
2170.0,1674,10494.225431
2170.0,1578,10498.530326
2420.0,1211,10501.379755
2080.0,1566,10505.426678
2040.0,1472,10509.580857
2090.0,1559,10514.041589
3820.0,2243,10520.256418
2180.0,1499,10524.403873
2180.0,1467,10538.314747
1050.0,1103,10541.127556
2150.0,1451,10544.735369
2060.0,1547,10548.630654
2160.0,1578,10552.725655
1780.0,1273,10556.000557
2070.0,1651,10561.016261
2180.0,1559,10565.316134
2080.0,1497,10569.480209
2180.0,1418,10582.93491
1770.0,1423,10586.816456
2180.0,1566,10590.627587
2190.0,1554,10594.81307
3350.0,1453,10598.926823
2480.0,1715,10603.681469
3360.0,1508,10608.03563
1980.0,1752,10612.938502
3000.0,1895,10627.896407
2510.0,1476,10631.644202
3680.0,2304,10637.768604
2180.0,1821,10643.127459
1890.0,1818,10647.945043
1980.0,1544,10652.218274
2080.0,1648,10656.798616
2580.0,1530,10670.262993
2170.0,1504,10673.920233
2080.0,1570,10678.044102
2060.0,1375,10682.136548
1980.0,1251,10685.551935
2170.0,1529,10689.868215
2180.0,1629,10694.373623
2060.0,1392,10698.338755
4170.0,2280,10714.21141
2370.0,1506,10717.429645
1980.0,1561,10721.534904
2160.0,1562,10725.776681
2180.0,1536,10730.039921
2530.0,1910,10735.537539
2180.0,1490,10739.731696
2480.0,1446,10743.844018
1990.0,1469,10756.178576
2180.0,1850,10760.827041
1980.0,1428,10764.636924
2180.0,1641,10769.183596
2070.0,1399,10773.281054
2080.0,1758,10778.127586
2190.0,1632,10782.644486
2190.0,1556,10786.984642
1980.0,1485,10800.373822
1970.0,1507,10804.00508
3290.0,1504,10808.06729
2160.0,1313,10811.487516
3190.0,2195,10817.955023
4100.0,2429,10824.414262
2180.0,1554,10828.75267
1950.0,1534,10841.151884
1880.0,1586,10844.966373
1880.0,1471,10848.562021
2080.0,1746,10853.789345
2180.0,2075,10859.646577
1980.0,1523,10863.826395
2480.0,1714,10868.378116
2180.0,1848,10873.186027
1880.0,1627,10887.353292
1990.0,1900,10891.589284
1500.0,997,10894.215651
3550.0,1597,10898.61422
1700.0,1486,10902.77314
2270.0,1676,10907.278525
1980.0,1792,10912.47305
2450.0,1448,10916.641899
1730.0,1193,10928.190022
2170.0,1827,10932.588328
2180.0,1700,10937.575131
4330.0,2188,10943.482816
2180.0,2255,10949.837029
4050.0,2353,10956.607414
2180.0,1610,10961.02466
2180.0,1508,10972.947207
2080.0,1481,10976.590031
2180.0,1485,10980.553292
2560.0,1257,10983.902932
3820.0,2197,10989.969647
2180.0,1566,10994.326244
1980.0,1478,10998.545081
2180.0,1514,11002.880097
2180.0,1834,11017.904536
2650.0,1297,11020.911307
2170.0,1638,11025.310228
2170.0,1562,11029.751999
1970.0,1504,11034.025881
2160.0,1456,11038.166914
2180.0,1554,11042.519177
4540.0,2410,11058.889719
1730.0,1186,11061.59838
2510.0,1624,11065.452121
2180.0,1424,11069.445274
2070.0,1566,11073.771747
2190.0,1517,11078.050424
1980.0,1657,11082.477093
2180.0,1651,11086.92618
2180.0,1765,11091.948163
1980.0,1981,11105.766351
2180.0,1727,11110.384867
2180.0,1574,11114.946252
2480.0,1628,11119.585764
2180.0,1827,11124.50605
2180.0,1488,11128.8393
1750.0,1339,11132.799242
1740.0,1184,11144.807184
2250.0,1482,11148.804775
2180.0,1893,11153.823032
2170.0,1670,11158.244033
2180.0,1727,11163.190795
1880.0,1614,11167.780779
2080.0,1458,11171.927937
4220.0,2361,11178.774755
2680.0,1808,11192.561824
2080.0,1585,11196.339932
2180.0,1653,11201.036049
4990.0,2563,11207.575436
3250.0,2080,11213.264645
2180.0,1661,11218.191777
2180.0,1738,11232.607885
4260.0,2414,11238.69804
1980.0,1776,11243.305446
3060.0,2136,11249.324867
1200.0,1224,11253.201741
1880.0,1696,11257.984363
2380.0,1690,11262.44857
3240.0,1457,11266.53249
1630.0,1120,11278.399248
1980.0,1835,11283.097273
2580.0,1683,11287.471948
2080.0,1726,11292.188581
2010.0,1773,11297.746545
3390.0,1569,11302.025927
2180.0,1457,11305.689598
3620.0,2261,11321.056444
3240.0,1920,11325.378759
1980.0,1551,11329.677564
3330.0,2075,11335.643286
2580.0,1595,11340.665316
6270.0,2731,11348.15435
2180.0,1727,11352.988555
2960.0,2123,11367.87995
2940.0,2096,11373.313668
3300.0,2004,11378.935555
2470.0,1531,11383.15971
2180.0,1632,11387.725991
3840.0,2419,11394.524732
2150.0,1639,11408.379406
2510.0,1544,11412.072916
2580.0,1731,11416.236673
2180.0,1631,11421.089263
2190.0,2155,11426.857564
2180.0,1443,11430.968427
2070.0,1573,11435.269808
2180.0,1610,11439.648897
2290.0,1942,11453.834612
2510.0,1754,11458.468272
2570.0,1641,11463.157947
4480.0,2398,11470.00089
1790.0,1279,11473.341377
2490.0,2086,11479.044305
1430.0,1081,11482.054283
1450.0,1108,11484.972625
870.0,959,11492.963719
850.0,949,11495.463121
460.0,714,11497.032376
980.0,954,11499.480241
1280.0,987,11501.971265
2650.0,1163,11505.008789
2320.0,1224,11508.796213
3010.0,1158,11511.983597
2420.0,1365,11515.521822
2890.0,1045,11518.538422
2160.0,1264,11522.505252
2020.0,1306,11533.931473
1550.0,1340,11537.927978
1490.0,1203,11540.807636
1190.0,1038,11543.242031
1910.0,1477,11546.911109
3240.0,1615,11551.249407
2740.0,1569,11555.623322
4450.0,1367,11559.674124
3850.0,1503,11563.843491
2090.0,1668,11577.532751
2080.0,1656,11581.997424
4700.0,2165,11587.268718
2180.0,1632,11591.424807
3410.0,2135,11597.757608
2080.0,1529,11602.051353
3490.0,2175,11607.963373
3160.0,1599,11621.993772
2080.0,1704,11626.598643
1880.0,1579,11630.396135
2170.0,1621,11634.359529
1970.0,1424,11638.416884
3410.0,1983,11644.055201
2080.0,1669,11648.532294
2170.0,1523,11652.766643
1970.0,1415,11666.284276
2480.0,1658,11670.580214
2490.0,1597,11674.720295
1970.0,1423,11678.599465
2180.0,1641,11683.02655
1880.0,1555,11687.337933
2080.0,1672,11691.999529
1880.0,1916,11697.375736
4440.0,2497,11715.776724
3940.0,2453,11721.511489
2000.0,1347,11725.216977
3480.0,2656,11732.921739
5020.0,2279,11739.848531
2390.0,1492,11743.749162
4100.0,2357,11759.725398
4050.0,2299,11765.204502
2610.0,1655,11769.876517
2080.0,1538,11774.348816
1890.0,1568,11778.964234
5650.0,2360,11785.227987
3590.0,2015,11799.936057
2080.0,1514,11803.875538
4200.0,2061,11809.035233
2020.0,1544,11812.982812
2180.0,1587,11817.189027
2190.0,1514,11821.612885
2180.0,1863,11826.95694
2180.0,1668,11841.460595
4490.0,2395,11847.434531
5040.0,2294,11853.524276
2160.0,1499,11857.445656
2580.0,1484,11861.662388
2180.0,1520,11866.051606
2430.0,1566,11870.35728
5880.0,2452,11887.654964
2510.0,1857,11892.695791
1980.0,1947,11897.949992
4530.0,2366,11904.44869
2170.0,1572,11908.823368
1980.0,1523,11913.179191
2480.0,1727,11918.292978
2170.0,1501,11931.911068
2190.0,1872,11936.728691
2180.0,1504,11940.635551
1870.0,1613,11944.921409
2170.0,1256,11948.717766
2190.0,1665,11953.470077
1980.0,1666,11958.190034
2680.0,1509,11962.592199
2180.0,1793,11977.163827
2510.0,1424,11980.849475
2080.0,1535,11984.698473
2180.0,1563,11988.795434
2330.0,1285,11992.679889
1850.0,1603,11996.992549
2210.0,1822,12001.830358
2170.0,1505,12006.109293
3720.0,2097,12022.277615
4070.0,2419,12028.598974
2070.0,1500,12032.695708
2190.0,1663,12037.40095
4420.0,2606,12044.579659
2180.0,1526,12049.071371
2180.0,1658,12053.769936
3620.0,1533,12069.040404
5380.0,2861,12076.370196
2180.0,1690,12081.359092
2180.0,1556,12085.590463
3710.0,2064,12091.385385
2150.0,1646,12095.914469
2180.0,1803,12110.636007
2170.0,1661,12115.269318
4680.0,2249,12121.159771
4960.0,2355,12127.817245
4910.0,2133,12134.272191
4170.0,2214,12140.228875
2180.0,1558,12144.423317
5330.0,2391,12158.693773
4480.0,2131,12164.668587
2180.0,1694,12169.231678
2470.0,1683,12173.73481
3920.0,2168,12179.722025
4830.0,2274,12186.421192
2510.0,1670,12199.783836
2180.0,1606,12203.801908
4220.0,2525,12210.847043
2170.0,1634,12215.111382
3790.0,2251,12221.152972
2580.0,1707,12226.146371
4080.0,2375,12243.623139
2160.0,1632,12247.726547
2180.0,2035,12253.392161
3760.0,2350,12260.238488
3950.0,2333,12266.680408
2190.0,2005,12272.498211
4310.0,2314,12290.198742
2510.0,1723,12294.872679
4750.0,2193,12300.832382
3340.0,2086,12306.715193
2950.0,1909,12311.976309
1980.0,1517,12316.047115
2510.0,1647,12320.206909
2510.0,1635,12334.287451
4810.0,1781,12339.421427
1980.0,1494,12343.170208
2180.0,1607,12348.129344
2180.0,1568,12352.404378
4050.0,2195,12358.34744
4500.0,2264,12363.934575
4540.0,2286,12381.115018
4430.0,2362,12387.423354
2170.0,1653,12391.950935
4430.0,2338,12398.626414
4810.0,2324,12404.666604
5120.0,2325,12411.101184
4040.0,2328,12427.250824
2180.0,1591,12431.745652
4700.0,2262,12438.312553
2280.0,1818,12443.044857
2790.0,1511,12447.16005
4560.0,2234,12453.313423
4940.0,2819,12471.730832
4950.0,2945,12480.436254
3970.0,2376,12486.769058
3090.0,2227,12493.03618
3650.0,2239,12498.928967
4070.0,2182,12517.009626
3810.0,2255,12523.677925
4380.0,2408,12530.076146
2190.0,2131,12536.042253
4580.0,2438,12542.534206
3970.0,2314,12549.07394
4240.0,2320,12566.844204
2510.0,1577,12571.048251
4800.0,2210,12577.035292
2190.0,1512,12581.179926
4830.0,2412,12587.746419
4780.0,2425,12594.458762
3950.0,2230,12611.035343
4160.0,2075,12616.721643
5730.0,2240,12622.613156
3230.0,2059,12628.18956
4220.0,2461,12635.058672
3850.0,2333,12652.475858
3660.0,2634,12659.531517
2010.0,1255,12662.722073
4130.0,2663,12669.498442
3920.0,2087,12674.977226
3950.0,2405,12681.554011
2180.0,1673,12694.903697
4200.0,2300,12701.488235
4140.0,2412,12707.851269
4820.0,2385,12714.172239
2050.0,1499,12718.250703
4510.0,2513,12725.010093
4110.0,2084,12740.961438
3340.0,1974,12746.688499
2400.0,1646,12751.158909
2510.0,1640,12755.327223
2510.0,1830,12760.342362
4360.0,2270,12766.47349
4010.0,2275,12772.070302
3950.0,2181,12789.354129
4180.0,2505,12796.299881
1970.0,1875,12801.36202
4380.0,2367,12807.673101
3930.0,2235,12813.730115
2090.0,1558,12829.870144
4360.0,2480,12837.066499
3790.0,2305,12842.972802
2170.0,1463,12846.787953
3940.0,2138,12852.717242
4630.0,2188,12858.418812
5100.0,2635,12878.451265
3910.0,2219,12885.018911
2680.0,1531,12889.06278
2590.0,1712,12893.442737
1970.0,1537,12897.616318
5020.0,2204,12903.200534
2050.0,1441,12907.2346
4270.0,2235,12923.895882
1890.0,1577,12928.251809
1990.0,1568,12932.465654
3610.0,2016,12938.192252
4690.0,2128,12943.629756
3930.0,2203,12949.764858
2210.0,1326,12953.132874
4160.0,2707,12971.569319
4090.0,2295,12977.855202
3380.0,2113,12983.639939
2180.0,1332,12986.778233
4450.0,2448,12993.211288
3550.0,1971,12998.91148
4510.0,2593,13018.681623
1990.0,1925,13024.077705
4290.0,2500,13030.718423
3980.0,2196,13036.275552
3950.0,2515,13043.231257
4590.0,2642,13062.249175
2990.0,1779,13066.570382
2170.0,1636,13070.861899
4110.0,2727,13078.356018
1990.0,1650,13082.875159
4500.0,2458,13089.650542
2080.0,1578,13106.552653
4820.0,2335,13112.444783
3870.0,2317,13118.573506
4350.0,2333,13124.550786
2700.0,1557,13128.814248
4280.0,2257,13135.592945
4620.0,2425,13154.799493
4050.0,2095,13160.308497
4310.0,2427,13167.073158
2650.0,1692,13171.562239
2180.0,1635,13175.872834
4680.0,2437,13183.318053
4830.0,2298,13201.961435
4530.0,2495,13208.136162
5070.0,2466,13215.084708
4840.0,2393,13221.864479
4920.0,2217,13227.945717
3880.0,2555,13246.581261
2190.0,1655,13250.885753
1990.0,1511,13255.104128
3870.0,2364,13261.913499
4120.0,2597,13269.305218
4210.0,2170,13275.473568
4610.0,2241,13293.726244
2190.0,1445,13297.71859
4480.0,2288,13303.933722
3740.0,2104,13310.291817
4460.0,2560,13316.964878
4520.0,2450,13323.58716
4420.0,2748,13342.94532
1890.0,1512,13346.667525
5080.0,2488,13353.678476
3690.0,2244,13360.216354
1860.0,1761,13364.807712
4310.0,2545,13371.452576
4910.0,2408,13390.587024
4300.0,2454,13396.933525
4270.0,2313,13403.554437
2170.0,1561,13407.907595
4250.0,2609,13414.679442
3720.0,2163,13420.363714
2510.0,1572,13435.071595
1990.0,1899,13440.509997
4110.0,2292,13446.655663
4630.0,2517,13453.860712
4070.0,2315,13460.293574
4080.0,2605,13481.222475
5440.0,2403,13487.3119
4290.0,2603,13494.665327
2490.0,1765,13499.678171
3820.0,2296,13505.141545
4510.0,2541,13511.919267
4630.0,2138,13528.468079
4800.0,2798,13536.53648
2510.0,1656,13541.183412
1910.0,1519,13545.381642
1680.0,1060,13548.032272
4540.0,2276,13554.237783
1990.0,1552,13558.623317
4220.0,2215,13576.207227
3400.0,1814,13581.574372
1800.0,1272,13585.099296
2700.0,1147,13588.677572
1650.0,1497,13592.490436
1740.0,1670,13597.09656
1410.0,1117,13600.248898
2690.0,1937,13606.050004
1750.0,1396,13619.0319
1750.0,1358,13622.914876
2250.0,1284,13626.222743
1980.0,1478,13630.469157
1790.0,1221,13633.964989
1640.0,1330,13636.893913
1790.0,1303,13640.484815
1710.0,1628,13644.895996
1670.0,1188,13648.120276
1930.0,1362,13660.125511
1780.0,1245,13663.422324
1570.0,1268,13667.254408
2360.0,1590,13671.680292
1980.0,1575,13676.009494
1930.0,1764,13680.263232
1890.0,2008,13685.707211
1510.0,1054,13688.6036
1880.0,1831,13701.164214
3420.0,1636,13706.173526
3280.0,1611,13710.63482
1880.0,1513,13715.227336
3270.0,1448,13718.798296
2660.0,1384,13722.480205
2240.0,1499,13726.220505
1760.0,1349,13729.455968
3220.0,1530,13733.630305
3190.0,2049,13747.557111
1860.0,1519,13751.864626
3870.0,2422,13758.686293
2360.0,1526,13762.807206
1790.0,1563,13766.685445
2190.0,1654,13770.788613
1740.0,1431,13774.796331
1980.0,1564,13790.629914
2360.0,1483,13794.785359
3630.0,2194,13800.622689
2180.0,1683,13805.04994
2580.0,1607,13809.105418
4200.0,2200,13814.92616
4550.0,2363,13821.092136
3540.0,2278,13838.234423
4390.0,2307,13844.460321
2670.0,1444,13848.579418
4130.0,2296,13854.503344
5380.0,2057,13859.700699
4250.0,2504,13866.735695
2170.0,1647,13880.892178
2080.0,1384,13884.889652
5040.0,2616,13892.000972
2480.0,1526,13896.073866
4210.0,2054,13901.401604
3820.0,2800,13908.843225
4060.0,2629,13928.487447
4670.0,2355,13934.830804
1800.0,1396,13938.600662
1920.0,1402,13941.75601
4480.0,2693,13949.040775
4430.0,2460,13955.320997
5490.0,2618,13975.902261
3890.0,2322,13982.023376
4160.0,2372,13988.579396
2170.0,1654,13993.276503
1980.0,1610,13997.769762
4600.0,2242,14004.422194
2470.0,1374,14022.494793
4350.0,2283,14028.735913
4140.0,2295,14035.086772
4650.0,2481,14041.851178
2160.0,1565,14046.628328
4420.0,2310,14053.291091
2500.0,1916,14070.314573
5440.0,2314,14075.986223
4940.0,2241,14082.125948
2170.0,1485,14085.821089
4660.0,2237,14092.581081
3770.0,2419,14099.298087
4440.0,2509,14118.577448
2080.0,1588,14122.491777
4690.0,1979,14127.844262
2550.0,1462,14131.932928
4450.0,2234,14137.941339
4580.0,2367,14144.83084
4650.0,2469,14164.030372
1970.0,1404,14167.375762
4010.0,2246,14173.96458
3820.0,2393,14180.391011
5640.0,2758,14188.327254
4550.0,2414,14194.687139
4110.0,2394,14213.136133
2180.0,1538,14217.491292
2240.0,1492,14221.641176
4530.0,2224,14227.658083
3360.0,2317,14233.910023
4500.0,2431,14240.796168
4890.0,2296,14259.26786
4630.0,2368,14265.63623
4230.0,2409,14272.391596
4050.0,2474,14279.555128
4440.0,2438,14285.993473
4320.0,2447,14305.919074
4020.0,2230,14311.920272
4220.0,2234,14318.347229
2890.0,1614,14322.897387
3730.0,2258,14328.87546
4610.0,2618,14335.574556
5020.0,2530,14354.4259
4610.0,2363,14361.190749
4870.0,2290,14367.359487
2510.0,1402,14371.397606
3400.0,2026,14376.691126
4510.0,2500,14393.530871
4310.0,2229,14399.360679
4110.0,2421,14406.490781
3800.0,2430,14412.900313
3180.0,1827,14417.721144
4310.0,2488,14424.157732
4890.0,2349,14442.039903
3790.0,1400,14445.945617
1890.0,1528,14450.099638
4930.0,2380,14456.887149
4040.0,2511,14463.785153
3950.0,2167,14469.920943
2530.0,1997,14485.527062
4040.0,2255,14492.161248
3240.0,1632,14496.553152
1920.0,1290,14499.780894
2440.0,1717,14504.570617
4080.0,2454,14510.900029
3060.0,1358,14514.706215
4360.0,2360,14533.518314
4250.0,2276,14540.054204
2060.0,1530,14544.094571
3980.0,2211,14549.683903
1810.0,1493,14553.863116
4160.0,2614,14560.620561
4850.0,2498,14580.173506
4630.0,2244,14585.99526
4090.0,2264,14592.045443
2890.0,1863,14596.942932
4760.0,2643,14604.128708
4570.0,2337,14622.380047
3090.0,1865,14627.722928
4590.0,2336,14633.828522
4250.0,2275,14640.813302
4270.0,2234,14646.803949
3970.0,2304,14652.830568
5210.0,2442,14670.519027
4130.0,1998,14675.658504
3770.0,2173,14681.391694
4450.0,2591,14688.413082
4420.0,2230,14694.650056
4830.0,2393,14700.907402
4300.0,2168,14718.82938
4110.0,2217,14725.224823
4700.0,2398,14731.73263
4040.0,2283,14738.436558
3840.0,2316,14744.953465
2470.0,1126,14747.995791
4510.0,2384,14765.631307
4680.0,2443,14772.453564
3660.0,2600,14779.387894
4310.0,2420,14786.084528
3860.0,2370,14792.312538
2180.0,1373,14807.031075
5370.0,2391,14813.275789
5590.0,2525,14820.135011
4010.0,2211,14826.257428
2180.0,1564,14830.624281
4190.0,2543,14837.380647
4530.0,2263,14855.314291
4170.0,2348,14861.449537
4570.0,2436,14867.940345
4290.0,2190,14874.075601
4240.0,2299,14880.676322
4070.0,2187,14899.296651
4670.0,2291,14905.225704
4740.0,2319,14911.445952
4240.0,2383,14917.808732
4700.0,2341,14924.87948
4460.0,2224,14930.978732
4660.0,2355,14949.995023
4170.0,2284,14955.903208
3990.0,2360,14962.718994
3020.0,1340,14966.164331
5300.0,2528,14973.443032
5250.0,2332,14980.186665
4590.0,2448,14999.036543
3810.0,2260,15005.325164
4380.0,2269,15011.526528
2180.0,1591,15015.93924
3700.0,2249,15022.439102
2190.0,2047,15040.667539
4600.0,2389,15047.130244
2780.0,1697,15052.150193
2000.0,1858,15057.057222
4380.0,2538,15064.21287
4320.0,2155,15069.989418
4320.0,2546,15088.472802
6600.0,2707,15095.683837
3840.0,2275,15102.340209
4400.0,2577,15109.637791
4070.0,2341,15115.441728
4640.0,2977,15136.411776
4010.0,2270,15142.791016
5570.0,2425,15150.224692
4770.0,2530,15157.116826
3770.0,1938,15162.571601
5850.0,2344,15168.759092
4510.0,2341,15186.918936
4630.0,2366,15193.578728
3910.0,2385,15200.28012
4670.0,2350,15206.85724
2510.0,1547,15210.858003
2180.0,1549,15214.81403
2210.0,1453,15229.494449
2510.0,1731,15234.821794
3310.0,1621,15239.390186
2080.0,1877,15245.014204
2610.0,1721,15249.665102
4500.0,2703,15256.928462
4700.0,2238,15274.309709
3630.0,2137,15280.680926
4430.0,2157,15286.55803
4600.0,2480,15292.991371
4550.0,2379,15298.926501
4270.0,2175,15304.343916
3960.0,2272,15323.237196
2090.0,1609,15327.633438
3950.0,2416,15334.293929
5790.0,2438,15340.338357
4030.0,2549,15347.054365
2490.0,1441,15351.237604
5310.0,2287,15371.052617
4210.0,2306,15377.265694
4560.0,2429,15383.545099
4220.0,2428,15389.548963
4770.0,2730,15397.411534
5760.0,2573,15417.625468
3130.0,2068,15423.124991
2590.0,1797,15427.978522
5080.0,2389,15434.526226
4170.0,2134,15440.305519
2110.0,1592,15444.762707
4480.0,2325,15462.008135
7200.0,2523,15468.547693
4680.0,2399,15475.125029
3920.0,2302,15481.486225
4020.0,2172,15487.93697
4800.0,2935,15508.639158
4880.0,2371,15514.79064
3800.0,2299,15520.537411
4710.0,2319,15527.094665
4780.0,2681,15534.505865
4460.0,2489,15553.611781
4430.0,2426,15559.822473
7580.0,2507,15566.324144
4220.0,2277,15572.866475
5190.0,2479,15579.361011
4840.0,2616,15586.582447
3480.0,2166,15604.345073
4990.0,2696,15611.698004
4930.0,2533,15618.689884
4870.0,2143,15624.683018
5190.0,2520,15631.919832
3710.0,2130,15649.824873
4420.0,2337,15655.518438
3690.0,2296,15662.532967
4740.0,2531,15669.818668
4040.0,2291,15676.201029
4290.0,2482,15695.425263
4330.0,2433,15702.306217
4150.0,2070,15708.322463
1660.0,1307,15711.633699
4430.0,2223,15718.061198
4150.0,2464,15724.536982
3370.0,1514,15738.858212
4390.0,2278,15745.759211
4300.0,2200,15752.227937
4120.0,2436,15759.245635
4610.0,2296,15765.561267
4060.0,2430,15772.226243
4020.0,2654,15792.025566
4740.0,2368,15799.090782
4590.0,2298,15805.426125
4190.0,2270,15811.421506
4190.0,2145,15817.076177
2480.0,1562,15821.547795
2180.0,1406,15837.286839
4690.0,2384,15843.987443
3840.0,2162,15849.948873
2210.0,1456,15854.017144
4790.0,2494,15860.606455
2170.0,1601,15864.663342
3300.0,1345,15878.981526
4680.0,2511,15886.394805
4930.0,2337,15893.192453
3900.0,2434,15899.508232
2490.0,1583,15903.49233
4390.0,2561,15910.221481
3710.0,2755,15929.609094
1960.0,1459,15933.82777
2520.0,1961,15938.894291
4590.0,2438,15945.538017
3860.0,2210,15951.156035
4100.0,2516,15957.607536
4100.0,2319,15973.219065
3750.0,2273,15979.366637
4590.0,2217,15985.420262
2580.0,2003,15990.584571
4560.0,2457,15996.90849
4030.0,2358,16014.224076
5010.0,2778,16022.390124
1910.0,1755,16027.057574
4710.0,2252,16033.506975
3960.0,2267,16039.176721
3140.0,1410,16042.882611
4830.0,2226,16060.489868
4010.0,2289,16066.409456
3860.0,2134,16072.633401
4100.0,2323,16078.362762
4350.0,2460,16084.555177
4690.0,2341,16090.654534
2070.0,1752,16109.085462
4010.0,2289,16115.44353
2080.0,1698,16119.767896
4110.0,2603,16126.245454
3520.0,1768,16131.131582
4000.0,2808,16138.542332
2160.0,1341,16154.667012
4160.0,2388,16161.256623
3760.0,2181,16166.628986
2090.0,1813,16171.101522
5510.0,2416,16177.805238
5770.0,2225,16183.785093
4030.0,2489,16203.482514
3990.0,2271,16210.205501
4310.0,2354,16216.026846
3710.0,1483,16220.172706
4030.0,2338,16226.376285
1990.0,1406,16230.529978
3820.0,2135,16249.01331
4520.0,2507,16255.721873
4320.0,2570,16262.582133
4280.0,2173,16268.449023
3590.0,1565,16272.673907
4370.0,2640,16293.108361
5070.0,2267,16298.680369
4410.0,2502,16305.080974
6120.0,2454,16311.843522
4390.0,2226,16317.787344
4610.0,2333,16323.872436
1980.0,1493,16340.223081
4070.0,2605,16347.060207
4860.0,3000,16355.21781
4050.0,2205,16361.169556
2090.0,1574,16365.500571
5670.0,2427,16383.124404
2170.0,1682,16387.439435
2190.0,1698,16391.73083
4330.0,2393,16398.675317
2170.0,1433,16402.767413
4040.0,2390,16409.056896
2180.0,1608,16414.271886
2660.0,1662,16431.60528
2190.0,1537,16435.605356
4530.0,2456,16441.948986
4190.0,2438,16448.833248
4530.0,2319,16455.642243
3990.0,2220,16461.639072
4100.0,2525,16480.355874
5100.0,2455,16487.210048
4790.0,2381,16493.640745
3290.0,1553,16498.113538
2130.0,1665,16502.78114
4680.0,2521,16509.356352
4040.0,2319,16528.421606
4220.0,2292,16534.649284
4190.0,2201,16540.624194
4000.0,2271,16547.054976
4470.0,2394,16553.271916
2170.0,1497,16557.405201
5710.0,2577,16576.4829
1830.0,1637,16581.301292
4190.0,2424,16588.748211
4790.0,2894,16596.513065
1870.0,1356,16599.837706
4290.0,2626,16619.379336
4540.0,2549,16626.451428
4750.0,2308,16632.985489
4050.0,2447,16639.314542
1670.0,1305,16642.382994
3630.0,2435,16649.211971
4020.0,2390,16667.390323
4110.0,2962,16675.569313
2470.0,1811,16680.388187
2070.0,1603,16684.702871
3690.0,2215,16690.468594
5040.0,2670,16697.095969
4090.0,2500,16716.990989
4070.0,2367,16723.471595
4600.0,2391,16729.607492
3280.0,1629,16733.884554
4120.0,2158,16739.668042
5000.0,2324,16756.018491
3710.0,2284,16761.884613
4420.0,2438,16768.357894
4840.0,2350,16775.036208
4650.0,2377,16780.867053
1970.0,1502,16784.868929
1970.0,1673,16800.480429
5160.0,2386,16806.816186
4200.0,2226,16812.349263
6150.0,2517,16818.717447
4370.0,2213,16824.344834
3940.0,2179,16830.256937
4310.0,2382,16847.339884
4070.0,2297,16853.367536
4660.0,2424,16859.14714
4230.0,2372,16865.209802
5260.0,2368,16871.399885
4570.0,2511,16889.197373
4500.0,2321,16895.270589
4860.0,2391,16902.280437
3920.0,2291,16908.523278
3680.0,2270,16914.743534
4370.0,2830,16934.917049
3730.0,2341,16941.208704
5470.0,2198,16947.694532
2050.0,1644,16952.117726
2190.0,2138,16958.111133
5250.0,2491,16964.75347
4590.0,2274,16982.189695
4030.0,2337,16988.555981
2190.0,1617,16992.53206
4160.0,2240,16998.194064
4030.0,2378,17004.474429
4400.0,2417,17010.440922
4430.0,2237,17027.647599
3640.0,2001,17032.959752
4150.0,2409,17038.849599
4040.0,2288,17044.799126
4420.0,1995,17049.792456
7210.0,2525,17066.442879
4020.0,2688,17074.016777
6400.0,2270,17079.970969
4890.0,2397,17086.360702
5610.0,2292,17092.108359
2180.0,1559,17096.338637
4650.0,2430,17114.879665
4270.0,2256,17120.957441
4610.0,2333,17127.532472
4850.0,2283,17133.783468
2480.0,1523,17137.942188
1980.0,1610,17142.320907
3960.0,2343,17158.231479
3810.0,2267,17163.726173
4610.0,2345,17169.68224
4330.0,2364,17175.560141
4630.0,2366,17181.979714
4710.0,2343,17199.281326
3790.0,2116,17204.183931
4510.0,2488,17210.344914
4910.0,2258,17216.269435
3870.0,2090,17221.429308
5340.0,2224,17226.698217
4770.0,2307,17243.405679
4640.0,2395,17249.561243
1320.0,1065,17252.223526
4760.0,2785,17259.005927
4950.0,2346,17264.930156
3780.0,2259,17270.271872
3710.0,2274,17286.853579
4780.0,2432,17292.589318
3290.0,1258,17295.91255
4130.0,2620,17302.435771
4160.0,2387,17308.473676
3380.0,1623,17312.332103
4340.0,2717,17330.744456
4250.0,2425,17336.805274
5950.0,2532,17343.382304
4400.0,2181,17348.74443
4560.0,2260,17354.420588
5470.0,2276,17370.593009
4340.0,2593,17377.08429
4600.0,2335,17382.575115
2040.0,1652,17386.534668
4280.0,2566,17393.083226
4230.0,2233,17398.54357
4460.0,2350,17414.622876
4190.0,2347,17420.682068
4500.0,2222,17425.983739
2280.0,1370,17429.003841
2480.0,1768,17433.571443
4070.0,2279,17438.640979
4920.0,2241,17454.508356
4050.0,2266,17460.060242
2150.0,1832,17464.725161
2090.0,1410,17467.828758
2440.0,1382,17471.350297
4360.0,2297,17476.530944
4300.0,2343,17492.764725
4010.0,2308,17498.157005
4630.0,2332,17504.033987
4380.0,2787,17510.591291
4090.0,2481,17516.422238
4210.0,2356,17533.711333
4300.0,2259,17539.052757
4500.0,2247,17544.359276
5320.0,2560,17550.53994
3980.0,2478,17556.304032
4430.0,2402,17562.180602
4590.0,2385,17579.461618
4470.0,2407,17585.606716
4000.0,2223,17590.722493
2600.0,1508,17594.182182
5800.0,2211,17599.15522
3400.0,2174,17604.805593
2470.0,1565,17619.771249
4040.0,2377,17625.58204
4690.0,2649,17631.81809
1860.0,1599,17635.877284
2080.0,1442,17638.795286
4450.0,2280,17644.564184
4520.0,2331,17660.077878
2580.0,1723,17664.614183
4020.0,2023,17669.207709
4560.0,2302,17674.751762
2570.0,1454,17678.143558
2120.0,1370,17681.125325
4670.0,2443,17687.233764
