#{"t_start": 1678144005.2507575, "env_id": "MsPacman-v4"}
r,l,t
360.0,949,13.956454
380.0,641,15.549227
460.0,686,16.848439
290.0,653,18.126859
440.0,687,19.449698
650.0,846,21.465846
360.0,851,23.41493
610.0,709,24.753221
380.0,717,26.040995
640.0,863,27.84656
440.0,773,29.206646
300.0,547,30.301418
340.0,706,31.933438
770.0,864,33.456988
710.0,913,35.333204
280.0,699,36.629785
1770.0,966,42.140359
280.0,646,43.371992
510.0,777,45.069131
460.0,836,46.513172
220.0,478,47.530167
330.0,738,49.385685
410.0,866,50.975711
390.0,723,52.646007
200.0,596,53.786721
570.0,840,55.615775
250.0,664,56.883712
560.0,959,58.857732
330.0,661,60.107912
410.0,802,61.578826
210.0,463,62.564335
240.0,477,63.527785
820.0,964,65.541581
310.0,605,66.749202
320.0,650,71.490882
280.0,591,72.708777
380.0,649,74.331216
290.0,608,75.557228
320.0,551,76.681757
650.0,1194,79.398387
350.0,649,80.851449
550.0,808,82.971102
510.0,671,84.314664
360.0,584,85.445369
280.0,609,86.666961
270.0,701,88.384673
310.0,567,89.572217
760.0,1010,91.736821
320.0,451,92.777202
580.0,683,94.143285
500.0,733,95.578234
480.0,931,97.706389
480.0,791,99.588756
320.0,734,104.787687
160.0,458,105.877753
130.0,466,106.956439
410.0,700,108.414991
440.0,683,109.784086
330.0,549,111.030608
320.0,565,112.142611
740.0,851,114.039332
660.0,773,116.017957
340.0,905,117.896811
480.0,686,119.668195
860.0,874,121.303014
750.0,894,123.458835
1620.0,1252,126.471331
640.0,828,128.758136
1090.0,752,130.397207
700.0,895,132.568035
510.0,1070,138.700986
540.0,776,140.364036
80.0,406,141.274313
750.0,993,143.568973
540.0,837,145.692574
950.0,891,147.486077
490.0,1014,149.872025
500.0,739,151.778889
870.0,1036,154.422382
1010.0,1194,157.446126
760.0,660,158.852371
1490.0,1558,162.10099
220.0,404,163.071975
890.0,1071,165.396786
450.0,701,170.703452
860.0,863,172.730561
1100.0,979,174.965043
1290.0,1210,177.478495
570.0,791,179.369457
1300.0,995,181.747102
460.0,620,183.106249
310.0,495,184.199491
1370.0,987,186.460896
1300.0,945,188.367744
1270.0,1006,190.733572
1320.0,1164,193.646749
480.0,797,195.262227
540.0,712,196.781643
750.0,791,198.86668
350.0,919,204.528632
350.0,485,205.785688
470.0,721,207.504439
650.0,795,209.214866
770.0,876,211.615
500.0,875,213.978966
530.0,1192,216.961247
100.0,426,218.042668
710.0,845,220.385677
1060.0,1044,223.083382
870.0,1362,226.315499
500.0,843,228.42477
1070.0,1075,230.922428
1100.0,1045,233.339859
870.0,1080,240.688391
980.0,1244,243.250516
1230.0,1158,245.789224
500.0,679,247.541121
1080.0,1271,250.480995
310.0,671,252.02857
830.0,1115,255.080704
450.0,848,256.954431
630.0,724,258.901096
400.0,807,260.618607
410.0,579,261.936955
1080.0,997,264.379514
540.0,806,266.434302
500.0,673,267.927505
880.0,1135,274.597295
530.0,907,276.958214
1470.0,1219,279.776755
530.0,568,280.978899
970.0,773,282.944365
3680.0,935,284.868971
480.0,671,286.630427
530.0,813,288.280693
680.0,1090,290.737481
690.0,991,293.152806
510.0,663,295.070552
530.0,799,296.782649
1370.0,1170,299.646731
570.0,834,301.916003
1260.0,872,308.868956
970.0,1063,311.516188
930.0,982,313.675999
530.0,691,315.491865
1010.0,1117,318.125883
1320.0,1182,320.676818
340.0,601,321.89494
810.0,771,323.833045
540.0,988,326.246953
510.0,829,327.855413
700.0,801,329.716425
710.0,982,331.834126
610.0,916,333.672313
620.0,978,336.00732
880.0,862,342.241002
590.0,902,344.573594
880.0,1119,347.239089
390.0,484,348.51479
470.0,654,349.946965
470.0,707,351.520094
350.0,559,352.862948
500.0,876,355.226778
450.0,693,356.810827
800.0,851,358.816931
850.0,861,360.847671
690.0,837,362.479106
570.0,922,364.747407
1130.0,1142,367.402263
970.0,804,369.500476
520.0,827,371.082345
600.0,839,376.736716
650.0,769,378.454818
760.0,804,380.714859
510.0,676,382.356337
480.0,613,383.868724
2110.0,1046,386.437403
750.0,923,388.783302
300.0,788,390.557588
1050.0,967,392.898402
1270.0,1299,396.247422
980.0,834,397.970948
850.0,1322,401.005999
630.0,751,402.510993
1340.0,1059,404.95823
770.0,1011,411.644688
560.0,848,413.717177
500.0,964,415.967164
500.0,697,417.527873
1100.0,839,419.62983
410.0,545,420.932502
480.0,722,422.512639
890.0,840,424.645107
540.0,814,426.511681
710.0,835,428.803468
660.0,835,430.649786
1000.0,1305,434.017487
390.0,557,435.369019
1170.0,1210,438.280968
940.0,971,440.601899
1510.0,824,446.267224
760.0,844,448.060415
390.0,658,449.968376
170.0,566,451.267715
160.0,649,452.735976
350.0,547,453.947788
690.0,905,456.067516
1390.0,1064,458.471013
840.0,1180,461.193042
270.0,585,462.540438
830.0,942,464.862041
640.0,894,467.134655
560.0,773,468.871038
1240.0,1003,471.49343
740.0,793,473.204601
360.0,622,475.037316
750.0,1252,480.96222
670.0,835,482.955281
200.0,531,484.241174
310.0,635,485.731636
140.0,351,486.388638
500.0,1057,489.047046
400.0,727,490.890316
820.0,1038,493.363903
1820.0,783,495.123564
400.0,553,496.315384
850.0,1234,499.481558
610.0,829,501.166156
680.0,731,503.111146
440.0,793,504.901047
430.0,646,506.359985
650.0,888,508.588815
190.0,723,514.207878
510.0,773,516.179953
430.0,818,517.855633
370.0,689,519.595991
1170.0,1900,523.726542
780.0,1049,526.200304
660.0,889,528.403089
720.0,1032,530.85226
760.0,1121,533.475708
430.0,702,535.399631
410.0,707,536.889322
600.0,758,538.428048
330.0,596,539.668442
420.0,569,541.298702
780.0,869,547.321084
570.0,820,549.485159
520.0,836,551.227262
380.0,641,552.953233
1090.0,946,554.970311
1170.0,1231,558.235713
500.0,630,559.607374
590.0,930,561.718343
590.0,903,563.58384
1130.0,936,565.883677
220.0,451,567.021933
440.0,747,568.888189
610.0,868,570.558818
930.0,1044,572.832095
980.0,968,575.173599
390.0,635,576.690602
400.0,544,581.104322
460.0,615,582.392935
500.0,701,584.287685
780.0,859,586.073251
980.0,1155,589.211656
560.0,797,590.942936
610.0,788,592.954996
740.0,906,594.817168
440.0,728,596.841884
610.0,908,598.741109
530.0,801,600.975702
690.0,724,602.692223
500.0,696,604.64589
550.0,910,606.546283
570.0,761,608.585864
820.0,1037,611.09207
730.0,843,616.702459
1000.0,1016,618.764313
370.0,638,620.455168
1070.0,866,622.162096
330.0,440,623.226028
540.0,779,625.310834
390.0,863,627.288738
580.0,775,629.334042
590.0,903,631.331631
190.0,522,632.545247
640.0,740,634.556075
540.0,786,636.273879
1090.0,1065,638.573274
520.0,764,640.528291
450.0,741,642.145813
500.0,828,644.301437
650.0,876,649.834496
360.0,471,650.616413
500.0,779,652.691978
1890.0,881,654.97186
410.0,605,656.356233
500.0,639,657.82394
610.0,691,659.286776
630.0,926,661.512632
550.0,729,663.153514
420.0,593,664.495436
380.0,670,666.40627
240.0,443,667.16608
540.0,978,669.487051
900.0,842,671.607071
250.0,592,673.035105
130.0,498,674.225572
580.0,840,676.327429
850.0,880,678.082695
740.0,1137,685.313641
310.0,604,687.115916
450.0,699,688.616477
440.0,595,690.013362
1370.0,1087,692.606434
540.0,751,694.599707
440.0,722,696.211086
750.0,726,697.761922
410.0,1025,700.116318
530.0,729,701.91293
870.0,1147,704.420649
380.0,598,705.761466
370.0,614,707.158125
380.0,548,708.424255
430.0,731,710.372485
350.0,757,712.066713
320.0,665,717.520846
480.0,663,718.905654
460.0,694,720.747641
1090.0,886,722.654721
440.0,566,724.308272
690.0,761,725.995227
880.0,938,728.28175
400.0,592,729.622082
410.0,694,731.170174
620.0,971,733.67767
450.0,769,735.745119
2160.0,1070,738.278028
710.0,887,740.118868
1240.0,1278,743.15922
440.0,820,744.730755
340.0,646,746.458489
1240.0,1003,752.420392
430.0,643,754.24574
480.0,677,755.667301
990.0,1218,758.327677
970.0,925,760.59128
680.0,897,762.77721
990.0,1469,766.26725
650.0,810,767.940131
940.0,1030,770.306463
370.0,660,771.687553
280.0,591,773.08192
720.0,793,775.1929
610.0,855,777.342153
460.0,919,779.320082
580.0,827,781.519179
1210.0,844,787.656179
500.0,592,788.990639
420.0,731,790.584372
550.0,1037,793.139089
450.0,635,794.560532
600.0,896,796.563448
470.0,672,797.983505
910.0,929,800.255183
440.0,869,802.456828
270.0,599,803.819621
330.0,611,805.200091
790.0,973,807.529293
1180.0,846,809.311664
940.0,1188,812.396329
400.0,763,814.036876
890.0,856,820.465266
550.0,992,822.838566
490.0,737,824.39645
860.0,1026,826.816935
530.0,856,828.5769
490.0,790,830.608263
750.0,948,832.873949
750.0,1152,835.414086
730.0,872,837.572186
610.0,863,839.272167
950.0,1045,841.766098
870.0,924,844.037448
470.0,920,846.290127
410.0,661,847.775625
170.0,424,848.881532
1200.0,801,854.718054
850.0,873,857.002986
560.0,869,859.200495
1000.0,1038,861.723345
1500.0,1326,864.825892
580.0,1076,867.229426
1200.0,1363,870.497972
320.0,619,871.867725
950.0,966,874.20195
810.0,881,876.26176
770.0,923,878.117462
670.0,818,880.245786
1070.0,1040,882.79534
340.0,609,884.280617
650.0,696,889.884415
720.0,864,892.04994
840.0,925,894.385402
480.0,628,895.859431
930.0,1043,898.384216
480.0,672,899.833707
1020.0,1015,902.466702
880.0,1041,905.09749
920.0,1138,907.79641
1140.0,922,910.018142
440.0,932,912.297541
770.0,710,913.846635
820.0,816,915.773054
890.0,590,917.110872
690.0,1041,924.910429
880.0,1002,927.384099
450.0,790,929.063812
710.0,732,930.684596
720.0,778,932.666301
510.0,709,934.182
610.0,797,936.329772
1130.0,916,938.61202
1240.0,842,940.438447
2120.0,1216,943.13949
210.0,447,944.313956
450.0,1022,946.893281
750.0,1025,949.188961
470.0,1140,951.873117
550.0,771,953.905705
680.0,729,959.326829
510.0,848,961.487319
820.0,887,963.693582
750.0,1149,966.306122
1220.0,834,968.19533
590.0,857,970.3865
1030.0,789,972.087838
760.0,1160,975.165408
730.0,891,977.050764
850.0,1173,980.125925
640.0,904,981.983029
1250.0,1107,984.993714
790.0,1080,987.643883
910.0,1262,994.470194
620.0,765,995.964987
990.0,1048,998.67914
510.0,625,1000.108325
790.0,845,1001.879782
570.0,917,1004.155247
400.0,660,1005.649257
630.0,740,1007.673953
1320.0,1291,1010.658998
650.0,980,1013.047818
660.0,868,1015.364068
650.0,728,1017.069068
170.0,351,1018.108058
450.0,702,1019.661312
620.0,924,1021.966764
780.0,744,1023.639473
530.0,851,1029.987586
550.0,669,1031.536389
1220.0,1265,1034.458693
480.0,919,1036.229604
970.0,1173,1039.181448
1670.0,833,1040.955431
1540.0,938,1043.223032
1330.0,1164,1045.96145
2080.0,1214,1049.02261
820.0,882,1050.857646
540.0,1141,1053.471697
350.0,542,1054.716894
1110.0,648,1056.583607
1030.0,785,1058.243306
560.0,871,1065.897196
770.0,1303,1068.989831
420.0,729,1070.830769
530.0,569,1072.035832
550.0,706,1073.356182
530.0,842,1075.299329
390.0,1104,1077.793651
400.0,678,1079.291289
370.0,512,1080.506704
660.0,765,1082.201445
940.0,1078,1084.813006
450.0,718,1086.791785
570.0,699,1088.35117
1050.0,1226,1091.471652
890.0,1040,1093.983803
490.0,852,1099.167776
400.0,612,1100.688339
610.0,669,1102.540571
790.0,850,1104.286997
740.0,886,1106.437173
1230.0,937,1108.830998
630.0,733,1110.437316
900.0,1002,1112.61026
500.0,767,1114.106884
690.0,937,1116.341748
480.0,656,1118.173144
780.0,878,1119.92269
300.0,564,1121.232252
900.0,998,1123.737105
410.0,565,1125.053077
510.0,675,1126.955083
740.0,844,1132.215677
1240.0,960,1134.619172
670.0,796,1136.369106
670.0,748,1138.359042
720.0,821,1140.467871
530.0,597,1141.828419
650.0,670,1143.347622
510.0,909,1145.59665
450.0,629,1147.108709
680.0,883,1149.445269
970.0,1054,1151.854547
1040.0,923,1153.558352
1170.0,706,1155.404128
730.0,963,1157.808772
1370.0,978,1159.839049
540.0,675,1165.261861
630.0,861,1167.212205
450.0,676,1169.03265
840.0,1059,1171.572768
650.0,953,1173.55235
560.0,757,1175.565782
610.0,802,1177.356746
490.0,681,1179.191861
510.0,737,1180.832838
720.0,879,1183.072873
390.0,770,1184.772544
1310.0,853,1187.056054
470.0,695,1188.599748
570.0,736,1190.507567
780.0,990,1192.338194
820.0,950,1194.48363
650.0,748,1199.251696
1040.0,984,1201.549314
1080.0,1096,1204.094449
360.0,573,1205.446576
780.0,787,1207.114623
1030.0,869,1209.271066
870.0,889,1211.603695
420.0,790,1213.291261
370.0,555,1214.582686
470.0,612,1215.975449
920.0,1009,1218.37603
230.0,587,1219.746483
370.0,666,1221.208431
450.0,811,1223.274093
540.0,900,1225.597816
820.0,816,1227.307722
440.0,756,1232.651923
850.0,890,1234.390583
900.0,992,1236.624387
720.0,733,1238.569374
1160.0,871,1240.396791
1100.0,883,1242.645365
670.0,780,1244.783763
900.0,1087,1247.365103
610.0,782,1249.05593
1410.0,1282,1252.40904
1010.0,1262,1255.213638
430.0,666,1256.809851
740.0,893,1259.028243
660.0,733,1260.651255
480.0,667,1262.580999
540.0,615,1268.477118
910.0,902,1270.314404
580.0,900,1272.347837
680.0,733,1273.90949
1610.0,1131,1276.913452
1430.0,1133,1279.365356
1510.0,1552,1283.207167
900.0,1215,1285.932392
500.0,809,1288.002841
1340.0,1317,1290.949117
490.0,764,1293.013063
530.0,752,1294.682253
530.0,704,1296.197416
500.0,711,1302.093549
1430.0,1004,1304.495372
710.0,1019,1306.977124
460.0,719,1308.53151
440.0,548,1309.748104
1940.0,1517,1313.210953
620.0,726,1314.793584
760.0,807,1316.731729
330.0,604,1318.034418
250.0,537,1319.294223
940.0,871,1321.555814
560.0,989,1323.449956
370.0,625,1325.093491
970.0,1050,1327.570451
210.0,479,1328.397058
290.0,701,1330.330448
700.0,962,1336.213216
370.0,508,1337.439313
370.0,693,1338.992705
580.0,789,1340.597829
1750.0,1127,1343.635574
550.0,730,1345.267156
450.0,576,1346.647123
230.0,669,1348.250111
710.0,962,1350.690474
1130.0,1088,1353.213682
450.0,643,1354.588709
480.0,703,1356.416249
390.0,638,1357.868269
330.0,513,1359.059774
460.0,557,1360.331669
1340.0,888,1362.722044
1130.0,1319,1370.337971
1410.0,892,1372.581045
1080.0,1087,1375.358541
1470.0,1179,1378.169067
450.0,737,1380.069206
670.0,723,1381.637505
460.0,658,1383.107369
800.0,1035,1385.575455
550.0,643,1387.060102
920.0,1220,1390.206435
360.0,753,1391.717409
300.0,571,1393.000132
490.0,615,1394.410687
770.0,990,1396.673232
1000.0,963,1398.815695
680.0,993,1405.165268
1350.0,932,1407.493942
880.0,961,1409.893953
550.0,698,1411.451775
430.0,952,1413.852008
440.0,646,1415.295962
1000.0,1190,1417.988587
1580.0,1029,1420.519199
820.0,713,1422.515186
400.0,554,1423.795534
500.0,661,1425.335001
890.0,848,1427.586434
450.0,587,1428.839497
790.0,998,1431.102679
570.0,771,1432.615777
800.0,777,1434.245754
370.0,641,1440.637059
320.0,713,1442.148694
1110.0,1062,1444.652757
880.0,902,1447.009335
600.0,729,1448.688597
1360.0,1573,1452.521214
620.0,663,1454.010902
1330.0,1177,1457.121851
300.0,625,1458.584242
650.0,728,1460.205662
1290.0,917,1462.473579
780.0,959,1464.782477
1430.0,1148,1467.421596
1160.0,1127,1470.052242
670.0,888,1476.640643
380.0,742,1478.232024
770.0,1145,1480.683756
340.0,869,1482.741738
400.0,598,1484.109547
830.0,866,1486.380743
1030.0,813,1488.223366
540.0,724,1490.193373
740.0,902,1492.149681
730.0,760,1494.148696
340.0,678,1495.628245
710.0,765,1497.607748
610.0,978,1499.563666
640.0,835,1501.762161
910.0,828,1503.879023
680.0,811,1509.788695
420.0,821,1511.777656
800.0,825,1513.548968
460.0,882,1515.725989
1040.0,1187,1518.415738
710.0,877,1520.50514
350.0,994,1522.696384
1850.0,802,1524.260873
270.0,548,1525.449742
2010.0,907,1527.747825
880.0,1078,1530.309785
320.0,876,1532.521484
890.0,980,1534.901643
580.0,727,1536.513011
810.0,824,1538.601218
440.0,860,1545.326123
240.0,519,1546.587074
1260.0,1361,1549.762232
1300.0,1126,1552.231006
950.0,978,1554.572227
470.0,564,1555.825026
700.0,822,1557.608642
860.0,929,1559.883034
1010.0,901,1562.018777
460.0,771,1563.517615
790.0,1114,1566.280023
240.0,412,1566.967098
970.0,819,1569.070453
950.0,933,1571.373781
1630.0,1121,1577.97719
740.0,999,1580.343583
390.0,735,1581.985694
1080.0,933,1584.297198
510.0,632,1585.727941
760.0,1111,1588.239426
570.0,709,1590.140469
810.0,652,1591.547714
520.0,1003,1593.943048
950.0,1374,1596.985312
500.0,754,1598.877082
910.0,1018,1601.28034
850.0,779,1602.890661
650.0,818,1604.836497
570.0,854,1606.541423
550.0,773,1612.381934
560.0,815,1614.160024
490.0,689,1615.973211
1140.0,1018,1618.41661
760.0,848,1620.28422
450.0,580,1621.604272
450.0,741,1623.542919
790.0,922,1625.532822
450.0,649,1627.340097
970.0,1180,1630.150638
870.0,771,1631.902137
920.0,850,1634.1673
830.0,798,1635.889784
640.0,896,1638.196481
1180.0,901,1640.526812
810.0,871,1646.111285
740.0,969,1648.640939
820.0,780,1650.734457
690.0,873,1652.603152
600.0,853,1654.74739
400.0,667,1656.259362
600.0,914,1658.501554
320.0,501,1659.733656
870.0,812,1661.778972
710.0,1000,1664.191813
500.0,852,1665.898413
940.0,809,1667.799508
890.0,922,1669.652512
370.0,608,1671.373659
560.0,877,1673.188934
1640.0,1324,1676.646315
680.0,1035,1683.32049
640.0,989,1685.672884
970.0,1413,1688.64608
1140.0,805,1690.807623
570.0,699,1692.340298
460.0,728,1694.358579
650.0,1074,1696.946744
1360.0,1418,1700.031412
320.0,524,1701.264002
1400.0,991,1703.677
920.0,1187,1706.567041
430.0,869,1708.257801
2760.0,1377,1715.399742
450.0,716,1717.00796
1270.0,964,1719.491403
710.0,661,1721.140357
1020.0,691,1723.047483
650.0,826,1724.867776
510.0,748,1726.913865
1010.0,909,1728.773718
1010.0,1024,1731.271568
660.0,893,1733.65367
1080.0,1072,1736.368876
490.0,615,1737.835157
540.0,758,1739.901754
370.0,568,1741.219747
770.0,1155,1743.860676
790.0,1039,1749.983955
770.0,914,1752.242418
320.0,695,1753.700955
460.0,680,1755.174354
620.0,968,1757.531586
360.0,609,1758.880818
1770.0,979,1761.289039
280.0,540,1762.552982
760.0,901,1764.780536
1100.0,1117,1767.188434
630.0,787,1768.771042
810.0,827,1770.819011
950.0,1088,1773.488456
770.0,991,1775.899373
470.0,657,1777.406602
370.0,928,1783.591572
500.0,794,1785.581242
300.0,673,1786.930511
1040.0,1332,1789.770863
1460.0,1050,1792.276179
270.0,508,1793.498161
820.0,788,1795.554576
520.0,661,1796.986255
1510.0,1027,1799.472405
310.0,576,1800.774306
720.0,924,1803.165379
500.0,705,1804.74136
1050.0,1220,1807.832587
380.0,716,1809.283123
730.0,833,1810.931077
810.0,895,1813.16144
1080.0,1018,1819.671326
530.0,685,1821.211759
840.0,1227,1824.389958
350.0,498,1825.533012
1100.0,983,1827.916734
830.0,912,1829.95227
750.0,872,1832.219763
800.0,965,1834.674268
1060.0,1131,1837.319194
1140.0,797,1839.38469
730.0,1007,1841.441418
500.0,626,1843.306787
620.0,1049,1845.92011
410.0,803,1847.656399
380.0,777,1853.385841
560.0,794,1855.122578
730.0,707,1856.671143
320.0,550,1857.978891
900.0,847,1860.122356
1360.0,1114,1862.611332
340.0,560,1863.791266
750.0,825,1865.830603
750.0,1104,1868.388496
1270.0,1200,1871.180324
2280.0,1279,1874.559562
2380.0,1073,1877.122415
720.0,810,1878.907303
1050.0,1380,1882.478011
440.0,722,1887.679508
1090.0,865,1889.722074
980.0,848,1891.360188
720.0,860,1893.298724
240.0,434,1894.349071
990.0,1392,1897.809478
630.0,852,1899.619182
1050.0,1077,1901.953844
530.0,660,1903.614823
550.0,745,1905.127852
540.0,742,1906.77171
670.0,880,1908.888696
540.0,788,1910.918906
430.0,654,1912.426533
710.0,793,1914.170431
770.0,847,1920.629267
750.0,900,1922.951878
110.0,534,1924.192017
1580.0,1272,1927.160501
520.0,840,1929.292699
530.0,749,1930.782141
650.0,853,1932.812778
530.0,794,1934.482103
770.0,806,1936.604686
2010.0,999,1939.001021
730.0,832,1940.792339
510.0,605,1942.168907
970.0,787,1944.120204
540.0,628,1945.532953
580.0,915,1947.83188
790.0,883,1949.698876
660.0,733,1955.611832
820.0,923,1957.556291
1000.0,1327,1960.933107
1260.0,1212,1963.896795
2040.0,1015,1966.403695
430.0,678,1968.308662
1630.0,1211,1971.144038
860.0,973,1973.52835
960.0,1395,1976.647435
420.0,801,1978.720405
1420.0,1164,1981.30416
790.0,1138,1983.941592
540.0,697,1989.440757
2750.0,1352,1992.360978
1070.0,1105,1994.869507
1080.0,963,1997.21286
300.0,684,1999.080437
600.0,907,2000.989092
320.0,651,2002.755301
280.0,499,2003.591696
400.0,660,2005.405429
350.0,626,2006.834571
680.0,992,2009.248001
720.0,915,2011.461473
820.0,798,2013.023644
630.0,683,2014.378254
1020.0,912,2016.646828
2270.0,1092,2023.361024
790.0,783,2025.453003
1720.0,1355,2028.678806
530.0,815,2030.910604
480.0,675,2032.524073
930.0,869,2034.712044
540.0,903,2036.711198
260.0,557,2037.990894
410.0,615,2039.801393
810.0,916,2041.754385
310.0,606,2043.096527
620.0,775,2045.188251
880.0,1045,2047.642058
880.0,798,2049.455633
250.0,665,2051.347969
230.0,796,2052.938398
740.0,921,2058.496199
1040.0,1156,2061.072226
340.0,734,2062.957595
780.0,886,2064.70667
560.0,797,2066.701922
870.0,1398,2069.888049
780.0,1231,2073.224488
590.0,1005,2075.594699
950.0,893,2077.444799
1020.0,1355,2080.7448
520.0,793,2082.788826
730.0,736,2084.390717
1350.0,1160,2087.133803
770.0,1104,2093.706258
980.0,1135,2096.191669
500.0,920,2098.43338
910.0,908,2100.566712
540.0,969,2102.846644
760.0,1264,2105.592578
970.0,1008,2108.068692
620.0,847,2110.192775
700.0,744,2111.809035
500.0,650,2113.284226
1290.0,951,2115.635909
250.0,574,2116.914997
780.0,855,2119.068649
450.0,627,2120.510003
1630.0,1242,2127.563622
700.0,987,2129.57359
480.0,707,2131.487841
770.0,1260,2134.320591
670.0,675,2135.79258
400.0,570,2137.320626
870.0,978,2139.221447
350.0,725,2141.033874
710.0,962,2143.272415
2650.0,1745,2147.323897
740.0,895,2149.621721
740.0,1269,2152.384861
680.0,784,2154.398127
560.0,1070,2161.570967
850.0,753,2163.213154
460.0,710,2164.789334
810.0,963,2167.267709
890.0,900,2169.63557
710.0,768,2171.351362
430.0,655,2173.193548
380.0,747,2174.855878
760.0,823,2176.882368
300.0,827,2178.546359
1350.0,1368,2181.821614
1690.0,1584,2185.571646
580.0,792,2187.309081
1080.0,1241,2190.535781
750.0,1088,2197.623569
280.0,905,2199.8669
800.0,903,2201.807422
450.0,700,2203.761365
1270.0,916,2205.665951
2260.0,1365,2209.046902
850.0,1185,2211.730579
530.0,782,2213.681658
860.0,1027,2215.927608
620.0,860,2217.573465
490.0,848,2219.573291
440.0,824,2221.252898
880.0,1056,2224.081152
800.0,710,2229.777142
1080.0,1108,2232.368261
480.0,879,2234.61225
780.0,851,2236.464583
1080.0,1278,2239.711833
510.0,674,2241.220729
870.0,974,2243.632772
340.0,508,2244.943474
810.0,699,2246.51621
450.0,574,2247.837615
550.0,954,2250.213076
620.0,775,2252.297238
870.0,1106,2254.838493
1270.0,985,2257.168636
780.0,930,2258.982779
760.0,869,2265.813016
750.0,862,2267.996431
920.0,1019,2270.355186
420.0,695,2271.903813
270.0,646,2273.368815
750.0,825,2275.47986
1020.0,1099,2278.054526
780.0,893,2279.986822
500.0,659,2281.890445
1440.0,1223,2284.716502
930.0,864,2286.8543
1380.0,1094,2289.420375
1010.0,964,2291.780531
540.0,741,2293.386113
600.0,756,2299.140061
780.0,916,2301.417157
890.0,904,2303.771345
810.0,839,2305.859637
760.0,849,2307.656187
790.0,828,2309.760392
400.0,662,2311.208763
390.0,519,2312.546677
480.0,996,2315.046309
430.0,536,2316.304208
540.0,825,2318.025699
1230.0,1031,2320.458642
690.0,802,2322.463597
1050.0,1428,2325.928239
590.0,892,2327.751365
1210.0,877,2334.187722
530.0,799,2336.190448
1010.0,1563,2339.546169
1010.0,1032,2341.914761
520.0,800,2343.581922
800.0,920,2345.891124
720.0,759,2347.595591
540.0,899,2349.845335
660.0,756,2351.454389
610.0,955,2353.729581
270.0,595,2355.182154
720.0,1010,2357.69829
640.0,862,2359.964205
600.0,852,2361.798878
1340.0,938,2368.478633
830.0,824,2370.531502
500.0,852,2372.269945
370.0,452,2373.375548
620.0,878,2375.486755
460.0,705,2376.900464
1020.0,928,2379.007983
510.0,811,2381.034277
580.0,851,2382.906147
460.0,640,2384.439544
590.0,767,2386.556437
470.0,691,2388.225325
750.0,890,2390.539092
830.0,1175,2393.11593
450.0,777,2395.295163
780.0,1133,2397.945752
620.0,993,2405.155832
650.0,921,2407.04082
800.0,1017,2409.574042
520.0,619,2411.088209
500.0,626,2412.942812
500.0,764,2414.617295
860.0,1464,2418.073804
510.0,735,2419.494368
380.0,533,2420.568863
750.0,862,2422.558437
960.0,851,2424.602165
200.0,492,2425.490005
1040.0,771,2427.533671
860.0,906,2429.822975
670.0,1014,2432.227419
500.0,662,2433.674225
520.0,929,2440.514342
580.0,629,2442.012603
1090.0,1033,2444.479745
710.0,857,2446.295449
540.0,774,2448.362661
910.0,1087,2450.907945
850.0,835,2452.656448
460.0,749,2454.653283
1010.0,1218,2457.400661
670.0,931,2459.451002
470.0,693,2460.831126
870.0,827,2462.836762
1000.0,894,2465.0168
720.0,1071,2467.519632
610.0,889,2473.822296
930.0,970,2476.1906
390.0,750,2478.119812
540.0,688,2479.624892
700.0,789,2481.637326
470.0,850,2483.559512
970.0,942,2485.925691
600.0,717,2487.572316
790.0,851,2489.795751
650.0,725,2491.4166
1430.0,1139,2494.048316
980.0,965,2496.420763
680.0,749,2498.264739
1090.0,1253,2500.909259
650.0,875,2503.038648
1310.0,978,2509.32776
800.0,944,2511.298639
470.0,616,2512.630845
1650.0,1218,2515.706234
350.0,763,2517.332137
1010.0,1179,2520.65821
430.0,712,2522.312419
570.0,592,2523.744821
1020.0,998,2526.263796
930.0,904,2528.599667
1130.0,1439,2531.730037
1010.0,839,2533.806147
530.0,999,2536.148994
870.0,890,2541.918858
1320.0,1054,2544.216014
800.0,656,2545.54363
970.0,1142,2548.22664
660.0,783,2549.910039
560.0,947,2552.221942
790.0,820,2554.380921
660.0,718,2555.99556
860.0,962,2558.299455
570.0,835,2560.49881
590.0,754,2562.12518
800.0,1022,2564.571871
700.0,881,2566.836989
1080.0,1241,2569.630053
680.0,1008,2576.358603
1370.0,1007,2578.749751
410.0,601,2580.108704
660.0,1055,2582.48789
750.0,1051,2584.752396
570.0,707,2586.207884
900.0,1086,2589.002496
1020.0,960,2591.008816
650.0,791,2593.123411
590.0,778,2594.756925
530.0,839,2596.898599
650.0,1041,2599.428089
720.0,932,2601.843378
580.0,841,2603.625869
570.0,616,2604.999709
530.0,924,2612.113841
570.0,808,2614.127676
860.0,1036,2616.449889
830.0,965,2618.804338
890.0,1252,2621.686533
780.0,939,2623.848463
880.0,961,2625.986207
690.0,1050,2628.376552
1140.0,1288,2631.101226
210.0,581,2632.312383
490.0,690,2633.700148
580.0,707,2635.535878
540.0,820,2637.301743
810.0,1076,2643.672243
580.0,815,2645.787424
880.0,1125,2648.546986
640.0,848,2650.728599
720.0,961,2653.133268
1100.0,912,2654.960943
430.0,609,2656.313503
510.0,730,2658.290049
1260.0,886,2660.601876
1090.0,1339,2663.684149
1730.0,1152,2666.273765
810.0,1022,2668.712191
750.0,868,2670.904595
770.0,1181,2673.562402
900.0,1276,2680.685797
650.0,805,2682.389455
990.0,837,2684.496496
2010.0,890,2686.354775
700.0,843,2688.426212
970.0,1000,2690.810065
480.0,619,2692.119295
1100.0,1209,2694.986285
1200.0,1232,2697.641346
680.0,806,2699.409949
1000.0,924,2701.738854
640.0,1105,2704.323351
760.0,1056,2706.656238
610.0,823,2712.772142
780.0,887,2714.976647
970.0,975,2717.032214
610.0,726,2719.006382
420.0,645,2720.424306
920.0,988,2722.852453
560.0,842,2724.733079
680.0,854,2726.853195
1130.0,1107,2729.664665
860.0,891,2731.90989
880.0,890,2734.061353
530.0,844,2735.794648
540.0,779,2737.777709
1430.0,1006,2740.185922
1030.0,1053,2746.639282
1130.0,1001,2748.847245
1350.0,1283,2751.602037
1200.0,893,2753.882619
970.0,998,2756.269742
210.0,579,2757.565016
810.0,839,2759.267407
850.0,666,2761.112361
800.0,976,2763.154678
2210.0,951,2765.515378
900.0,1466,2769.131278
540.0,776,2771.134692
610.0,822,2772.795647
1000.0,810,2774.908558
1460.0,1114,2783.143108
520.0,763,2784.938724
1280.0,1004,2787.348488
600.0,834,2789.353113
580.0,733,2790.866557
730.0,773,2792.896692
490.0,717,2794.411975
730.0,1256,2797.239078
420.0,752,2799.240426
950.0,1086,2801.799307
880.0,905,2804.019368
1400.0,906,2805.856088
560.0,630,2807.629573
630.0,890,2809.494256
460.0,637,2810.771138
690.0,873,2816.991485
740.0,1021,2819.379448
670.0,767,2821.44325
710.0,822,2823.093702
730.0,792,2825.195008
810.0,1095,2827.700889
790.0,811,2829.306082
500.0,963,2831.485698
1050.0,1086,2834.051777
870.0,1048,2836.618031
660.0,756,2838.71883
1320.0,961,2840.746291
800.0,987,2843.124166
860.0,947,2845.39196
600.0,885,2851.766592
820.0,1126,2854.153071
700.0,1049,2856.663755
1200.0,1099,2859.30493
550.0,787,2861.292627
860.0,949,2863.324197
1110.0,1050,2865.910872
1190.0,893,2868.062288
800.0,964,2870.249518
860.0,942,2872.597176
820.0,1033,2875.110771
530.0,664,2876.588062
860.0,986,2879.110659
590.0,751,2885.015365
890.0,982,2887.433837
720.0,889,2889.675096
850.0,1011,2891.93698
1210.0,1250,2894.630191
890.0,822,2896.738864
500.0,624,2898.220471
900.0,965,2900.68718
830.0,1059,2903.26124
590.0,794,2904.917614
1100.0,1075,2907.35705
1930.0,1098,2909.832801
1320.0,1103,2912.696211
990.0,962,2914.713103
540.0,813,2921.798906
900.0,884,2923.927691
1070.0,1079,2926.582168
890.0,1058,2929.071515
870.0,877,2930.903419
440.0,612,2932.647501
940.0,1073,2935.270787
820.0,864,2937.134778
520.0,1018,2939.658445
1270.0,1270,2942.840389
880.0,950,2944.879585
570.0,740,2946.839881
1610.0,1071,2949.377741
790.0,1049,2957.693506
310.0,677,2959.407012
800.0,910,2961.812685
460.0,621,2963.19562
790.0,862,2965.416792
960.0,944,2967.498986
1140.0,1239,2970.568934
1180.0,1018,2972.880361
640.0,1192,2975.559182
520.0,746,2977.155626
640.0,916,2979.366631
850.0,1191,2982.064871
590.0,867,2984.221515
870.0,920,2986.477075
770.0,912,2993.361502
1400.0,1108,2995.964005
700.0,1033,2998.497553
750.0,1007,3001.113621
800.0,891,3002.909071
970.0,908,3005.067096
520.0,650,3006.542539
820.0,869,3008.667811
1020.0,1044,3011.024442
750.0,922,3013.19441
790.0,781,3014.844432
720.0,787,3016.832932
1130.0,882,3018.643344
890.0,826,3020.810305
1220.0,1263,3028.163398
570.0,810,3030.314497
820.0,1002,3032.60816
750.0,1014,3034.889376
810.0,818,3036.574391
690.0,741,3038.571254
620.0,874,3040.429702
1250.0,748,3042.407261
560.0,747,3044.07934
510.0,790,3046.06505
840.0,972,3048.344111
540.0,546,3049.537417
540.0,735,3050.987021
920.0,793,3052.543302
1210.0,874,3054.762892
950.0,1038,3061.488688
550.0,706,3063.084538
610.0,787,3065.183068
740.0,812,3067.004061
580.0,730,3068.976688
2250.0,1142,3071.633312
1370.0,1010,3073.936989
460.0,535,3075.187081
600.0,749,3076.83123
880.0,932,3079.271282
680.0,823,3081.555911
2100.0,912,3083.620985
590.0,650,3085.539101
870.0,1352,3088.738992
980.0,810,3090.793801
630.0,809,3096.010501
620.0,890,3098.28204
670.0,742,3100.269982
670.0,956,3102.403482
570.0,828,3104.536617
1530.0,1422,3108.038262
650.0,749,3109.65323
1510.0,1616,3113.426697
690.0,1200,3116.031661
770.0,956,3118.201685
500.0,817,3120.441604
650.0,1004,3123.012981
630.0,753,3124.588564
890.0,1303,3132.045006
590.0,788,3133.799848
590.0,808,3135.886812
2540.0,1102,3138.427585
870.0,784,3140.136171
670.0,872,3142.307903
540.0,763,3143.966599
910.0,1051,3146.446113
990.0,970,3148.815214
1310.0,1072,3151.509419
1320.0,941,3153.818452
720.0,840,3155.863603
700.0,836,3157.603354
1130.0,1098,3160.286315
640.0,822,3167.715594
960.0,1008,3170.065245
800.0,1038,3172.457197
860.0,874,3174.618109
790.0,948,3176.575814
780.0,759,3178.54925
1400.0,911,3181.034315
1350.0,1292,3183.894326
990.0,1131,3186.497109
820.0,1140,3189.166421
980.0,1167,3192.292972
1510.0,1016,3194.460033
700.0,912,3200.54026
680.0,816,3202.63938
700.0,972,3205.020112
1300.0,1018,3207.389868
780.0,898,3209.150065
530.0,687,3210.962967
920.0,929,3212.736252
640.0,840,3215.018559
890.0,883,3217.219642
1000.0,1040,3219.707615
760.0,789,3221.380565
500.0,868,3223.54184
790.0,801,3225.269028
630.0,624,3226.64286
920.0,761,3228.606727
1320.0,801,3230.314129
600.0,814,3236.715146
1090.0,896,3238.926876
940.0,908,3240.766336
580.0,896,3242.940859
1540.0,1048,3245.509914
570.0,837,3247.535697
1070.0,1119,3250.048922
1840.0,1232,3252.844241
730.0,768,3254.802409
1490.0,1160,3257.4825
1100.0,1354,3260.493425
1390.0,1442,3264.037831
1300.0,1361,3271.747994
1270.0,1285,3274.797192
1050.0,1081,3277.405746
870.0,977,3279.810191
960.0,1089,3282.379907
850.0,930,3284.699493
750.0,899,3286.967112
920.0,889,3289.178466
1030.0,1536,3292.35981
980.0,1049,3294.811603
730.0,759,3296.862397
1500.0,962,3299.106756
510.0,759,3305.928344
760.0,831,3307.986747
550.0,724,3309.456747
610.0,911,3311.567627
940.0,805,3313.258729
1410.0,842,3315.378252
860.0,890,3317.570386
710.0,818,3319.332181
1290.0,1132,3321.85074
460.0,789,3323.778491
760.0,817,3325.506728
1260.0,1062,3328.202387
960.0,832,3329.783837
700.0,797,3331.742865
600.0,842,3333.46701
870.0,847,3339.683725
1370.0,1583,3343.516056
1290.0,1181,3346.184856
710.0,743,3348.098187
850.0,1070,3350.643678
880.0,1150,3353.393451
1040.0,1025,3355.895425
580.0,757,3357.616806
860.0,907,3359.879992
540.0,824,3361.832467
600.0,987,3363.838499
1570.0,952,3366.023172
680.0,848,3367.993341
790.0,852,3374.378568
740.0,684,3376.290715
530.0,869,3378.208621
500.0,552,3379.598178
780.0,1188,3382.673289
1450.0,979,3384.990058
1260.0,793,3386.619601
660.0,799,3388.630756
810.0,917,3390.633844
770.0,932,3393.055501
790.0,842,3395.157781
840.0,824,3396.973423
1640.0,1582,3400.792942
1020.0,759,3402.712449
600.0,693,3408.73332
1590.0,1013,3411.141612
2130.0,1665,3415.073818
670.0,778,3417.117694
640.0,830,3418.879995
890.0,892,3421.059593
640.0,712,3422.612059
1160.0,1348,3426.033231
730.0,1025,3428.506249
830.0,742,3430.132766
1730.0,1054,3432.633824
960.0,797,3434.733107
930.0,1018,3437.181915
970.0,902,3444.239841
1300.0,1081,3447.060618
860.0,910,3448.846648
840.0,953,3451.230447
870.0,977,3453.592289
780.0,991,3455.981229
920.0,950,3458.351367
1660.0,938,3460.226926
990.0,900,3462.470898
2190.0,1278,3465.713005
730.0,914,3467.470554
680.0,806,3469.41268
1320.0,1490,3473.172284
850.0,916,3480.156049
490.0,726,3481.794483
2530.0,1037,3484.146958
510.0,621,3485.33556
680.0,667,3486.606642
460.0,682,3488.219603
670.0,795,3489.869406
740.0,813,3491.934672
1710.0,1441,3495.313687
760.0,788,3497.36571
1230.0,1034,3499.973795
1200.0,868,3502.260596
1020.0,1243,3505.191724
570.0,700,3506.787039
1150.0,1156,3514.432463
2580.0,1625,3518.191697
780.0,916,3520.080867
950.0,944,3522.314481
870.0,1262,3525.290655
610.0,922,3527.005244
700.0,864,3529.184167
780.0,724,3530.837913
330.0,804,3532.872545
1220.0,961,3535.226231
1220.0,1628,3539.107303
580.0,680,3540.584153
1270.0,1417,3548.271453
570.0,705,3549.871439
1040.0,1064,3552.38247
1160.0,716,3554.249931
750.0,902,3556.074235
610.0,773,3558.050379
750.0,1018,3560.558477
560.0,895,3562.417439
1080.0,1270,3565.387189
660.0,732,3566.80496
1600.0,1135,3569.381712
650.0,934,3571.743296
1020.0,1153,3574.467008
600.0,831,3576.585121
270.0,738,3582.355809
650.0,836,3584.389961
470.0,681,3585.919224
1160.0,1208,3589.029759
600.0,913,3590.875921
560.0,777,3592.859416
600.0,982,3595.246911
1190.0,1337,3598.248196
1310.0,1417,3601.722071
1170.0,1175,3604.273438
590.0,846,3606.229993
1540.0,1516,3609.633559
770.0,988,3616.660435
720.0,741,3618.324616
1690.0,1287,3621.528107
1680.0,1423,3624.573986
850.0,954,3626.84257
850.0,926,3629.16777
1370.0,750,3630.860232
770.0,891,3633.081721
820.0,944,3635.394379
970.0,966,3637.718533
2080.0,885,3639.641765
660.0,804,3641.750118
1580.0,1114,3644.283291
1140.0,1190,3652.021699
390.0,598,3653.382329
790.0,940,3655.62838
710.0,824,3657.703395
520.0,759,3659.32769
1020.0,1182,3662.089357
690.0,743,3664.035428
770.0,828,3665.767239
580.0,862,3668.01995
720.0,828,3670.178602
920.0,1110,3672.805754
730.0,962,3675.129599
1210.0,1095,3677.576418
1090.0,1098,3680.244144
960.0,1284,3687.320513
730.0,832,3689.277456
650.0,987,3691.667029
400.0,1177,3694.379995
620.0,917,3696.686097
1270.0,907,3698.618678
880.0,1028,3701.137744
850.0,959,3703.367368
1650.0,1379,3706.805647
770.0,1058,3709.292526
960.0,1075,3711.86471
570.0,752,3713.530414
880.0,994,3720.918801
1360.0,1198,3723.907071
800.0,1070,3726.404697
700.0,720,3728.087151
810.0,933,3730.389659
450.0,591,3731.740065
970.0,833,3733.860429
670.0,837,3735.650684
1310.0,1361,3739.012012
790.0,1020,3741.450432
670.0,795,3743.188506
1140.0,1062,3745.915232
600.0,866,3748.127213
650.0,682,3749.705224
1130.0,1028,3757.006633
1350.0,1148,3759.675215
730.0,918,3761.784439
660.0,768,3763.638052
1720.0,1182,3766.294457
640.0,854,3768.161545
710.0,769,3770.178979
2480.0,1170,3772.744326
810.0,1066,3775.199702
890.0,1103,3777.699002
690.0,897,3779.858232
400.0,839,3782.114394
640.0,899,3784.016907
620.0,1134,3791.08545
810.0,1303,3794.297954
740.0,828,3796.018852
330.0,941,3798.278105
740.0,1033,3800.572304
390.0,871,3802.597282
610.0,732,3804.08691
520.0,802,3806.163643
550.0,1037,3808.635414
580.0,943,3810.524506
800.0,1288,3813.664533
1560.0,1287,3816.5908
750.0,846,3818.711715
1020.0,1097,3825.184224
750.0,1107,3827.873361
910.0,819,3829.957549
540.0,966,3832.314282
790.0,1028,3834.783139
800.0,876,3836.66863
720.0,817,3838.766506
990.0,970,3841.025814
740.0,831,3842.728627
1030.0,1220,3845.770734
740.0,750,3847.412868
860.0,1090,3849.910664
870.0,1076,3852.438513
1170.0,1220,3859.439353
800.0,955,3861.402391
950.0,986,3863.718445
760.0,868,3865.91739
710.0,763,3867.557794
960.0,665,3869.395077
580.0,895,3871.334263
1470.0,1309,3874.714365
1160.0,1017,3877.167848
690.0,872,3878.958295
1330.0,1772,3883.348884
1490.0,1433,3886.856081
890.0,1031,3893.723665
930.0,1120,3896.310592
1190.0,1297,3899.217597
550.0,1092,3901.731046
690.0,792,3903.827643
1040.0,1091,3906.374224
850.0,804,3908.213762
950.0,963,3910.594253
880.0,1125,3913.265456
1020.0,976,3915.591033
1140.0,795,3917.608503
670.0,741,3919.157052
590.0,856,3921.137972
1130.0,981,3923.308917
1100.0,933,3930.681789
870.0,965,3933.024855
770.0,741,3934.847437
930.0,953,3937.11072
1020.0,1161,3939.919585
1520.0,890,3941.79832
620.0,724,3943.742756
1860.0,1704,3947.660236
1940.0,1482,3951.290538
950.0,1067,3953.906234
670.0,681,3955.377876
1450.0,1447,3958.816011
1500.0,1550,3967.101761
910.0,924,3969.534306
1100.0,1230,3972.413017
1060.0,1485,3976.037997
1300.0,1085,3978.563448
1460.0,957,3980.946991
940.0,937,3983.167873
970.0,1443,3986.315671
940.0,813,3988.419883
860.0,856,3990.588099
950.0,838,3992.490981
1490.0,989,3999.649974
1050.0,918,4001.946776
940.0,899,4003.852262
1450.0,1000,4006.434506
1990.0,1413,4009.972198
1010.0,1029,4012.46078
650.0,803,4014.410562
1550.0,1450,4017.285417
1590.0,1433,4020.645839
860.0,890,4022.827428
1000.0,871,4025.117794
760.0,957,4027.118424
1140.0,1107,4034.045731
1250.0,1240,4037.132421
1250.0,1090,4039.656169
1480.0,1120,4042.19883
1980.0,1204,4044.97715
1250.0,1145,4048.108515
900.0,894,4050.025605
1480.0,1002,4052.503402
720.0,722,4054.472548
910.0,1155,4057.080449
1210.0,1142,4059.513619
930.0,872,4061.589849
1100.0,860,4063.421662
1260.0,1187,4070.612585
730.0,728,4072.173864
2150.0,870,4074.389051
1260.0,1181,4077.094236
1700.0,1106,4079.524802
1030.0,957,4081.751907
820.0,865,4083.527443
900.0,1010,4085.939288
1150.0,705,4087.696765
1260.0,1327,4090.687554
1120.0,918,4092.939368
2040.0,1475,4096.633623
1010.0,842,4102.092085
860.0,921,4104.304981
840.0,942,4106.676867
900.0,1014,4109.242994
1460.0,1373,4112.432463
940.0,885,4114.67281
1580.0,1055,4117.072217
740.0,912,4119.224708
950.0,872,4121.216464
1230.0,1271,4124.117112
640.0,587,4125.529382
870.0,874,4127.699247
1900.0,1209,4130.500459
720.0,682,4137.809098
650.0,609,4139.661613
1100.0,931,4141.477221
2200.0,1579,4144.928685
780.0,840,4146.997196
1410.0,1304,4149.849602
1130.0,1003,4152.302222
880.0,1024,4154.735352
1060.0,907,4156.955448
1180.0,945,4159.133986
1200.0,1205,4161.749937
1020.0,1179,4164.56764
760.0,946,4166.932463
830.0,903,4174.275596
1200.0,1071,4176.87456
580.0,563,4178.190278
640.0,637,4179.688557
1850.0,1302,4182.785364
750.0,932,4184.944782
850.0,993,4187.307965
1340.0,892,4189.198363
1520.0,981,4191.614817
890.0,824,4193.660223
1320.0,1083,4196.043458
940.0,1003,4198.307449
1040.0,848,4199.894742
970.0,974,4207.885401
860.0,956,4210.216061
2290.0,1054,4212.894411
1320.0,1259,4215.782579
1390.0,1053,4218.440327
1110.0,1071,4221.044157
850.0,887,4223.104138
1010.0,1042,4225.356301
760.0,749,4227.212553
930.0,1306,4230.170181
1640.0,1421,4233.601841
1750.0,1847,4237.678933
1230.0,922,4245.178357
1240.0,1339,4248.600107
920.0,1029,4251.11319
1480.0,1365,4254.199563
930.0,1071,4256.685753
1640.0,1157,4259.345801
1060.0,929,4261.661869
1210.0,1128,4264.147035
3060.0,1268,4267.139328
570.0,599,4268.409945
750.0,847,4270.636564
960.0,842,4272.421073
710.0,796,4279.067999
1020.0,1095,4281.646077
1000.0,941,4283.966257
800.0,827,4285.678432
2420.0,1034,4288.158531
1090.0,1275,4291.451881
1080.0,914,4293.530273
1030.0,1239,4296.758862
1240.0,940,4298.625966
1130.0,960,4300.985157
670.0,699,4302.882838
1650.0,1539,4306.533391
1920.0,1277,4314.153389
500.0,779,4316.06835
1480.0,1859,4320.06317
1230.0,978,4322.525553
900.0,903,4324.801096
650.0,853,4326.618022
1180.0,1062,4329.128617
860.0,729,4331.015004
1620.0,1051,4333.503193
1140.0,1273,4336.327022
1830.0,1213,4339.543104
1000.0,956,4341.501909
1040.0,969,4349.427278
1350.0,1125,4351.952322
1550.0,1003,4354.05384
2120.0,1689,4358.040781
1250.0,1020,4360.472453
910.0,835,4362.218167
1360.0,1119,4364.913023
830.0,708,4366.792484
1070.0,1010,4369.224186
1270.0,1209,4372.017353
1300.0,1640,4375.891112
1320.0,1231,4383.681869
1740.0,1174,4386.671488
1470.0,1416,4389.579143
1730.0,1668,4393.498363
1230.0,1043,4395.373211
1040.0,856,4397.500186
950.0,1005,4399.845952
1070.0,880,4402.027925
1150.0,953,4404.464516
1620.0,1202,4407.332422
1410.0,1538,4411.119268
1300.0,1077,4418.301905
1490.0,1196,4421.069857
950.0,801,4423.186751
940.0,915,4424.966635
1090.0,1063,4427.511696
2110.0,1824,4431.614832
1380.0,1186,4434.0137
1110.0,1020,4436.222736
1890.0,1504,4439.71522
1800.0,1238,4442.329057
900.0,876,4444.334347
810.0,802,4446.394686
1470.0,753,4453.290376
1320.0,1137,4455.897987
760.0,1164,4458.506846
1710.0,1380,4462.028867
1780.0,1224,4464.739897
980.0,1000,4467.185996
1940.0,1394,4470.45069
1670.0,1241,4472.856908
1870.0,1612,4476.389733
1030.0,880,4478.620462
2150.0,1433,4486.590514
790.0,810,4488.334568
1540.0,1127,4491.417909
1330.0,1685,4495.335899
840.0,834,4497.086304
740.0,937,4499.282348
1250.0,1076,4501.827173
1200.0,1202,4504.534044
1850.0,1182,4507.608335
1510.0,1355,4510.622874
1230.0,921,4512.63225
1430.0,1301,4515.544263
650.0,618,4522.450404
1140.0,1024,4524.8692
2590.0,1861,4529.097944
1140.0,1110,4531.6853
1090.0,1043,4534.09709
1070.0,1091,4537.110404
1580.0,1293,4540.094292
1340.0,1167,4542.821137
440.0,562,4544.151262
1370.0,1092,4546.801649
1430.0,1159,4549.786208
1920.0,1292,4557.77608
1090.0,778,4559.85172
1530.0,1106,4562.49747
520.0,578,4563.887456
1500.0,1563,4567.716104
880.0,843,4569.467867
510.0,543,4570.721728
1340.0,1106,4573.281012
1110.0,948,4575.546983
880.0,1096,4578.027336
970.0,886,4580.229424
1170.0,1133,4582.894031
1240.0,1110,4585.415198
1450.0,1173,4593.667326
1910.0,1080,4595.934933
3390.0,1638,4599.636462
1260.0,1265,4602.483078
1380.0,1110,4605.257886
1820.0,1285,4608.474057
1180.0,977,4610.910199
1270.0,1060,4613.411954
3030.0,1529,4617.022015
1230.0,908,4618.971951
1690.0,1224,4622.142597
880.0,740,4629.779149
1450.0,1518,4633.20741
900.0,900,4635.19386
880.0,920,4637.000693
1080.0,937,4639.135787
1320.0,1140,4641.795235
1460.0,1081,4644.686343
1350.0,1348,4647.583262
1540.0,1707,4651.244962
1690.0,1028,4653.604377
1590.0,1350,4656.94584
1180.0,1046,4664.273606
2090.0,1474,4667.762851
2080.0,1335,4670.541114
1210.0,1293,4673.526788
1010.0,865,4675.577671
1970.0,1419,4678.443493
1350.0,1597,4682.162877
2290.0,1373,4685.600366
1700.0,1559,4689.173351
2530.0,1744,4698.202588
1660.0,1357,4701.714027
1250.0,1535,4705.414388
2300.0,1515,4708.796653
1280.0,945,4710.885004
1450.0,1265,4713.679541
2220.0,1562,4717.373266
1330.0,1694,4720.98504
1250.0,1090,4723.448631
2030.0,1629,4732.550221
1470.0,1230,4735.375029
1490.0,1183,4738.060268
1910.0,1676,4741.940298
1540.0,1277,4745.239897
1410.0,1248,4748.048198
1070.0,991,4750.366832
1010.0,950,4752.584489
2030.0,1156,4755.347498
1260.0,1122,4757.862485
1670.0,1322,4767.071121
1630.0,1123,4769.763296
1130.0,940,4772.016656
2060.0,1132,4774.694935
1860.0,1488,4778.380468
680.0,627,4779.838264
1660.0,1051,4782.517125
1540.0,1287,4785.880465
1960.0,1569,4789.716779
1460.0,1278,4792.679364
1120.0,1152,4795.424752
1310.0,929,4802.245153
1810.0,1021,4804.773568
1840.0,1687,4808.926925
1480.0,1160,4812.025095
1550.0,1336,4814.969752
1210.0,1126,4817.546151
1730.0,1297,4820.771912
1860.0,1762,4824.9269
1260.0,825,4826.941057
1830.0,1236,4829.62065
1300.0,1369,4837.750723
1940.0,1282,4840.565886
1190.0,849,4842.521111
1590.0,1319,4845.316009
1390.0,1364,4848.605072
1580.0,1577,4852.357557
1220.0,1318,4855.322194
1370.0,1201,4858.46987
1570.0,1451,4861.591496
1770.0,1207,4864.692102
1180.0,1310,4873.486471
1250.0,1043,4875.980398
1650.0,1208,4879.107707
1750.0,1399,4882.295129
1470.0,1087,4884.702037
1340.0,1112,4887.467532
2560.0,1396,4890.529746
1130.0,881,4892.858106
2110.0,1299,4895.847194
1710.0,1196,4899.024466
1450.0,1324,4901.882819
1480.0,1193,4909.774122
1930.0,1599,4913.960334
1440.0,1156,4916.660547
1830.0,1020,4919.100904
1450.0,1279,4922.010326
1330.0,970,4924.535014
1300.0,1157,4927.139571
2150.0,2118,4932.201049
1250.0,962,4934.481089
1100.0,933,4936.949444
1670.0,1363,4944.994092
1170.0,841,4946.599864
1760.0,1569,4950.094351
1970.0,1493,4953.778814
1450.0,1325,4957.088312
1810.0,1178,4959.745783
1370.0,1477,4963.291341
1710.0,1116,4966.109687
1400.0,1581,4970.045938
1430.0,1012,4972.365833
740.0,732,4979.409092
1370.0,1556,4983.144156
1270.0,863,4985.321789
4680.0,1696,4988.841121
2000.0,1148,4991.318235
1790.0,1550,4995.326774
2840.0,1542,4999.299557
1060.0,1095,5001.914758
1770.0,1451,5005.428164
1980.0,1728,5009.556052
990.0,952,5018.506583
1800.0,1462,5022.27246
1520.0,1276,5025.596966
2190.0,1440,5028.478723
1700.0,1814,5032.817142
1160.0,1021,5035.309881
1570.0,1414,5038.79039
1250.0,886,5040.779009
1500.0,1064,5043.399106
420.0,624,5044.825559
1840.0,1612,5054.086486
1580.0,1578,5058.13035
1280.0,1339,5061.416014
1260.0,972,5064.016088
1860.0,1516,5067.740179
2090.0,1350,5070.976015
2620.0,1247,5073.96014
1390.0,1673,5077.910805
2120.0,1461,5081.411052
1310.0,1318,5090.012834
2560.0,1566,5093.749688
1940.0,1328,5096.438786
1340.0,942,5098.536731
2660.0,1515,5102.076314
1500.0,1476,5105.617194
1580.0,1110,5108.105736
1720.0,1289,5110.739448
1580.0,1157,5113.73263
1150.0,820,5115.438503
1350.0,1619,5125.431266
1610.0,1253,5128.746268
1190.0,879,5130.518067
1980.0,1718,5134.822144
870.0,824,5136.525861
1250.0,828,5138.457404
1100.0,930,5140.252428
1630.0,1099,5143.053219
1530.0,1447,5146.124189
1240.0,1440,5149.427517
1910.0,1237,5152.161088
670.0,617,5159.150933
1910.0,1245,5162.003851
1740.0,1246,5164.772716
1550.0,1184,5167.805252
1860.0,1393,5171.135768
1170.0,991,5173.616843
4510.0,1631,5177.504756
1850.0,1337,5180.692907
1210.0,825,5182.680082
1610.0,1239,5185.349864
1820.0,1425,5193.94983
1720.0,1202,5196.633498
1380.0,1138,5199.195489
1990.0,1407,5202.581677
1930.0,1260,5205.370596
1580.0,1081,5207.912307
2040.0,1268,5211.133865
1820.0,1264,5214.007416
2340.0,1338,5217.4136
1420.0,1024,5219.711889
1340.0,1346,5222.495771
1170.0,914,5230.427432
1470.0,1552,5234.208297
1840.0,1318,5237.478921
1420.0,1132,5240.106655
1480.0,1188,5242.995071
1820.0,1462,5246.486997
1810.0,1254,5249.297609
2100.0,1345,5252.55873
1450.0,1148,5255.282213
2140.0,1316,5258.568576
2430.0,1363,5267.423016
2330.0,1345,5270.637066
1390.0,1026,5273.047799
910.0,853,5274.788587
1530.0,1172,5277.84978
2550.0,1570,5281.505381
1940.0,1348,5284.579853
1270.0,1294,5287.998682
2610.0,1027,5290.436634
1940.0,1438,5293.584508
1170.0,901,5301.423796
1000.0,976,5303.801306
1910.0,1296,5306.837474
1580.0,1609,5310.6386
1550.0,1410,5313.872315
1360.0,1003,5316.336583
770.0,901,5318.64555
1130.0,1434,5322.147333
1790.0,1530,5325.801875
1730.0,1536,5329.556244
1790.0,1177,5338.704248
1890.0,1446,5342.485057
1730.0,1408,5345.417701
1330.0,923,5347.512851
3260.0,1456,5350.884583
1800.0,1361,5354.157097
1930.0,1491,5357.424597
2000.0,1448,5361.003609
1330.0,1024,5363.462724
2040.0,1216,5366.660267
1680.0,1407,5375.34779
2080.0,1397,5378.80814
1760.0,1344,5382.072017
1930.0,1396,5384.931789
1820.0,1711,5389.016409
2830.0,1587,5392.653581
1820.0,1192,5395.498983
3030.0,1344,5399.077784
1110.0,1229,5401.812498
1520.0,1150,5411.437385
1350.0,1354,5414.748747
1210.0,992,5417.115685
1940.0,1397,5420.213265
1880.0,1488,5423.601266
1040.0,884,5425.750569
1350.0,1123,5428.435918
2410.0,1610,5432.293832
1770.0,1367,5435.599874
2070.0,1233,5438.286769
1640.0,1415,5447.504323
2110.0,1744,5451.433199
2100.0,1529,5455.174198
2730.0,1617,5458.971838
3270.0,1230,5462.006238
1730.0,1424,5465.072341
1880.0,1245,5468.076694
1950.0,1423,5471.424305
1870.0,1266,5474.652317
2520.0,1539,5484.650577
2110.0,1333,5487.633126
1870.0,1215,5490.766332
2010.0,1128,5493.337545
1980.0,1148,5495.975642
1810.0,1261,5499.221808
2040.0,1457,5502.373477
1830.0,1287,5505.488893
1040.0,929,5507.785157
1880.0,1242,5510.617308
1510.0,979,5518.923209
2460.0,2018,5524.112532
1550.0,1235,5527.096463
1240.0,1121,5529.741223
1600.0,1589,5533.492261
1540.0,1337,5536.912339
1730.0,1544,5540.752156
2240.0,1684,5544.508162
2190.0,1654,5548.34411
3130.0,1632,5558.009115
670.0,640,5559.735144
2100.0,1334,5562.411507
1390.0,1356,5565.734874
2140.0,1358,5568.6826
1360.0,1102,5571.520059
1900.0,1481,5574.765144
1880.0,1270,5578.039209
2740.0,1711,5581.990224
2040.0,1671,5592.338307
3010.0,1582,5596.107881
2600.0,1788,5600.470147
3150.0,1514,5603.939044
3010.0,1524,5607.572969
1790.0,1527,5611.273793
1820.0,1342,5614.15201
1680.0,1414,5617.602452
1910.0,1376,5621.004834
2730.0,1704,5631.287941
2390.0,1564,5635.034509
1300.0,1172,5637.765758
2120.0,1247,5640.69225
1840.0,1142,5643.907216
1920.0,1527,5647.455586
2730.0,1658,5651.262323
2130.0,1448,5654.664475
1830.0,1131,5657.198889
1700.0,1424,5667.294326
3070.0,1474,5670.48424
1990.0,1516,5674.213651
2270.0,972,5676.641033
1550.0,1229,5679.830792
1470.0,1139,5682.439605
1820.0,1405,5685.355628
2620.0,1495,5688.783074
1920.0,1340,5692.252949
2200.0,1562,5702.392987
1690.0,1269,5705.249693
1820.0,1444,5708.784896
1540.0,1238,5711.615015
2570.0,1462,5715.161697
1930.0,1424,5718.709687
2050.0,1222,5721.44069
2260.0,1305,5724.650094
1960.0,1677,5728.464745
1930.0,1461,5738.734348
1430.0,1320,5741.56409
2090.0,1221,5744.383308
1550.0,1169,5746.79329
1970.0,1407,5750.115728
2160.0,1409,5753.224341
2150.0,1840,5757.716899
1970.0,1316,5761.034961
2650.0,1659,5764.932846
1590.0,1547,5774.936833
2570.0,1324,5777.862764
2330.0,1262,5781.044046
2060.0,1445,5784.418321
1600.0,1507,5787.473555
2940.0,1511,5791.126481
2100.0,1533,5794.699901
2030.0,1519,5798.392079
3120.0,1318,5801.687751
2300.0,1489,5812.38002
2420.0,1594,5815.990786
2030.0,1474,5819.150532
1530.0,976,5821.432127
2180.0,1450,5824.612196
2270.0,1343,5827.65657
4530.0,1315,5830.533268
2180.0,1346,5833.86206
2000.0,1467,5837.513648
2550.0,1372,5847.40097
3800.0,1677,5851.210084
1910.0,1319,5854.303912
1850.0,1392,5857.524154
1990.0,1452,5860.763312
1990.0,1700,5864.854875
1660.0,1251,5867.707803
2110.0,1242,5870.870337
2100.0,1332,5873.922725
2500.0,1388,5884.198335
2490.0,1506,5887.884772
3220.0,1548,5891.555699
2140.0,1317,5894.382897
2250.0,1716,5897.972004
2690.0,1430,5901.227489
2740.0,1645,5904.754201
2500.0,1527,5908.313362
2530.0,1827,5919.487774
1770.0,1163,5922.215189
3570.0,1593,5925.949423
1870.0,1225,5929.10084
2690.0,1580,5932.8319
2100.0,1328,5935.847946
1850.0,1319,5938.920608
1990.0,1317,5941.63849
1970.0,1504,5945.09297
2590.0,1452,5955.924176
2800.0,1371,5959.314203
2360.0,1584,5962.937786
3100.0,1789,5966.906928
2400.0,1206,5969.616355
2520.0,1558,5973.235786
3270.0,1346,5976.574206
2720.0,1428,5979.921666
2970.0,1625,5983.304079
2140.0,1310,5992.674338
1860.0,1294,5995.970373
2580.0,1487,5999.545332
2220.0,1352,6002.573711
2030.0,1383,6005.918505
5150.0,1828,6009.945761
2320.0,1485,6013.490016
2430.0,1719,6017.846538
3200.0,1368,6027.002455
1550.0,1280,6030.124666
3710.0,1363,6033.155173
1910.0,1410,6036.569707
4750.0,1125,6039.150114
4820.0,1600,6042.994234
2020.0,1403,6046.379464
2300.0,1543,6050.131577
1790.0,1372,6053.524322
2620.0,1559,6062.889208
2070.0,1650,6066.374517
3340.0,1330,6069.366413
2200.0,1355,6072.820482
2220.0,1743,6076.933011
1830.0,1665,6081.217821
2220.0,1369,6084.293203
2310.0,1488,6087.987038
1530.0,972,6090.365227
1890.0,1342,6100.306231
2800.0,1282,6103.119883
2550.0,1444,6106.457622
1990.0,1393,6109.404834
2310.0,1438,6112.927482
4060.0,1391,6116.293016
2710.0,1524,6119.825991
2740.0,1623,6123.66504
1720.0,1257,6126.470411
2120.0,1474,6136.162487
1950.0,1292,6139.539602
2140.0,1603,6143.02182
2110.0,1463,6146.453888
2580.0,1490,6149.968351
2400.0,1597,6153.554623
1730.0,1228,6156.278821
1820.0,1493,6159.77056
2810.0,1658,6163.570838
2190.0,1444,6173.867217
1730.0,1117,6176.46141
1750.0,1428,6179.841924
2580.0,1609,6183.673597
2370.0,1252,6186.663913
2000.0,1681,6190.473137
1950.0,1222,6193.435059
2230.0,1459,6196.943243
2040.0,1313,6199.952849
1840.0,1542,6210.868278
5000.0,1435,6214.301888
1350.0,1115,6216.915626
2100.0,1389,6220.255336
2500.0,1638,6223.837593
5170.0,1467,6227.334263
1890.0,1194,6230.053295
2540.0,1262,6232.682393
2000.0,1476,6235.902891
2220.0,1497,6246.322433
2260.0,1520,6249.966722
4830.0,1425,6253.454412
2220.0,1357,6256.49472
5300.0,1548,6260.017035
4980.0,1181,6262.836692
2290.0,1583,6266.524209
1890.0,1250,6269.362262
2040.0,1445,6272.767939
2240.0,1517,6282.299423
2600.0,1334,6285.294691
3150.0,1460,6288.883238
2700.0,1667,6292.705046
2760.0,2118,6297.548394
2190.0,1303,6300.505383
2320.0,1580,6304.203895
3930.0,1618,6307.927474
2500.0,1490,6317.636394
3350.0,1659,6321.483161
3380.0,1546,6325.259886
1490.0,1101,6327.950808
2410.0,1428,6331.614392
1980.0,1345,6334.956288
2110.0,1420,6337.837441
2250.0,1399,6341.046647
2120.0,1457,6344.596386
2880.0,1520,6354.909859
2260.0,1297,6357.677913
1960.0,1445,6361.173141
2100.0,1322,6364.526416
2780.0,1530,6368.09508
2000.0,1369,6371.141248
1950.0,1325,6374.485909
1990.0,1861,6378.495012
3330.0,1469,6381.952278
4870.0,1623,6392.225268
2050.0,1394,6395.788335
5140.0,1711,6399.909086
4970.0,1592,6403.608271
2630.0,1362,6406.866144
2160.0,1154,6409.655605
2090.0,1287,6413.040777
5090.0,1463,6416.266746
2260.0,1531,6425.702753
2690.0,1422,6429.175637
5120.0,1501,6432.747185
4900.0,1399,6436.195233
5330.0,1710,6440.237663
2330.0,1418,6443.724763
4850.0,1548,6447.388492
2630.0,1356,6450.448753
4830.0,1490,6454.097918
1890.0,1183,6462.913879
1360.0,1191,6465.912672
1900.0,1268,6468.882208
2060.0,1268,6472.027834
1900.0,1397,6475.075545
2470.0,1489,6478.786717
4810.0,1157,6481.448907
2320.0,1653,6485.494231
1620.0,1163,6487.99194
2940.0,1576,6498.31469
2210.0,1534,6501.867788
2090.0,1339,6504.818096
2020.0,1380,6508.224341
2830.0,1371,6511.526534
1930.0,1206,6514.446565
2190.0,1333,6517.576074
5140.0,1602,6521.941471
2200.0,1520,6525.305399
2920.0,1345,6534.529788
3470.0,1547,6538.043671
840.0,692,6539.449917
2130.0,1305,6542.785626
2190.0,1307,6545.829115
1990.0,1332,6549.038361
1190.0,1154,6551.746461
1990.0,1350,6554.988224
5520.0,1554,6558.595545
1990.0,1218,6561.387188
1760.0,985,6563.707807
2610.0,1259,6572.631449
2300.0,1924,6576.802891
2990.0,1228,6579.463313
2620.0,1614,6583.526875
5450.0,1389,6586.539571
2050.0,1645,6590.352844
2170.0,1458,6593.891949
1790.0,1486,6597.55862
3170.0,1428,6607.09222
2010.0,1340,6610.076149
1960.0,1352,6613.238651
2540.0,1464,6616.650311
1950.0,1219,6619.419507
2000.0,1309,6622.753871
3310.0,1363,6625.71781
2280.0,1935,6630.356487
3330.0,1426,6633.795235
1240.0,1034,6641.595855
1720.0,1234,6644.433413
2270.0,1318,6647.784155
4430.0,1457,6650.914827
2580.0,1496,6654.235071
2590.0,1390,6657.151671
2300.0,1810,6661.155045
3310.0,1393,6664.69259
3530.0,1416,6668.027587
2110.0,1354,6676.417655
3300.0,1347,6679.733126
4960.0,1423,6683.212086
1920.0,1273,6686.319507
2850.0,1421,6689.77633
2490.0,1390,6693.160452
2210.0,1259,6695.86082
3100.0,1799,6700.023603
3400.0,1332,6702.757466
2230.0,1375,6712.771647
5100.0,1301,6715.677714
5000.0,1431,6719.129154
3370.0,1179,6721.87291
4830.0,1283,6725.484108
2690.0,1221,6728.410944
2250.0,1501,6731.908664
2190.0,1495,6735.211176
2350.0,1502,6738.702557
4980.0,1527,6749.234603
2020.0,1364,6752.396161
2190.0,1339,6755.706689
2230.0,1552,6759.364329
2600.0,1344,6762.536633
3680.0,1507,6766.135414
2550.0,1186,6768.913698
2330.0,1381,6772.193308
730.0,1108,6774.557686
5060.0,1694,6778.394313
1990.0,1427,6788.368294
4900.0,1209,6791.137746
1980.0,1420,6794.565068
1680.0,1270,6797.757948
3300.0,1406,6800.863585
2610.0,1494,6804.459542
2630.0,1395,6807.765381
2650.0,1452,6811.315884
2390.0,1126,6813.80083
4910.0,1428,6823.565746
2740.0,1652,6827.076241
2380.0,1149,6829.584634
2120.0,1479,6833.054527
5020.0,1516,6836.610206
2690.0,1406,6839.780957
1110.0,999,6842.121296
4840.0,1251,6845.203646
1010.0,932,6847.090212
1920.0,1409,6850.312313
4920.0,1232,6860.139248
5240.0,1667,6863.89443
4810.0,1261,6866.788973
1760.0,975,6869.205101
3660.0,1537,6872.728618
2320.0,1139,6875.344343
4110.0,1587,6879.166497
2330.0,1353,6882.414732
2600.0,1212,6885.139025
5010.0,1428,6895.065929
1400.0,1374,6898.569499
4760.0,1375,6901.700674
5030.0,1647,6905.599841
4800.0,1122,6908.382232
5410.0,1310,6911.625252
2570.0,1380,6914.915126
2340.0,1523,6918.43062
2540.0,1790,6922.517563
2110.0,1237,6932.064667
2110.0,1292,6935.277133
4950.0,1574,6938.993305
2060.0,1427,6942.433751
2510.0,1214,6945.251457
1150.0,1025,6947.727298
2620.0,1398,6951.197986
3480.0,1505,6954.417516
4920.0,1426,6957.740323
5030.0,1332,6961.018465
2200.0,1368,6970.054841
2330.0,1290,6973.099137
3400.0,1323,6976.066371
2190.0,1538,6979.769648
5340.0,1620,6983.928973
2910.0,1680,6987.719553
5050.0,1221,6990.554502
2300.0,1589,6994.227315
4990.0,1210,7004.252465
1990.0,1308,7007.169674
2320.0,1617,7010.767578
3710.0,1673,7014.736229
6320.0,1600,7018.92493
2020.0,1414,7022.067106
5130.0,1311,7025.329165
1990.0,1530,7029.091626
3710.0,1627,7032.921602
2150.0,1239,7041.651693
1910.0,1538,7045.209805
5040.0,1298,7048.434358
3390.0,1282,7051.157563
3590.0,1724,7055.127568
2520.0,1557,7058.892339
2510.0,1309,7062.149041
1540.0,1056,7064.723278
2120.0,1373,7068.175644
2780.0,1374,7077.562389
5130.0,1526,7081.130741
1990.0,1166,7083.547476
3440.0,1380,7086.697205
3440.0,1417,7089.889294
2220.0,1215,7092.773869
1740.0,951,7095.09341
610.0,810,7096.816597
3390.0,1274,7100.252775
5260.0,1822,7104.340126
3440.0,1545,7115.190907
2030.0,1834,7119.697418
1970.0,1277,7122.388352
3000.0,1355,7125.356914
2160.0,1231,7127.764632
2010.0,1664,7131.816644
2010.0,1245,7134.783451
2200.0,1175,7137.607787
5130.0,1745,7142.368023
4830.0,1394,7152.854195
5720.0,1503,7156.575037
3710.0,1616,7160.374566
840.0,811,7162.509109
1960.0,1343,7165.488638
2190.0,1183,7168.395807
2160.0,1420,7171.242188
1940.0,1470,7174.72104
4860.0,1568,7178.481797
2520.0,1268,7188.593755
1650.0,1163,7191.382356
2020.0,1311,7194.315118
2590.0,1235,7197.344956
5000.0,1382,7200.265436
500.0,895,7202.415874
3410.0,1279,7205.651844
6210.0,1354,7208.240758
810.0,1039,7210.3245
3420.0,1457,7213.540093
2000.0,1509,7223.51763
1900.0,1178,7226.401248
4840.0,1640,7230.119371
4810.0,1332,7233.507709
5150.0,1576,7237.247575
4970.0,1308,7240.256589
2710.0,1546,7243.896904
2220.0,1564,7247.401849
1990.0,1293,7250.459886
1920.0,1284,7260.735617
5060.0,1500,7264.65375
1970.0,1259,7268.048138
4760.0,1441,7271.31796
3460.0,1423,7274.900555
4980.0,1328,7278.185932
3400.0,1318,7281.006008
3450.0,1554,7284.676485
1820.0,1375,7287.883829
2130.0,1239,7296.817805
5020.0,1586,7300.284841
4930.0,1598,7304.050537
3410.0,1554,7307.989968
5060.0,1697,7312.482641
5040.0,1676,7316.58041
4910.0,1542,7320.143718
5100.0,1370,7323.004811
2930.0,1525,7333.889714
3530.0,1455,7337.610356
3290.0,1130,7340.058921
5710.0,1601,7343.848883
5360.0,1450,7347.63853
3490.0,1550,7351.277045
3440.0,1526,7354.85288
2000.0,1327,7358.147777
5130.0,1388,7361.237641
5100.0,1618,7371.486763
5020.0,1248,7374.608677
2610.0,1280,7377.448704
2420.0,1474,7380.838398
2020.0,1424,7384.089508
2230.0,1268,7386.770128
2680.0,1525,7390.34038
1990.0,1267,7393.723762
4810.0,1351,7396.79565
5430.0,1300,7400.336312
2220.0,1589,7411.619787
3410.0,1489,7415.136389
3420.0,1318,7418.03938
2010.0,1294,7421.17542
4820.0,1304,7424.102019
4170.0,1855,7428.479624
2720.0,1511,7431.921185
3800.0,1644,7435.661191
5020.0,1830,7446.562277
5010.0,1410,7450.001568
4150.0,1548,7453.886754
2540.0,1716,7457.907933
5450.0,1668,7462.134964
4130.0,1660,7465.941664
4130.0,1764,7469.807436
2320.0,1625,7473.367875
2130.0,1339,7483.613445
2260.0,1326,7486.775041
2190.0,1239,7490.061726
5030.0,1560,7493.756796
2040.0,1324,7496.64695
5170.0,1537,7500.284004
3440.0,1539,7503.930832
4910.0,1164,7506.602453
5060.0,1560,7510.672683
2250.0,1625,7521.774466
2310.0,1592,7525.396116
1750.0,1310,7528.305398
5040.0,1680,7532.230832
5550.0,1599,7536.388547
3430.0,1417,7539.530641
3570.0,1652,7543.356098
4810.0,1463,7546.84294
1910.0,1338,7556.311751
5090.0,1740,7559.925673
5450.0,1640,7563.466306
2450.0,1595,7567.246368
3390.0,1621,7571.022462
2470.0,1607,7575.310036
2510.0,1535,7578.988878
2640.0,1451,7582.124437
5130.0,1344,7591.902969
2580.0,1978,7596.467129
5290.0,1887,7600.49454
5060.0,1471,7603.572351
5130.0,2020,7608.200018
3780.0,1520,7611.876975
5750.0,1632,7615.80005
2820.0,1222,7619.087045
5150.0,1531,7629.314517
4990.0,1204,7632.456686
3450.0,1444,7635.953489
3430.0,1456,7639.134474
2510.0,1671,7642.903628
3470.0,1555,7646.303002
5150.0,1558,7649.995918
6540.0,1768,7653.973055
1980.0,1163,7664.584194
2630.0,1398,7668.044706
3420.0,1450,7671.462
2320.0,1292,7674.343879
1900.0,1278,7677.525764
5110.0,1382,7680.440282
5140.0,1498,7683.62559
2140.0,1805,7687.852238
4860.0,1388,7690.828757
2540.0,1419,7701.351264
3770.0,1657,7705.435023
3490.0,1510,7709.097039
2670.0,1780,7713.538599
3410.0,1413,7716.633333
4990.0,1252,7719.766124
1770.0,1022,7722.015281
3390.0,1222,7724.715868
3350.0,1485,7728.086597
3720.0,1590,7739.099003
5060.0,1505,7742.77224
2190.0,1244,7745.616365
3460.0,1450,7749.1899
2340.0,1335,7752.522605
5020.0,1451,7755.844302
2630.0,1361,7759.216235
5070.0,1491,7762.490514
4940.0,1449,7765.768279
5100.0,1709,7777.212124
4830.0,1552,7781.160328
2210.0,1395,7784.681928
4950.0,1466,7788.356149
2020.0,1223,7791.324507
4960.0,1732,7795.584348
2350.0,1459,7799.202569
3510.0,1579,7802.791849
2030.0,1370,7812.542097
1520.0,1106,7814.888594
4850.0,1388,7817.733299
2720.0,1369,7821.289712
5050.0,1471,7825.139824
3390.0,1288,7828.054076
5170.0,1580,7831.825698
5100.0,1559,7835.600292
5330.0,1881,7840.192471
2770.0,1821,7851.980691
5520.0,1492,7855.07792
3060.0,1653,7859.057562
2020.0,1474,7862.16147
3410.0,1532,7865.905888
2080.0,1327,7869.290091
5420.0,1482,7872.855466
2240.0,1343,7875.83909
5070.0,1341,7879.100673
3750.0,1610,7889.390849
4930.0,1621,7893.236611
5840.0,1525,7896.59434
2140.0,1428,7899.874667
3440.0,1288,7902.630157
5150.0,1500,7906.222136
2870.0,1505,7909.884966
5430.0,1278,7912.838389
3750.0,1477,7924.753015
5190.0,2051,7929.50004
5150.0,1749,7933.785993
5770.0,1800,7937.817099
5360.0,1503,7941.287433
2560.0,1409,7944.630743
5340.0,1870,7949.017281
5160.0,1437,7952.649943
5150.0,1453,7964.001889
3270.0,1376,7967.475657
2310.0,1432,7970.749274
5350.0,1675,7975.018712
5190.0,2238,7980.232047
1930.0,1184,7982.807806
5130.0,1492,7986.141629
5150.0,1568,7989.515042
5380.0,1666,8001.404296
5150.0,1662,8005.201552
3480.0,1340,8008.320999
5150.0,1450,8011.681003
4840.0,1454,8015.091603
5180.0,1681,8018.804257
5170.0,1558,8022.469832
4830.0,1348,8025.39594
5010.0,1401,8035.856689
5030.0,1458,8039.452293
2770.0,1770,8043.296473
3660.0,1482,8046.760599
1450.0,1115,8049.286964
3660.0,1451,8052.865503
5370.0,1542,8056.482795
2980.0,1922,8061.247844
2520.0,1640,8065.123897
5760.0,1562,8075.977638
5180.0,1664,8079.633008
3490.0,1804,8083.858434
3750.0,1749,8087.86581
3770.0,1433,8091.385633
2180.0,1426,8094.703231
5170.0,1586,8098.58336
4970.0,1534,8102.157193
5770.0,1822,8113.087928
5190.0,1641,8116.661085
5170.0,1478,8119.878016
2270.0,1719,8123.85761
3780.0,1612,8128.017826
5150.0,1503,8131.210402
3680.0,1640,8135.374282
3450.0,1617,8146.32357
1810.0,1159,8149.00908
2570.0,1681,8153.10647
5250.0,1752,8157.123757
5140.0,1411,8159.886269
4070.0,1555,8163.55254
5150.0,1557,8167.267875
5360.0,1739,8171.723932
2270.0,1483,8175.184574
3460.0,1936,8187.279305
5210.0,1714,8191.613267
5130.0,1519,8195.102136
5280.0,1917,8199.178602
5280.0,1672,8202.861107
5340.0,1533,8206.278848
3760.0,1614,8210.384511
2250.0,1786,8221.330512
5160.0,1573,8224.994838
5180.0,1721,8228.957041
3750.0,1964,8233.831779
5250.0,1732,8237.611535
5180.0,1656,8241.626102
5380.0,1658,8245.300487
2760.0,1504,8257.035301
2730.0,1432,8260.108054
2560.0,1532,8263.735002
6250.0,1515,8267.412461
2010.0,1519,8271.082
5150.0,1730,8275.486946
2150.0,1735,8279.408204
4930.0,1657,8283.414335
5320.0,1650,8295.054654
5130.0,1586,8298.969543
5080.0,1840,8303.466244
2170.0,1555,8307.232278
5170.0,1646,8311.024934
3560.0,1361,8314.642024
3770.0,1611,8318.139188
5140.0,1558,8321.541218
5040.0,1447,8331.617746
4970.0,1315,8334.256853
5280.0,1474,8337.738226
5350.0,1459,8341.22436
5180.0,1763,8345.171747
2540.0,1583,8348.942882
5180.0,1668,8352.681511
3280.0,1160,8355.594443
2440.0,1633,8359.135279
3450.0,1601,8370.023872
4980.0,1889,8374.358277
5000.0,1389,8377.232867
2520.0,1410,8380.744393
5790.0,1799,8384.940214
4980.0,1566,8388.642639
5320.0,1444,8392.446105
3770.0,1552,8396.120074
2340.0,1333,8406.118665
5160.0,1720,8410.20336
3200.0,1257,8413.336568
5740.0,1666,8417.114349
5160.0,1528,8420.525166
5170.0,1455,8423.540835
5080.0,1684,8427.684005
4950.0,1712,8431.615246
5170.0,1491,8442.496269
5190.0,1741,8446.473332
3780.0,1961,8451.13785
1170.0,988,8453.3238
3770.0,1631,8456.934126
3870.0,1869,8461.15758
2660.0,1472,8464.178251
3750.0,1566,8467.699338
2580.0,1721,8479.276847
3520.0,1359,8482.168928
5170.0,1594,8485.945688
2090.0,1390,8489.361993
5160.0,1412,8492.914276
2300.0,1859,8497.252573
3790.0,1774,8501.547458
4180.0,1551,8504.950222
2150.0,1627,8514.912246
5150.0,1629,8518.687781
5360.0,1500,8522.419706
5190.0,1697,8526.39932
5180.0,1832,8530.926297
3730.0,1548,8534.539646
5180.0,1552,8538.260014
5320.0,1506,8541.949083
3770.0,1814,8552.62268
3780.0,1902,8556.930904
3540.0,1545,8560.591683
5170.0,1592,8564.460336
5180.0,1529,8568.127429
3780.0,1750,8572.114526
5180.0,1688,8576.342894
5180.0,1603,8587.060978
5260.0,1475,8590.068428
3410.0,1383,8593.444463
5190.0,1563,8596.956834
5490.0,1499,8600.594347
5340.0,1426,8604.196097
2160.0,1392,8607.264675
3760.0,1553,8610.957383
2220.0,1412,8614.389678
2360.0,1412,8625.324442
2470.0,1650,8628.945569
3390.0,2033,8633.489517
5180.0,1673,8637.084099
5170.0,1547,8640.622384
5370.0,1605,8644.433033
1740.0,1651,8648.52569
4170.0,1857,8659.886174
2300.0,1373,8663.208855
5180.0,1579,8666.952754
5170.0,1604,8670.356051
2510.0,1371,8673.349771
5170.0,1695,8676.893466
5270.0,1708,8680.789295
5170.0,1560,8684.425091
2270.0,1482,8688.062378
5170.0,1622,8698.903471
2460.0,1532,8702.660877
2530.0,1470,8706.320179
5360.0,1617,8710.207328
5190.0,1619,8713.633643
5080.0,1475,8716.789724
4970.0,2066,8721.694872
6930.0,1993,8733.804923
5140.0,1516,8737.471841
5180.0,1498,8740.69218
3750.0,2148,8746.076296
5180.0,1677,8749.878394
5160.0,1669,8753.601491
5370.0,1461,8756.598214
4960.0,1478,8759.773721
5180.0,1568,8770.706218
1690.0,1463,8774.211017
5140.0,1503,8777.533882
5670.0,1649,8782.040833
5890.0,2293,8787.502269
5380.0,1784,8791.907815
4180.0,1701,8795.575582
2950.0,1592,8806.327353
2180.0,1409,8809.878626
5370.0,1715,8813.897824
5380.0,1643,8817.779151
5000.0,2238,8823.044724
5180.0,1552,8826.636636
5170.0,1519,8830.243433
2360.0,1533,8833.777753
4960.0,1452,8843.998327
5180.0,1631,8847.647121
5170.0,1626,8851.363531
3790.0,1992,8855.974035
3760.0,1625,8859.742746
5320.0,1698,8863.942802
5390.0,1584,8867.775937
5190.0,1798,8872.254339
5160.0,1670,8883.282756
5160.0,1585,8886.802875
5290.0,1644,8890.708834
5190.0,2180,8896.254106
5280.0,1693,8900.0855
5160.0,1458,8903.507232
3780.0,1969,8908.317649
2130.0,1400,8919.11942
3780.0,1705,8923.548331
5160.0,1586,8927.05126
3700.0,2276,8932.367779
5150.0,1668,8936.376287
5170.0,1807,8940.769503
3450.0,1703,8944.552325
5160.0,1571,8956.480341
5370.0,1606,8960.248764
5180.0,1838,8965.069505
5040.0,1591,8968.85113
3760.0,1589,8972.751498
5160.0,1585,8976.766569
5170.0,1474,8980.599007
2350.0,1389,8983.846692
5190.0,2020,8995.972205
4170.0,1640,8999.844416
3790.0,1786,9004.415898
5180.0,1908,9008.751811
5180.0,1679,9013.015249
5350.0,1494,9016.477774
6630.0,2534,9022.481344
5360.0,1384,9034.279629
5180.0,1882,9038.839892
5860.0,1705,9042.554929
2550.0,1416,9045.98736
5260.0,1641,9050.165869
5190.0,1648,9054.356282
5180.0,1596,9058.32944
3770.0,1545,9062.098116
5170.0,1648,9074.305331
5390.0,1642,9078.498812
5770.0,1701,9082.54428
5160.0,1583,9086.26883
3770.0,1450,9090.094969
5470.0,1857,9094.638729
5170.0,1487,9098.583213
3770.0,1557,9102.523351
5380.0,1702,9114.643612
2140.0,1317,9118.203729
5170.0,1615,9122.311699
5370.0,1502,9125.790058
5180.0,1729,9129.715945
5160.0,1538,9133.685494
5150.0,1788,9138.527952
3770.0,1423,9141.81763
2970.0,1412,9153.730302
5180.0,1602,9157.577432
1760.0,996,9159.787234
4970.0,1597,9163.37425
5180.0,1608,9166.865987
2980.0,1637,9170.864394
5170.0,1754,9174.850889
5390.0,1860,9179.041467
2380.0,1445,9189.803946
5170.0,1504,9193.499156
5180.0,1522,9197.256106
5370.0,1598,9201.076709
4170.0,1510,9204.369376
5180.0,1553,9207.46785
5270.0,1458,9210.628512
5370.0,1529,9214.135466
2380.0,1479,9225.556276
5170.0,1574,9229.566512
5380.0,1796,9234.079538
3780.0,1605,9237.975857
5780.0,1874,9242.531614
5180.0,1635,9246.527404
2310.0,1209,9249.094827
3780.0,1657,9253.282346
5180.0,1589,9263.954495
5180.0,1691,9268.01614
5380.0,2068,9273.025471
5180.0,1566,9276.885443
5170.0,1625,9280.562395
5380.0,1726,9284.768383
5180.0,1475,9288.10504
5180.0,1661,9291.55114
2770.0,1613,9303.845416
3780.0,1752,9308.344017
4920.0,1628,9312.555796
5180.0,1768,9316.758916
4170.0,1637,9320.834323
4970.0,1504,9324.582312
5370.0,1546,9327.958761
4150.0,1587,9338.696882
2020.0,1301,9341.91265
5180.0,1594,9345.870358
2970.0,1531,9349.716733
5020.0,1429,9353.280031
2740.0,1392,9356.561084
3760.0,1556,9360.402001
2470.0,1522,9364.287432
3780.0,1528,9368.118226
6590.0,1724,9379.507967
5170.0,1492,9382.684843
3570.0,1539,9386.37328
2980.0,1873,9391.360316
1640.0,1655,9395.451674
5370.0,1620,9399.504373
5180.0,2010,9404.762619
5100.0,1547,9408.61732
3790.0,1720,9420.228885
5190.0,1696,9424.456411
5180.0,1571,9428.20149
5780.0,1636,9432.22233
5170.0,1617,9436.109097
5180.0,1495,9439.887812
5190.0,2262,9445.304325
2130.0,1519,9455.775215
5180.0,1564,9459.501204
5190.0,1687,9463.418212
5370.0,1414,9466.587339
5780.0,1643,9470.078264
5140.0,1327,9473.298926
5360.0,1633,9477.153261
5180.0,1474,9480.794986
5470.0,1596,9491.831859
3780.0,1660,9495.482816
5180.0,1465,9498.89151
5050.0,1620,9502.883022
5180.0,1790,9506.890496
5370.0,1600,9510.416335
5170.0,1868,9514.997657
5190.0,1756,9519.346213
5180.0,1573,9531.347971
3780.0,1548,9535.340799
5380.0,1715,9539.815814
5770.0,1611,9543.607402
5180.0,1595,9547.656755
5180.0,2087,9552.433394
5380.0,1629,9555.908203
5180.0,1714,9568.018765
3770.0,2021,9573.262439
5380.0,1686,9577.708574
5380.0,1692,9581.597086
5180.0,1646,9585.488999
5180.0,1590,9589.416393
2570.0,1865,9594.123603
4180.0,1602,9597.677023
5190.0,1668,9609.781558
3780.0,1744,9613.834304
2010.0,1525,9617.590498
2790.0,1825,9622.200093
5180.0,1885,9626.553722
3400.0,1389,9630.107505
3770.0,1588,9634.095913
5290.0,1554,9645.339113
2360.0,1334,9648.935038
5180.0,1444,9652.580033
5170.0,1532,9656.217106
5180.0,1756,9660.843391
5160.0,1723,9664.814337
5780.0,1679,9668.84569
5180.0,1729,9673.357335
5390.0,1818,9684.819122
5370.0,1687,9688.751076
5180.0,1607,9693.087803
5180.0,1642,9697.12904
4990.0,1721,9701.314002
1780.0,1408,9705.039158
5180.0,1704,9709.021306
3780.0,1628,9712.909812
5180.0,2331,9726.146696
5160.0,1443,9729.114505
5180.0,2138,9734.115176
5380.0,1790,9738.213797
2940.0,1477,9741.841366
5170.0,1486,9745.634004
4190.0,1579,9749.610398
2380.0,1479,9761.071544
5180.0,1626,9765.297264
5180.0,1607,9769.05538
2670.0,1650,9772.945662
5170.0,1499,9776.370304
5380.0,1587,9780.019532
5100.0,1579,9784.049396
5380.0,1601,9787.941627
3750.0,1529,9799.926311
5370.0,1639,9804.082106
5780.0,1633,9808.009057
4170.0,1594,9811.838513
4980.0,1519,9815.635428
3780.0,1981,9820.851782
5190.0,1894,9825.672392
5190.0,1644,9829.942777
5190.0,1844,9841.922189
3770.0,1700,9846.462258
5190.0,1826,9850.633927
4970.0,1593,9854.286499
2680.0,1339,9857.541649
5180.0,1644,9861.32511
5180.0,1662,9865.049297
5180.0,1563,9875.620472
5770.0,1611,9879.199589
5160.0,1498,9882.749797
5170.0,1397,9886.095057
5190.0,1929,9890.646279
5010.0,1449,9894.078751
5380.0,1637,9897.920791
5170.0,1472,9901.081662
3770.0,1456,9904.424603
2970.0,1482,9915.062429
3780.0,2182,9920.02813
5370.0,1577,9923.782973
3470.0,1581,9927.783049
2320.0,1300,9931.020217
5290.0,1761,9935.016002
5280.0,1554,9938.608769
5380.0,1608,9949.336039
5180.0,2190,9954.718726
5180.0,1561,9958.18432
5170.0,1544,9961.592195
1590.0,1105,9964.175404
3350.0,1516,9967.999842
5180.0,1472,9971.665532
5380.0,1750,9975.760916
1460.0,1408,9986.849155
5170.0,1533,9990.21914
5470.0,1618,9993.680753
5170.0,1832,9997.656627
5180.0,1627,10001.112373
1830.0,1384,10004.175099
5180.0,1647,10008.097615
5280.0,1602,10011.86908
5380.0,1528,10022.723029
5180.0,1557,10026.469372
5180.0,1560,10030.174239
5380.0,1612,10033.58686
3310.0,1885,10038.073696
5170.0,1480,10041.584618
2790.0,1759,10045.646013
2390.0,1656,10049.648175
5380.0,1622,10060.289103
2370.0,1554,10063.956844
5380.0,1519,10067.543484
5380.0,1688,10071.845424
5380.0,1627,10075.450001
5380.0,1559,10078.857699
5680.0,1512,10082.194351
2370.0,1475,10085.503484
5390.0,1569,10097.129642
5170.0,1830,10101.24342
5190.0,1623,10104.979342
5180.0,1480,10108.499753
5150.0,1542,10112.115382
2990.0,1835,10116.480368
5180.0,2289,10121.340673
5180.0,1660,10131.880648
5180.0,1657,10135.81373
5780.0,1473,10139.362297
5180.0,1536,10142.928423
5280.0,1836,10147.390725
5180.0,1636,10151.192103
3770.0,1589,10154.88904
5080.0,1494,10158.36509
5110.0,1591,10168.567474
2770.0,1437,10172.080346
5380.0,1514,10175.840921
5180.0,1495,10179.030147
3780.0,1787,10183.463979
2480.0,1428,10186.98218
5180.0,1745,10191.00125
5180.0,1564,10194.587119
5170.0,1465,10198.087495
5160.0,1353,10208.156499
5550.0,1515,10211.934851
3490.0,1371,10215.441791
5190.0,1677,10219.272996
4990.0,1670,10223.190488
5380.0,1854,10227.700733
5180.0,1526,10231.360502
5180.0,1591,10235.045093
3760.0,1398,10245.464828
3780.0,1489,10248.310236
5180.0,1721,10252.359318
5190.0,1635,10256.054887
5580.0,1484,10259.498081
5180.0,1460,10262.952206
5380.0,1592,10266.709754
5580.0,1561,10270.386938
3780.0,1577,10281.54537
5170.0,1620,10285.385571
3790.0,1587,10289.106901
5190.0,1822,10293.032544
5180.0,1645,10297.414537
5290.0,1721,10301.480954
5180.0,1468,10305.018299
2960.0,1521,10308.491611
5180.0,1536,10320.012062
5760.0,1602,10323.88449
5380.0,1590,10327.713733
5190.0,1576,10331.081681
5180.0,1780,10334.687988
3790.0,1767,10339.223128
5090.0,2229,10344.328284
5190.0,1636,10356.43436
5380.0,1601,10360.199984
5180.0,1580,10363.891743
5380.0,1512,10367.574624
3780.0,1556,10370.950133
5380.0,1627,10374.252807
5180.0,1658,10377.84403
2390.0,1758,10382.347683
5160.0,1433,10393.406603
5760.0,1497,10396.616976
2310.0,1231,10399.725408
3780.0,1738,10403.782344
5180.0,1517,10407.397358
5780.0,1526,10410.903064
5190.0,1794,10414.741552
5180.0,1643,10418.026105
5180.0,1805,10429.416074
5180.0,1629,10433.314422
5180.0,1388,10436.757053
3780.0,1593,10440.445056
5180.0,1603,10444.135833
5070.0,2059,10448.997848
3790.0,1639,10452.677573
5170.0,1568,10455.878093
5180.0,1576,10467.392112
5170.0,1601,10471.121897
5180.0,1497,10474.694547
5180.0,1480,10478.338061
3780.0,1476,10481.842517
5180.0,1615,10485.629593
5180.0,1529,10489.369502
4980.0,1648,10493.231381
2980.0,1572,10504.369535
1060.0,912,10506.551991
3580.0,1714,10510.446181
5380.0,1552,10514.096714
5170.0,1543,10517.679152
3780.0,1732,10522.115181
2430.0,1813,10526.275434
5180.0,1678,10530.181631
5170.0,1542,10540.997653
3780.0,1829,10545.546138
5670.0,1592,10549.201323
5180.0,1561,10552.981021
5390.0,1933,10557.762014
5380.0,1551,10561.450576
5180.0,1586,10565.055895
5180.0,1743,10576.26226
5380.0,1566,10579.609459
3780.0,1833,10583.428602
5190.0,1759,10587.275965
4160.0,1588,10590.992315
5180.0,1604,10594.724514
2980.0,1740,10599.149683
2770.0,1584,10603.105493
5380.0,1655,10614.741727
5180.0,1653,10618.438797
2180.0,1567,10621.930065
3460.0,1354,10624.873589
5380.0,1604,10628.318705
5060.0,1516,10631.884832
1790.0,1009,10634.211264
5170.0,1797,10638.299147
2130.0,1443,10641.887404
5160.0,1462,10653.690792
5170.0,1542,10657.338888
5180.0,1528,10660.985698
5180.0,1809,10664.655543
5160.0,1499,10667.911644
5370.0,1681,10671.762291
2240.0,1258,10674.924681
5380.0,1747,10678.86074
3770.0,1489,10689.725087
4980.0,1697,10693.62241
5380.0,1586,10697.423927
5380.0,1567,10701.011481
3780.0,1550,10704.383837
3080.0,1652,10707.791697
5170.0,1632,10711.637115
4190.0,1705,10723.100276
1920.0,1204,10725.756844
2300.0,1460,10729.320042
5180.0,1519,10732.898406
5180.0,1737,10736.843646
5160.0,1582,10740.444785
5190.0,1770,10744.792284
4180.0,1648,10748.321816
5290.0,1806,10759.171484
5380.0,1588,10762.851654
5380.0,1599,10766.718349
5380.0,1816,10771.444115
4890.0,1442,10775.100307
3780.0,1542,10778.718917
5180.0,1798,10782.578054
5180.0,1620,10786.474433
5180.0,1642,10796.889191
5380.0,1566,10800.906261
5180.0,1650,10804.798414
5180.0,1516,10808.485353
3780.0,1604,10812.345321
5180.0,1725,10816.26708
5170.0,1630,10820.324432
5380.0,1670,10824.296186
5380.0,1502,10835.139493
2050.0,1542,10838.535927
5180.0,1593,10842.141907
5180.0,1535,10846.004186
5170.0,1606,10849.910035
1930.0,1333,10853.200944
5380.0,1493,10857.032506
3780.0,1609,10860.999537
5380.0,1600,10872.067057
820.0,934,10874.126473
5180.0,1840,10877.688844
5180.0,1834,10881.918343
5180.0,1601,10885.668974
5190.0,1625,10889.566098
5170.0,1524,10893.267109
5180.0,1634,10897.095161
5090.0,1492,10907.74831
2620.0,1402,10911.126062
5180.0,2013,10915.446551
5180.0,1540,10918.466033
5180.0,1576,10921.911963
5190.0,1860,10926.011011
5180.0,1489,10929.561211
3790.0,1614,10933.265792
5090.0,1581,10944.037314
3780.0,1736,10948.336377
2480.0,1406,10951.246387
5780.0,1469,10954.600669
5180.0,1895,10958.733881
3790.0,1628,10962.012707
3790.0,1785,10965.925447
5180.0,1662,10970.178887
5180.0,1808,10981.588208
5380.0,1687,10985.500893
5180.0,1545,10989.211766
5380.0,1462,10992.704116
5170.0,1530,10996.230988
5380.0,1580,10999.66708
5380.0,1628,11003.212646
5480.0,1626,11006.763689
5190.0,1691,11018.844412
5390.0,1739,11022.814378
5380.0,1562,11026.543246
1810.0,1102,11029.164192
2110.0,1494,11032.843112
4740.0,2087,11037.775211
5170.0,1484,11041.134275
3780.0,1561,11044.349731
3770.0,1557,11054.524072
5180.0,1596,11058.278435
5180.0,1504,11061.841935
5190.0,1740,11065.861949
5190.0,1714,11069.86499
3790.0,1764,11074.217605
2480.0,1698,11078.162313
5180.0,1517,11089.041198
5180.0,1529,11092.962071
5380.0,1503,11096.750086
5380.0,1584,11100.749635
5180.0,1630,11104.828821
3780.0,1648,11109.024498
3150.0,1447,11112.721712
3780.0,1693,11116.894769
5180.0,1623,11128.547847
5180.0,1517,11132.148817
5180.0,1659,11136.649
3780.0,1758,11141.153319
5180.0,1619,11145.395408
5390.0,1782,11149.612047
5380.0,1606,11153.884817
5180.0,1638,11157.804653
5180.0,1648,11170.279292
3680.0,1713,11174.267663
3780.0,1665,11178.347848
5180.0,1577,11182.265383
5370.0,1441,11186.075325
3150.0,1481,11189.842783
5180.0,1590,11193.89919
3780.0,1537,11197.95583
5180.0,1666,11209.676388
5380.0,1648,11213.778343
5180.0,1686,11217.967456
5180.0,1465,11221.510843
5380.0,1712,11225.7818
5180.0,1963,11230.955422
5180.0,1649,11235.027
5180.0,1591,11238.8273
5180.0,1544,11250.583735
2080.0,1441,11254.42485
5370.0,1629,11258.502487
5180.0,1582,11262.020065
5370.0,1835,11266.131619
5390.0,1684,11270.839211
3520.0,1502,11274.710364
5780.0,1687,11278.65314
2550.0,1475,11290.127715
3790.0,1861,11294.524372
5380.0,1661,11298.608639
2010.0,1091,11301.245232
5810.0,2165,11306.42592
540.0,688,11307.832313
5290.0,1878,11312.475848
5380.0,1589,11316.482994
3420.0,1495,11327.482175
5180.0,1848,11332.338818
5180.0,1535,11336.238606
3780.0,1441,11339.964268
6090.0,1955,11344.987778
5180.0,1624,11348.832032
5190.0,1547,11352.20055
5280.0,1395,11354.979853
1210.0,1204,11365.810463
5370.0,1502,11369.339267
5270.0,1571,11373.090415
5080.0,1548,11376.880095
3780.0,1606,11380.643399
5170.0,1423,11383.916999
5390.0,2153,11389.37121
5150.0,1476,11392.318035
5180.0,1753,11402.881624
5380.0,1461,11406.641174
5180.0,1735,11410.973421
5180.0,1639,11415.050554
5190.0,1777,11419.872913
5180.0,1540,11423.588118
5180.0,1528,11426.629988
4170.0,1600,11430.785846
5370.0,1676,11441.081392
3780.0,1646,11444.790476
5180.0,1532,11448.420112
3780.0,1571,11451.894256
5180.0,1585,11455.443033
5590.0,1750,11459.346806
3780.0,1675,11463.365896
5180.0,1663,11474.027479
3790.0,1706,11477.545971
5180.0,1692,11480.986348
5480.0,1665,11484.649004
5180.0,1846,11488.446489
5170.0,1550,11491.971658
4190.0,1928,11496.393738
3780.0,1647,11500.32392
5190.0,1561,11510.891555
5170.0,1629,11514.669317
5190.0,1769,11519.129944
5390.0,1739,11522.985016
5370.0,1562,11526.182137
5170.0,1458,11529.476761
5170.0,1786,11533.544327
3580.0,1556,11546.392896
5180.0,1641,11550.464196
3790.0,1681,11554.734555
4980.0,1802,11559.079032
5180.0,1601,11563.067124
5180.0,1537,11566.800371
5280.0,1511,11570.254311
2870.0,1627,11573.764514
5170.0,1558,11585.425904
5380.0,1597,11589.337853
3980.0,1471,11593.25035
3780.0,1690,11597.271417
3780.0,1782,11601.76544
5380.0,1490,11605.504485
5180.0,1851,11609.561362
3780.0,1838,11613.90027
5380.0,1590,11626.339698
5180.0,1648,11630.402555
5380.0,1620,11633.871549
5180.0,2010,11638.673161
5280.0,1480,11642.262651
5380.0,1674,11646.426895
5190.0,1600,11650.000871
3850.0,1583,11660.730002
2400.0,1398,11664.182139
5180.0,1625,11668.209585
5380.0,1564,11672.161547
5180.0,1650,11676.281766
4980.0,1657,11680.70924
2560.0,1615,11684.583748
5190.0,1814,11688.813455
5180.0,1555,11700.385945
5180.0,1593,11704.212833
5180.0,1566,11708.062201
5180.0,1464,11711.768352
1130.0,1033,11714.423778
5380.0,1673,11718.456575
5180.0,1534,11722.172104
1140.0,859,11724.316817
5180.0,1814,11728.378783
5180.0,1617,11739.613862
5190.0,1698,11743.947659
5180.0,1654,11747.780231
5170.0,1427,11751.324471
5280.0,1649,11755.269009
1950.0,1364,11758.453037
5180.0,1493,11762.013894
3780.0,1670,11766.31244
5190.0,1887,11778.694347
5380.0,1572,11782.695608
5190.0,1523,11786.448846
3770.0,1513,11790.164682
3780.0,1706,11794.291391
3780.0,1518,11798.013884
5180.0,1562,11801.811341
5180.0,1555,11805.581071
2200.0,1585,11816.905467
2380.0,1638,11821.470992
5170.0,1632,11825.442322
5190.0,1934,11829.900494
3780.0,1541,11833.685914
5180.0,1683,11838.06211
5180.0,1492,11841.359069
5180.0,1699,11845.816293
1440.0,1371,11856.527565
2580.0,1460,11860.259902
3780.0,1565,11864.265208
5180.0,1735,11868.993001
3780.0,1632,11872.872064
5170.0,1532,11876.401516
4180.0,1840,11880.503998
3470.0,1574,11884.127727
5770.0,1546,11895.330498
5180.0,1646,11899.407183
5180.0,1690,11903.965669
3780.0,1494,11907.363391
5170.0,1522,11911.328374
5180.0,1610,11915.3483
5180.0,1571,11919.480152
5380.0,1626,11923.462053
5160.0,1548,11934.861115
5180.0,1760,11938.97184
3780.0,1573,11942.95906
3790.0,1806,11947.550982
5790.0,2044,11951.958165
5180.0,1601,11956.16472
5180.0,1695,11959.854696
3780.0,1553,11970.438159
5480.0,1675,11974.079036
4180.0,1663,11977.825945
3780.0,1455,11981.238018
3780.0,1541,11984.731342
7000.0,2685,11990.731784
5180.0,1768,11995.037923
5380.0,1650,12006.369513
5380.0,1531,12009.953944
5180.0,1504,12013.624129
5180.0,1587,12017.367316
5180.0,1553,12020.924925
5190.0,1536,12024.574078
3790.0,1987,12029.360611
5380.0,1873,12033.645076
5180.0,1625,12044.594644
4180.0,1590,12048.171438
5530.0,2238,12053.6222
5180.0,1768,12057.446713
3780.0,1711,12061.106867
5180.0,1934,12065.736873
5170.0,1705,12070.04367
3780.0,1565,12081.327482
5470.0,1350,12084.199886
2380.0,1447,12087.558966
5380.0,1592,12091.300178
3780.0,1728,12095.21418
5190.0,1581,12098.824565
5180.0,1630,12102.434978
2140.0,1697,12106.732062
5270.0,1435,12117.548321
3780.0,1599,12121.307697
3790.0,1860,12125.176509
3780.0,1775,12129.264787
5160.0,1434,12132.286405
5380.0,1522,12135.913063
5350.0,1787,12140.190238
5180.0,1588,12143.716932
3780.0,1493,12153.777282
3580.0,1463,12156.9034
2970.0,1418,12160.33521
5180.0,1660,12164.126512
1310.0,1110,12166.595128
5370.0,1391,12170.002144
5180.0,1560,12173.421754
3780.0,1536,12176.945691
5380.0,1576,12188.491941
2660.0,1374,12191.718905
3770.0,1476,12195.291792
5180.0,1577,12198.882687
3780.0,1677,12202.857236
5190.0,1924,12207.424218
5390.0,1905,12211.280158
5180.0,1669,12214.836196
5380.0,1763,12226.403179
2460.0,1333,12229.114466
5180.0,1444,12232.398475
5180.0,1541,12235.922658
3780.0,1638,12239.676726
800.0,829,12241.725705
5170.0,1616,12245.441019
5360.0,1588,12249.045197
930.0,921,12251.126962
5180.0,1483,12262.018876
4180.0,1612,12265.780086
3780.0,1719,12269.592916
5260.0,1835,12273.591491
5180.0,1613,12277.195358
5180.0,1600,12280.917211
3780.0,1657,12284.8438
3790.0,1675,12288.854914
5190.0,1845,12300.663169
5180.0,1776,12304.654988
5180.0,1724,12309.166598
5380.0,1686,12313.189739
5170.0,1419,12316.416003
5270.0,1694,12320.009324
5390.0,1623,12323.716994
5390.0,1932,12335.707586
4280.0,1624,12339.301368
5080.0,1437,12342.645352
5180.0,1624,12346.47613
5380.0,1717,12350.465886
5180.0,1433,12354.036744
5180.0,1693,12357.712169
3790.0,1602,12361.263945
5190.0,1611,12372.259555
5170.0,1476,12375.865532
2770.0,1541,12379.15449
5180.0,1631,12382.640311
5180.0,1601,12386.391701
5180.0,1845,12390.940356
5790.0,1922,12395.748633
5330.0,1620,12399.363319
4670.0,2668,12412.761465
5180.0,1742,12416.695767
3790.0,1674,12420.316369
5380.0,1618,12424.077113
5180.0,1943,12428.270993
5180.0,1604,12431.930762
5170.0,1672,12436.079877
5380.0,1593,12446.662921
2380.0,1441,12449.646724
4180.0,1508,12453.267358
3790.0,1566,12457.079739
5180.0,1626,12460.675309
1580.0,1364,12464.092252
3780.0,1724,12467.950268
5180.0,1535,12471.633538
6590.0,2346,12484.736301
5380.0,1530,12488.305378
3780.0,1638,12491.994009
5180.0,1941,12496.883017
5180.0,1684,12500.766933
5380.0,1607,12504.268152
3780.0,1838,12508.538344
3770.0,1674,12519.232251
5170.0,1453,12522.685385
5180.0,1656,12526.450545
5180.0,1592,12530.210872
3780.0,1505,12533.739383
3770.0,1484,12537.179884
5380.0,1683,12541.179888
5180.0,1471,12544.771656
5390.0,1761,12555.868443
5380.0,1624,12559.531991
5720.0,1793,12563.876568
5180.0,1597,12567.751148
3780.0,1549,12571.404734
5170.0,1843,12575.312728
5180.0,1768,12579.452792
3780.0,1481,12590.410403
3780.0,1809,12594.464386
5380.0,1686,12598.447177
5790.0,1799,12602.612604
5180.0,1540,12606.216776
5380.0,1578,12609.986544
5160.0,1559,12613.718275
5190.0,1532,12617.094697
5380.0,1622,12628.264888
5180.0,1867,12632.491227
5190.0,1674,12636.309496
3150.0,1362,12639.270771
2980.0,1634,12643.31637
5540.0,1702,12647.270408
2180.0,1721,12651.159803
5180.0,1539,12654.842515
5190.0,1590,12666.170694
5180.0,1551,12669.828401
5780.0,1843,12674.159429
5180.0,1590,12677.756209
5180.0,1566,12681.440883
5180.0,1697,12685.357147
2370.0,1415,12688.783857
2590.0,1548,12692.430354
5190.0,1656,12703.570999
5190.0,1832,12707.843829
5780.0,1652,12711.497374
5190.0,1570,12714.820615
1660.0,1490,12718.284555
5180.0,1551,12721.968563
5390.0,1597,12725.859617
5180.0,1608,12729.715544
5190.0,1551,12740.939252
5190.0,1803,12744.661994
5180.0,1573,12748.216281
2780.0,1434,12751.754039
3790.0,2119,12756.626755
2040.0,1295,12759.7611
5380.0,1684,12763.641968
3790.0,1837,12774.539067
5190.0,1688,12778.80781
5180.0,1622,12782.542076
5380.0,1529,12785.833811
5180.0,1527,12789.110971
3790.0,1860,12793.453305
2570.0,1611,12797.336452
2790.0,1729,12801.898297
5380.0,1495,12813.55955
3780.0,1605,12817.274404
5390.0,1682,12821.20467
3790.0,2007,12825.87139
5290.0,1618,12829.393274
5190.0,1905,12833.577826
5390.0,1722,12837.130697
3790.0,1672,12848.077797
5180.0,1549,12851.809763
5380.0,1617,12855.770323
2780.0,1595,12859.586104
2790.0,1571,12863.361027
5380.0,1534,12866.934248
5380.0,1686,12870.694001
1880.0,1406,12873.907717
5780.0,1576,12884.367164
5190.0,1620,12888.066935
5180.0,1600,12891.781618
5180.0,1843,12896.227743
3790.0,1493,12899.899933
3780.0,1502,12903.467865
2390.0,1568,12907.133763
5190.0,1765,12911.088418
5180.0,1406,12920.912016
2180.0,1383,12924.219127
3760.0,1729,12928.411862
5180.0,1548,12932.182251
3790.0,1795,12936.156775
5180.0,1432,12939.642882
5370.0,1419,12942.941819
5180.0,1508,12946.400985
5370.0,1618,12957.498819
5180.0,1757,12961.005375
2770.0,1582,12964.587708
5190.0,1524,12968.233315
3790.0,1640,12972.219772
5180.0,1598,12975.958907
5180.0,1606,12980.053729
5190.0,1690,12984.056437
5180.0,1607,12995.500644
5190.0,1786,12999.349488
5180.0,1615,13002.636162
5190.0,1754,13006.727359
5180.0,1570,13010.532823
3320.0,2245,13016.015155
2390.0,1829,13020.503394
3790.0,1744,13031.581285
3780.0,1516,13035.059265
5370.0,1477,13038.548579
2280.0,1551,13042.080245
5180.0,1453,13045.507576
5180.0,1731,13049.32355
5190.0,1626,13053.184937
5190.0,2090,13058.117204
5180.0,1614,13068.719332
3780.0,1677,13072.503969
5380.0,2072,13077.399948
2050.0,1398,13081.059849
5190.0,1752,13084.747146
2610.0,1390,13087.885449
4960.0,1760,13091.939889
2790.0,1617,13095.737288
2980.0,1573,13105.937763
5770.0,1601,13109.617364
3790.0,1779,13113.64038
6570.0,1550,13117.390694
3990.0,1661,13121.338281
1910.0,1590,13124.896482
2650.0,1668,13128.682047
2370.0,1476,13131.495598
2210.0,1277,13141.43689
2380.0,1824,13145.626068
2380.0,1556,13149.341397
5190.0,1612,13153.373241
5190.0,1969,13157.682694
5390.0,1889,13162.17785
5180.0,1552,13165.753125
5190.0,1990,13176.861734
3090.0,1546,13180.555634
5370.0,1462,13184.024688
5180.0,1799,13188.102197
5190.0,1726,13192.118852
4970.0,1436,13195.674134
5180.0,1701,13199.896198
5390.0,1569,13203.731972
3780.0,1611,13214.077994
5190.0,1757,13217.950381
2990.0,1868,13222.486741
5180.0,1567,13226.15693
5190.0,1997,13230.936148
3180.0,1411,13234.014741
5180.0,1661,13237.873193
5580.0,1974,13250.154607
5180.0,1646,13253.56793
5190.0,1958,13257.889338
5180.0,1572,13261.547716
3360.0,1617,13265.459268
3580.0,1826,13270.189744
1290.0,1280,13273.187854
5180.0,1605,13276.988222
5300.0,1475,13288.4408
5380.0,1554,13292.220802
5180.0,1729,13296.182562
5180.0,1855,13299.74835
2380.0,1698,13303.399121
2660.0,1283,13306.734259
2350.0,1367,13310.110598
5180.0,1736,13314.060119
5180.0,1582,13325.216257
5380.0,1699,13329.195199
5180.0,1428,13332.644668
5190.0,1807,13337.039896
5190.0,1750,13340.584506
5180.0,1469,13343.681822
5190.0,1612,13347.465119
2980.0,1628,13351.506355
5180.0,1571,13362.934862
5180.0,1383,13366.287322
2370.0,1413,13369.408303
3610.0,1651,13373.601278
3780.0,1570,13377.21627
5190.0,1776,13381.023864
5490.0,1540,13384.088748
3780.0,1536,13387.205349
2190.0,1562,13398.012535
5180.0,1686,13402.131517
4190.0,1609,13406.113002
5380.0,1690,13410.105154
2780.0,1477,13413.659308
5180.0,1490,13417.172401
5370.0,1315,13420.426149
5180.0,1598,13424.269946
2580.0,1743,13435.433942
5190.0,1606,13439.042596
3770.0,1579,13442.740283
5180.0,1608,13446.531346
2990.0,1627,13450.250951
2570.0,1411,13453.76109
5380.0,1559,13457.615843
5180.0,1667,13461.673056
5190.0,1672,13473.538788
5380.0,1577,13477.293497
5180.0,1452,13480.604422
5180.0,1501,13484.134949
3780.0,1586,13487.929716
3780.0,1808,13492.402562
3820.0,1290,13495.186476
5190.0,1659,13499.282095
5380.0,1735,13510.587731
5160.0,1409,13513.674636
5190.0,1825,13517.498661
5180.0,1488,13521.10459
2980.0,1776,13525.166954
5180.0,1746,13529.526048
3360.0,1301,13532.510791
5180.0,1590,13536.248232
2760.0,1329,13547.352062
5190.0,1926,13552.0258
5170.0,1579,13555.229916
5180.0,1603,13558.593315
5180.0,1548,13562.200081
3080.0,1618,13565.908944
2360.0,1341,13568.743022
5380.0,1795,13572.960432
3950.0,1622,13583.709652
5180.0,1695,13587.663383
5180.0,1522,13591.319458
2360.0,1463,13594.764126
3780.0,1564,13598.00884
2760.0,1327,13601.052155
5180.0,1417,13603.955495
5180.0,1629,13607.658003
5390.0,1493,13618.23771
3780.0,1465,13621.745373
5360.0,1523,13625.403949
5180.0,1607,13629.153082
5380.0,1611,13632.837003
3780.0,1619,13636.65803
5190.0,1590,13640.065169
5190.0,1509,13643.267106
1670.0,1299,13653.916065
3780.0,1521,13657.619445
2780.0,1509,13661.177306
5180.0,1475,13664.911653
5180.0,1557,13668.741493
3780.0,1564,13672.43218
5190.0,1697,13676.371203
2190.0,1615,13680.02887
5180.0,1576,13690.695416
2370.0,1560,13694.349746
5400.0,1577,13697.943012
2550.0,1663,13701.779236
2090.0,1401,13705.175165
2770.0,1626,13709.047116
5180.0,1662,13712.783807
2360.0,1434,13716.217548
5190.0,1593,13719.969327
4180.0,1551,13730.46885
5380.0,1760,13734.909591
5170.0,1427,13738.018619
5180.0,1705,13742.297737
5180.0,1528,13745.43846
3780.0,1571,13749.491907
5180.0,1594,13753.579078
5190.0,1551,13757.202245
5190.0,1606,13767.873892
570.0,821,13769.451508
2260.0,1508,13773.01337
5180.0,1506,13776.63588
2570.0,1547,13780.243735
5790.0,1507,13783.790016
5180.0,1534,13787.406634
5380.0,1657,13791.235517
3580.0,1792,13802.794403
3740.0,1582,13806.460406
4990.0,1586,13810.160749
5380.0,1670,13814.107459
5380.0,1603,13818.05195
5380.0,1573,13821.956989
5180.0,1406,13825.355441
5190.0,1707,13829.363997
5180.0,1554,13840.195371
5180.0,1470,13843.839118
2170.0,1418,13847.556917
5730.0,2096,13852.400554
5390.0,1549,13855.697834
5190.0,1742,13859.220297
3780.0,1476,13862.574689
3750.0,1694,13866.455955
3770.0,1441,13877.528652
5180.0,1530,13881.145241
5190.0,1621,13884.869157
2690.0,1576,13888.573058
5180.0,1648,13892.308207
5380.0,1630,13896.132786
5180.0,1618,13900.035322
5390.0,1695,13904.603332
3780.0,1552,13915.922715
3780.0,1552,13919.599267
2780.0,1618,13923.347726
5180.0,1535,13927.030064
5160.0,1503,13930.62443
5080.0,1343,13933.599772
5170.0,1707,13937.630576
5180.0,1536,13940.60166
3780.0,1592,13952.074779
5710.0,1859,13956.397236
5180.0,1764,13960.750753
5380.0,1718,13964.699949
5180.0,1527,13968.377582
5180.0,1695,13972.259111
3790.0,1593,13976.193482
2520.0,1655,13986.429816
2580.0,1558,13989.818861
5180.0,1575,13993.346549
4170.0,1484,13996.958487
5180.0,1692,14000.878922
2880.0,1795,14005.225595
5390.0,1776,14009.437187
2050.0,1647,14013.681708
5180.0,1507,14024.201676
5170.0,1466,14027.418657
5180.0,1533,14030.668585
5170.0,1670,14034.08917
4980.0,1779,14038.655202
4040.0,1901,14043.462267
5190.0,1821,14047.569448
5380.0,1441,14051.044719
5380.0,1752,14062.341708
5390.0,1696,14066.118567
3780.0,1568,14069.694284
5380.0,1649,14073.514496
5190.0,1855,14077.273322
5390.0,1859,14081.68949
4860.0,1695,14085.583912
5180.0,1535,14096.725189
2780.0,1477,14100.35299
5190.0,1823,14104.332491
5180.0,1562,14107.642227
5380.0,1648,14111.430014
2070.0,1594,14114.886809
5190.0,1771,14118.781909
5390.0,1585,14122.271721
2980.0,1435,14132.714156
5070.0,1467,14136.220654
3780.0,1741,14140.179142
5380.0,1689,14144.216704
5180.0,1539,14147.807245
2780.0,1715,14151.937239
5180.0,1610,14155.601662
5380.0,1620,14159.355096
5180.0,1664,14170.059159
5180.0,1588,14173.956372
5170.0,1634,14177.69836
5180.0,1631,14181.487235
2590.0,1954,14186.121924
5180.0,1582,14189.812751
5180.0,1619,14193.289098
5190.0,1529,14196.635003
5190.0,1430,14207.114241
5190.0,1552,14210.695031
5180.0,1719,14214.667678
5390.0,1688,14219.014592
2980.0,1568,14222.707101
3780.0,1520,14226.343866
5190.0,1848,14230.538572
3790.0,1440,14233.875433
5180.0,1703,14244.764782
5380.0,1694,14248.366932
4430.0,1989,14252.965965
5270.0,1743,14257.300271
5380.0,1770,14261.317872
2390.0,1728,14265.275445
5190.0,1616,14269.359784
2580.0,1787,14281.149817
5180.0,1658,14284.907799
5160.0,1488,14288.203737
2590.0,1870,14292.556132
1940.0,1258,14295.389564
2260.0,1348,14298.69248
5180.0,1544,14302.397777
5190.0,1766,14306.352713
5180.0,1702,14318.40713
5180.0,1661,14321.872261
3790.0,1686,14325.820586
2290.0,2151,14330.577886
5380.0,1635,14334.224962
2980.0,1525,14337.861324
5180.0,1668,14341.852137
5180.0,1712,14353.539604
2780.0,1615,14357.528746
2780.0,1490,14360.539531
5180.0,1574,14364.138303
2720.0,1459,14367.610231
4240.0,1799,14371.857244
5380.0,1551,14375.271607
5390.0,1612,14379.077671
5390.0,1808,14390.794398
5380.0,1566,14394.483351
5180.0,1497,14398.095805
4970.0,1477,14401.326823
5180.0,1531,14404.606578
5380.0,1625,14408.120414
2210.0,1700,14411.928045
2770.0,1468,14415.416731
