#{"t_start": 1678673923.6720724, "env_id": "MsPacman-v4"}
r,l,t
2350.0,1188,7.628312
2240.0,1297,11.124032
2080.0,1490,15.330683
3060.0,1738,20.318096
2460.0,1420,24.473737
2440.0,1423,28.379993
2570.0,1372,32.565008
2410.0,1481,36.657118
2280.0,1702,50.219581
2420.0,1534,54.823595
2440.0,1583,59.159356
2300.0,1339,62.786904
2410.0,1494,66.905943
2490.0,1477,71.495736
1990.0,1320,75.085003
2410.0,1421,79.462367
2980.0,1187,82.773511
2330.0,1572,95.590685
2450.0,1698,100.864141
2440.0,1394,104.301502
2620.0,1700,110.022098
2380.0,1231,113.623063
1890.0,1592,118.515205
2230.0,1275,122.954655
1970.0,1629,127.973352
2510.0,1282,131.4984
2500.0,1453,144.445568
2450.0,1239,147.719093
2260.0,1197,151.524102
2140.0,1312,155.19829
2500.0,1262,159.189087
2350.0,1627,164.097532
2170.0,1333,167.973305
2950.0,1258,172.206217
2210.0,1662,177.224054
2390.0,1445,189.794457
2090.0,1544,194.451998
2690.0,1235,197.977739
2360.0,1539,202.619598
2220.0,1298,206.325432
2360.0,1473,211.050075
1070.0,931,214.030428
2190.0,1477,218.804447
2450.0,1302,222.245123
2120.0,1337,234.306218
2370.0,1449,238.963105
2300.0,1541,243.643607
2350.0,1261,247.333445
2060.0,1125,250.68526
2220.0,1197,254.775441
270.0,641,256.753537
1240.0,1316,260.560999
350.0,630,262.305774
1850.0,1465,266.463091
540.0,664,268.719323
1200.0,890,271.076765
600.0,627,278.64924
630.0,717,281.144645
1390.0,1091,284.475749
1160.0,1181,287.924153
380.0,590,289.620603
1070.0,888,292.619686
1460.0,929,295.607494
1410.0,1262,299.251314
1200.0,1235,302.659691
1340.0,1448,306.96634
1530.0,1007,309.825755
750.0,827,312.504012
1320.0,1298,316.112873
1340.0,946,327.011379
1490.0,1022,330.189455
1130.0,1323,334.017369
2110.0,1331,338.431113
1250.0,864,341.230724
1180.0,1075,344.375831
2690.0,1254,347.837761
800.0,831,350.566114
1660.0,1340,354.23322
1340.0,894,357.04055
1560.0,963,360.010974
1580.0,1194,369.649615
1170.0,1103,372.99852
1100.0,769,375.644148
1280.0,1026,378.82464
1570.0,1240,382.285792
1070.0,888,385.053014
550.0,727,387.040555
1150.0,1203,390.4736
870.0,765,393.12226
2020.0,1492,397.487032
1550.0,1076,400.611305
1240.0,864,402.76152
1550.0,1175,406.626268
1030.0,1029,415.606355
1260.0,1132,419.085298
1250.0,1189,422.548481
1060.0,1062,425.69303
1110.0,945,428.554581
1560.0,1340,432.119471
800.0,955,435.043376
770.0,730,437.447198
1690.0,1792,442.531473
350.0,525,444.09839
1670.0,1046,447.225793
1900.0,1151,450.531921
2330.0,1111,460.080012
1110.0,921,462.90262
1100.0,888,465.770911
2590.0,1454,470.133823
1350.0,957,472.467574
1290.0,947,475.379982
1790.0,1049,478.401595
680.0,733,480.927669
1750.0,1500,485.519691
1870.0,1150,488.904755
1550.0,1027,492.010834
1100.0,1107,495.221542
1610.0,1030,505.084615
1020.0,874,507.159924
1550.0,1184,510.954144
1570.0,1607,515.700985
1010.0,908,518.586212
1350.0,1270,522.085542
1530.0,1173,525.377611
2860.0,1247,529.486817
1640.0,1183,533.02311
1110.0,1114,536.323794
1170.0,944,539.201309
1040.0,1001,548.343311
1050.0,1021,551.408816
2650.0,1032,554.528581
1760.0,1152,558.026066
1600.0,1485,562.713879
1870.0,1193,565.968349
1810.0,977,568.902087
2030.0,1272,572.541789
1190.0,1230,576.671271
1470.0,1486,580.535908
1130.0,810,583.277126
1920.0,1462,593.13937
1200.0,1305,596.75831
1150.0,810,599.555275
1520.0,1211,603.124842
1420.0,1127,606.405649
1870.0,1397,610.624885
1280.0,1152,614.04724
1400.0,1524,618.827445
1640.0,1239,622.891923
1410.0,1304,626.469699
1290.0,1098,635.385057
1990.0,1165,638.722922
2670.0,1092,642.4727
1630.0,1116,645.7013
1910.0,1236,649.294073
1670.0,1264,652.801628
1130.0,858,655.538715
2700.0,1482,660.260192
1390.0,1031,663.407028
1620.0,806,665.455901
1170.0,1083,669.19066
1310.0,1125,672.272052
1550.0,1568,684.256495
1970.0,1119,687.629361
2710.0,1266,691.092056
1320.0,1123,694.275974
1750.0,1212,698.224176
1340.0,1041,701.311923
1330.0,1195,704.968962
1090.0,866,707.737165
1120.0,882,709.986111
1340.0,1008,712.9651
1680.0,1074,716.004867
1620.0,1010,724.441773
1970.0,1712,730.133456
1180.0,897,732.414751
2750.0,1155,736.115506
1660.0,1049,739.252493
1120.0,1028,742.362553
1840.0,1099,745.600265
2880.0,1304,749.238946
2220.0,1041,752.39264
1170.0,957,755.319889
1270.0,1135,758.444854
1330.0,1159,767.276583
1460.0,1123,771.188889
1990.0,1185,774.713104
1100.0,919,776.998319
980.0,729,779.356901
1610.0,1293,782.914898
840.0,737,785.479327
1600.0,1114,788.803585
1280.0,1193,792.365758
1350.0,1066,795.607723
2560.0,1267,799.582471
2630.0,1336,803.214175
1350.0,972,812.142552
1170.0,935,815.154216
1680.0,864,817.194771
1490.0,913,819.801604
1460.0,1117,823.078382
1250.0,1221,827.092128
3330.0,1356,830.823181
2030.0,1326,834.999409
1030.0,863,837.285348
1230.0,1085,840.491102
1020.0,927,843.273015
980.0,800,846.076308
2860.0,1522,858.077565
2200.0,1399,861.902223
2550.0,1133,865.794672
1960.0,1737,870.896123
1260.0,1175,874.305496
1730.0,1155,877.648997
1030.0,1064,880.676117
1750.0,1259,884.586913
1740.0,1273,888.073879
1360.0,1236,892.11325
1770.0,1723,904.09956
850.0,770,906.093813
1850.0,1144,910.118774
2600.0,1086,913.342695
1250.0,1070,916.562429
2490.0,1552,921.367544
1330.0,985,924.422165
1270.0,1221,928.079636
1450.0,1118,931.402233
2340.0,1358,935.731209
2760.0,1245,939.242254
1350.0,1123,949.809008
1280.0,1042,953.099172
1270.0,1232,956.684097
1050.0,826,959.370044
1640.0,919,962.163598
1410.0,1083,965.304925
1860.0,1421,969.686248
1870.0,1303,973.367164
1810.0,971,976.386475
2410.0,1247,979.96714
1880.0,1080,983.099439
1480.0,1109,993.597086
1450.0,945,996.486974
2770.0,1659,1001.666994
2250.0,1093,1004.794497
1330.0,1282,1008.38901
2010.0,1148,1011.724141
2090.0,1228,1015.779707
2810.0,1249,1019.212316
2140.0,1445,1023.645068
1190.0,775,1025.551145
1820.0,1155,1028.820401
2580.0,1093,1038.608713
1620.0,813,1040.587421
1490.0,1107,1043.610893
1130.0,1098,1046.792593
1490.0,1204,1050.966306
1230.0,1219,1054.546353
2200.0,1116,1057.844646
1840.0,1195,1061.275496
1910.0,1189,1065.318913
1720.0,1096,1068.536951
790.0,721,1070.443171
1690.0,1125,1073.675047
2170.0,1314,1084.882241
2020.0,1182,1088.264633
1610.0,1384,1092.71014
1450.0,1096,1096.052318
1660.0,1129,1099.403875
2160.0,1131,1102.737197
1120.0,1055,1105.916296
1320.0,966,1108.752935
1720.0,913,1111.424736
1340.0,1165,1114.781017
1220.0,1240,1118.23921
2100.0,1293,1128.946446
1490.0,890,1131.733291
1340.0,1149,1135.074918
1410.0,1197,1138.517346
2080.0,1422,1142.917449
1390.0,1736,1147.861954
2410.0,1162,1151.11837
1660.0,1101,1154.823177
1550.0,1261,1158.438519
1020.0,993,1161.472188
950.0,545,1162.99302
2510.0,1020,1171.607661
1270.0,1281,1175.15204
1240.0,913,1178.018978
1580.0,952,1180.976465
2140.0,1440,1185.270447
1830.0,1120,1188.58536
1680.0,1035,1191.644037
1390.0,927,1193.814679
1450.0,1483,1198.380803
1520.0,1099,1201.564869
1770.0,1303,1205.808737
1140.0,796,1213.536223
2670.0,1237,1217.634043
1520.0,930,1220.553757
2870.0,1331,1224.20774
1490.0,1087,1227.458532
3270.0,1266,1231.493446
1570.0,1121,1234.622705
1580.0,1125,1237.790796
1560.0,1321,1241.523108
1920.0,1270,1245.616751
1640.0,1430,1249.928517
2080.0,1210,1259.393722
1420.0,1261,1263.011163
1780.0,1006,1265.969427
1460.0,1096,1269.123604
1360.0,1007,1272.23652
1450.0,996,1275.211193
1350.0,1033,1278.131351
1880.0,1558,1282.70601
1730.0,1256,1286.62903
2000.0,1059,1289.532722
2040.0,1468,1293.031165
2140.0,1369,1303.233891
1550.0,1008,1306.23827
3290.0,1770,1311.13132
1750.0,1272,1315.185523
1970.0,1082,1318.202085
1830.0,1363,1322.177379
1490.0,1337,1325.604652
2230.0,1330,1329.636012
1910.0,965,1331.824607
2320.0,1398,1341.586952
2770.0,1616,1345.885709
1600.0,1112,1349.074316
2540.0,1297,1352.985922
1630.0,1178,1356.153375
2100.0,1252,1359.971973
2470.0,1278,1363.575467
1460.0,1373,1367.810771
1530.0,1152,1371.014195
1410.0,1270,1374.381677
2230.0,1461,1384.935207
2090.0,1068,1387.843065
2400.0,1464,1392.063438
1430.0,1149,1395.158441
1260.0,970,1398.009955
1480.0,1138,1401.093072
1440.0,1545,1405.622407
2020.0,1106,1408.720119
1900.0,1296,1412.426639
1420.0,1066,1415.410306
2290.0,1483,1419.71802
1730.0,1326,1429.564965
2310.0,1302,1433.680317
1530.0,1130,1436.911492
1640.0,1065,1439.921814
1390.0,1054,1442.931855
2780.0,1530,1447.296977
1570.0,1130,1450.238925
3080.0,1159,1453.468952
1820.0,1502,1457.908112
1460.0,1224,1461.857014
1710.0,1125,1471.593225
1750.0,1308,1475.022882
1500.0,1111,1478.187866
1650.0,1209,1482.044061
1520.0,1165,1485.212657
1630.0,1355,1488.532026
1370.0,1036,1491.27819
1750.0,1275,1495.079918
1590.0,1021,1498.057199
1990.0,1491,1502.371362
1840.0,1212,1513.100243
1560.0,1238,1516.522204
2170.0,1417,1520.808543
2240.0,1439,1525.118738
1890.0,1387,1529.259189
2210.0,1267,1532.768497
1800.0,1287,1536.333175
1790.0,1330,1540.384149
2350.0,1286,1544.323535
1440.0,1017,1546.807281
2840.0,898,1556.050762
2130.0,1374,1560.1624
1660.0,1212,1563.540776
1820.0,1252,1567.264269
3020.0,1311,1570.477768
2590.0,1194,1573.506739
1640.0,1339,1577.520341
2130.0,1219,1580.721345
2130.0,1111,1583.851462
2220.0,1326,1587.91897
1810.0,1455,1598.982305
1740.0,1180,1602.040029
2020.0,1294,1605.517771
1850.0,1180,1608.896245
2530.0,1617,1613.101476
3200.0,1365,1617.002891
1640.0,1441,1621.540745
1460.0,1165,1625.467352
1920.0,1804,1630.595777
2230.0,1324,1634.766379
2260.0,1174,1645.305747
2140.0,1210,1648.572209
2010.0,1178,1651.720262
2160.0,1274,1655.592119
1420.0,1102,1658.883339
1990.0,1372,1663.351337
2160.0,1143,1666.673265
1900.0,1157,1670.057076
1550.0,905,1673.008358
1810.0,1182,1676.560807
1290.0,986,1679.552814
2880.0,1315,1689.86678
1970.0,1208,1693.819711
2200.0,1418,1697.479783
1980.0,1387,1701.78407
1800.0,1134,1705.025282
2460.0,1328,1709.159737
1760.0,1344,1712.790854
1570.0,1408,1716.937955
2120.0,1069,1720.145654
1590.0,1038,1723.219485
3050.0,1151,1732.449553
1830.0,1099,1735.24551
1990.0,1117,1738.876008
2200.0,1334,1742.488209
1830.0,1170,1745.679316
2270.0,1654,1750.893636
1550.0,853,1753.050838
1740.0,1340,1757.238514
1830.0,1286,1760.833594
1600.0,1137,1764.164072
3290.0,1507,1775.181245
3010.0,1149,1778.7698
1890.0,1377,1782.413676
2000.0,1187,1786.25943
1760.0,1087,1789.435577
1200.0,1016,1792.302833
2360.0,1171,1795.39041
2050.0,1410,1799.190733
2510.0,1442,1803.512809
2040.0,1496,1808.212924
1720.0,1304,1818.803071
3530.0,1435,1822.610828
2350.0,1484,1826.97068
2200.0,1192,1831.016114
1850.0,1173,1834.492407
2540.0,1258,1838.02178
3250.0,1395,1842.288678
1270.0,1156,1845.644822
1950.0,1377,1850.027199
2320.0,1625,1854.789414
2160.0,1458,1866.284312
2140.0,1067,1869.314094
1830.0,1254,1872.862946
1870.0,1539,1877.559261
2060.0,1246,1881.09198
1480.0,1151,1885.018096
2310.0,1242,1888.633395
1880.0,1175,1892.048077
2350.0,1228,1896.031224
1580.0,1135,1899.233225
2480.0,1422,1910.672773
1530.0,940,1912.992442
2370.0,1377,1917.066712
2290.0,1308,1921.378784
1820.0,1218,1924.837187
1930.0,1351,1928.617641
1860.0,1273,1932.76059
1520.0,1234,1936.291399
1850.0,1223,1940.280891
1670.0,1551,1944.596043
1550.0,1262,1955.834841
1570.0,1190,1959.104626
1770.0,1136,1962.369065
1970.0,1405,1966.747839
1730.0,1078,1969.968434
1960.0,1231,1974.012323
2370.0,1315,1977.722489
1690.0,1369,1981.96085
1750.0,1512,1986.381536
2280.0,1082,1989.482089
2020.0,1373,2001.110026
1760.0,1218,2005.14165
3050.0,1146,2008.423592
1890.0,1211,2011.907117
2520.0,1293,2016.207844
1730.0,1319,2019.972009
2210.0,1233,2023.956113
2330.0,1361,2027.544985
2340.0,1619,2032.173082
2280.0,1295,2044.165657
2280.0,1340,2047.777491
2300.0,1285,2051.922586
2640.0,1450,2056.463312
1840.0,1416,2060.446543
1690.0,1200,2064.484614
2390.0,1485,2068.357245
1770.0,1127,2072.177581
1770.0,1275,2075.790057
1670.0,958,2078.740284
1670.0,1402,2090.555832
2400.0,1225,2094.052797
1580.0,1109,2097.379627
3050.0,1247,2100.931065
2610.0,1386,2105.236661
1490.0,951,2108.077272
2170.0,1417,2112.258056
1610.0,1493,2116.116059
2520.0,1357,2120.322337
1730.0,1506,2124.781197
2300.0,1511,2136.788204
1610.0,1264,2140.232922
2390.0,1345,2144.447854
2190.0,1112,2147.746764
1700.0,1343,2151.910012
1930.0,1200,2155.166021
2600.0,1364,2159.259286
1860.0,1380,2162.881168
2540.0,1585,2167.36238
2120.0,1195,2171.24928
1980.0,1460,2182.486011
1780.0,1088,2185.655025
2020.0,1478,2190.274962
1900.0,1306,2194.165966
1920.0,1229,2197.271577
1990.0,1171,2200.303155
2000.0,1357,2204.675223
2480.0,1439,2209.026843
1650.0,1396,2212.931638
1860.0,1286,2224.569426
2060.0,1267,2228.232984
2140.0,1138,2231.617128
2050.0,1278,2235.597385
2210.0,1140,2238.81903
2280.0,1512,2243.461667
1960.0,1606,2248.270587
1810.0,1612,2252.968673
1680.0,1450,2257.477684
1490.0,1252,2261.082248
1730.0,1249,2273.026476
2430.0,1283,2276.550732
1040.0,816,2279.084517
490.0,543,2280.589447
2100.0,1340,2284.245343
2070.0,1308,2288.373649
1430.0,1161,2291.746351
2030.0,1176,2295.159922
2010.0,1427,2299.63264
1930.0,1238,2303.08648
1690.0,1268,2307.211986
2020.0,1051,2317.428287
1900.0,1234,2320.857088
1050.0,1023,2323.829277
1580.0,1322,2328.024309
2160.0,1580,2332.813608
1630.0,1194,2336.141673
1950.0,1360,2340.51736
1370.0,1065,2343.735339
2020.0,1179,2347.216063
1800.0,1247,2350.590531
1850.0,1582,2362.437343
2060.0,1312,2366.486708
2540.0,1283,2370.004019
2140.0,1455,2374.516099
2120.0,1504,2379.103966
2390.0,1390,2383.589449
1610.0,1280,2387.282357
1900.0,1285,2391.469345
1810.0,1299,2395.036979
1970.0,1385,2406.165999
1620.0,1244,2409.507992
1830.0,1618,2414.265146
2430.0,1375,2418.354307
1780.0,1027,2421.535148
2400.0,1460,2426.061692
2090.0,1261,2429.606179
2020.0,1487,2434.244169
1790.0,1276,2438.338137
1870.0,1204,2441.614214
2190.0,1346,2452.8708
1920.0,1301,2456.967526
2450.0,1490,2461.376277
1720.0,1219,2464.819472
2510.0,1334,2469.15188
2070.0,1569,2473.832518
1460.0,1192,2477.272905
2010.0,1350,2481.51443
2750.0,1202,2484.841559
1920.0,1443,2497.034142
1550.0,1117,2500.184232
2090.0,1224,2503.649256
2180.0,1318,2507.917199
1880.0,1268,2511.421978
2150.0,1400,2515.845947
1980.0,1096,2519.054189
1590.0,1399,2523.388702
1980.0,1157,2526.609222
1870.0,1263,2529.864397
1670.0,1081,2540.148398
1780.0,1192,2543.983916
2060.0,1781,2549.233358
1890.0,1066,2552.39412
1810.0,1286,2556.533737
1950.0,919,2558.815637
2100.0,1440,2563.246076
1770.0,1269,2567.359669
2000.0,1266,2570.849888
1910.0,1207,2574.054889
1980.0,1191,2585.054558
1940.0,1218,2588.714443
2020.0,1399,2593.106452
1790.0,1271,2596.758021
2070.0,1786,2602.121449
1770.0,1170,2606.151043
1980.0,1432,2610.102984
1850.0,1219,2613.974613
2010.0,1351,2617.614137
2120.0,1198,2621.551934
2000.0,1320,2631.53396
1670.0,1105,2634.865891
1950.0,1307,2639.070309
2110.0,1690,2643.975394
1860.0,1346,2648.350279
2010.0,1400,2652.039385
2030.0,1584,2656.67194
1940.0,1216,2660.57499
2060.0,1503,2665.04916
2010.0,1386,2675.34403
2200.0,1458,2679.654355
1160.0,969,2682.718429
2410.0,1646,2687.616558
640.0,671,2689.423018
770.0,763,2692.007221
420.0,661,2693.757718
1260.0,972,2696.625209
1390.0,1404,2700.861638
1850.0,1425,2704.769198
870.0,802,2707.413138
860.0,931,2710.125689
2170.0,1113,2720.339617
1190.0,974,2723.429146
2020.0,1250,2726.983608
1260.0,1161,2730.317377
1260.0,992,2733.36416
570.0,591,2735.04933
610.0,554,2736.59576
1100.0,878,2739.219679
690.0,697,2741.007504
2030.0,1345,2745.25266
1570.0,1382,2749.565773
1180.0,1020,2752.533141
1990.0,1019,2755.300317
1280.0,1210,2765.404433
1760.0,1387,2769.787138
1760.0,1286,2773.427443
1060.0,956,2776.441657
1880.0,1175,2779.64687
1300.0,1302,2783.619888
1590.0,1331,2787.374902
950.0,652,2789.261352
1340.0,1053,2792.353564
1530.0,1087,2795.451031
3090.0,1321,2799.441008
2030.0,1467,2809.883096
2380.0,1369,2813.484337
1800.0,1353,2817.525432
1320.0,1198,2820.609723
2090.0,1086,2823.70942
1910.0,1480,2828.169304
940.0,908,2830.926028
1680.0,1284,2834.186515
2680.0,1224,2837.859549
1140.0,1321,2841.404348
1750.0,1126,2850.712003
1410.0,930,2853.617084
1300.0,1181,2856.822407
2190.0,1546,2860.998262
1610.0,1355,2864.94018
1200.0,1147,2868.193556
3380.0,1182,2871.443265
1810.0,1135,2875.30556
1430.0,1211,2878.630743
1100.0,709,2880.500994
2200.0,1230,2884.429541
1680.0,1039,2893.697797
1400.0,1233,2896.864929
1710.0,1411,2900.741161
1570.0,883,2902.779205
1500.0,1552,2907.342533
1570.0,1345,2911.394522
1790.0,1440,2915.412304
1720.0,1579,2919.806457
1160.0,959,2922.542562
1090.0,998,2925.295857
1230.0,797,2933.614579
1770.0,1136,2936.659543
1650.0,1003,2939.53276
1210.0,1225,2943.452091
1550.0,800,2945.645544
2940.0,1464,2950.246166
1740.0,1093,2953.56663
1630.0,1409,2957.864736
1710.0,901,2959.949385
1310.0,1082,2962.984802
1630.0,1425,2967.224194
1990.0,1201,2977.46291
2000.0,1408,2981.22311
1480.0,1133,2984.140203
2100.0,1098,2987.706273
2110.0,1201,2991.140032
2680.0,1397,2995.433623
1710.0,1045,2998.35341
1340.0,1063,3001.335782
2030.0,1202,3004.632648
1860.0,1197,3007.949567
1130.0,1073,3011.035996
1210.0,1048,3020.431345
1880.0,994,3023.173097
1550.0,1048,3026.0759
1280.0,1073,3029.297188
1800.0,1005,3032.296621
1420.0,1275,3036.305537
1260.0,961,3038.459428
2760.0,1147,3042.055475
2370.0,756,3044.028887
1000.0,987,3047.160416
1750.0,1315,3050.874384
1640.0,849,3053.576262
1510.0,1234,3063.068229
1860.0,1205,3066.712978
1570.0,864,3068.823411
1860.0,1006,3071.737821
2430.0,1000,3074.713643
2610.0,1092,3077.824966
1750.0,1084,3080.827842
1080.0,1095,3083.901771
1940.0,1035,3086.984488
2660.0,1208,3090.866716
1730.0,1005,3093.881663
1620.0,1159,3097.239769
1170.0,949,3105.799227
1180.0,843,3108.000016
2770.0,1271,3112.010107
1420.0,1587,3116.576154
1760.0,1181,3119.915817
1240.0,840,3122.481286
1010.0,948,3124.587764
2850.0,1643,3129.642227
1940.0,1178,3132.972826
2580.0,998,3135.906461
1880.0,1039,3138.907318
1950.0,1632,3150.114147
1050.0,931,3152.915766
1080.0,814,3155.008562
1260.0,1096,3158.190124
1840.0,960,3161.002971
2090.0,1469,3165.42444
1020.0,1179,3168.791997
1470.0,1075,3171.917951
3020.0,1311,3176.078591
1570.0,1153,3179.347585
2350.0,1091,3182.583915
1790.0,1405,3194.232188
1230.0,936,3197.068529
1050.0,910,3199.326129
1610.0,1361,3203.273312
1720.0,1018,3206.106161
2110.0,1419,3210.601613
1820.0,1514,3215.15755
1750.0,1365,3218.956912
1510.0,1325,3223.145139
1480.0,1155,3226.349813
1510.0,1193,3229.676949
1150.0,953,3240.165576
1960.0,1283,3244.145758
1540.0,1051,3247.011965
1360.0,1140,3249.843019
1550.0,1045,3252.699601
1250.0,1148,3255.925815
2190.0,1765,3261.103364
2700.0,1081,3264.258303
2300.0,1054,3267.323502
1280.0,1017,3270.206784
2470.0,1017,3273.160895
2310.0,1243,3284.51387
1620.0,1192,3287.936045
1810.0,1424,3291.95172
3320.0,1523,3296.559281
1510.0,1546,3301.214604
940.0,898,3303.557013
1680.0,1034,3306.594208
1540.0,1139,3309.608918
2180.0,1913,3315.35231
1760.0,1021,3318.450531
1740.0,1274,3330.5159
2550.0,1227,3333.728534
2660.0,1425,3337.771395
1950.0,1109,3340.984304
2210.0,1255,3344.542141
1740.0,1339,3348.766388
1700.0,914,3351.51156
2010.0,1164,3354.771453
2000.0,1343,3358.531196
1590.0,1147,3362.388934
1870.0,1290,3373.566345
1860.0,1072,3376.577111
1980.0,1137,3379.697615
1840.0,1529,3384.095828
790.0,686,3385.976645
2790.0,1371,3390.299715
2900.0,1288,3394.212732
2160.0,1272,3397.656471
1570.0,1460,3401.984129
1710.0,1280,3405.453131
1500.0,1030,3408.475094
2680.0,1454,3420.099676
840.0,600,3421.790155
800.0,787,3424.256691
1810.0,1301,3427.711643
1480.0,1220,3431.529727
1480.0,1544,3435.336425
2090.0,1149,3439.004539
2290.0,1146,3442.399842
1920.0,1109,3445.558883
2410.0,1190,3448.785232
1760.0,1432,3461.129052
1410.0,1056,3464.205437
2110.0,1157,3467.454098
2430.0,1397,3471.626787
1560.0,1058,3474.527129
1130.0,1098,3477.486436
2950.0,1295,3481.540754
1750.0,1280,3485.23526
1710.0,1443,3489.697432
2140.0,1623,3494.336795
1780.0,1195,3505.517451
2040.0,1215,3509.547396
2810.0,1596,3514.082896
1890.0,1091,3516.922126
1420.0,1177,3519.981616
1990.0,1932,3525.92075
1370.0,1375,3529.723512
1610.0,1117,3533.51925
2450.0,1686,3538.347926
1170.0,1025,3541.332301
1410.0,1118,3552.041776
1600.0,1326,3555.714375
3400.0,1412,3559.643657
1760.0,1039,3562.457335
1470.0,1163,3565.728916
1530.0,1297,3569.829583
1840.0,1437,3574.404396
1760.0,1055,3577.584816
1260.0,1173,3580.794872
1850.0,1315,3584.994373
1610.0,1460,3596.973758
2410.0,1422,3601.161607
2400.0,1599,3605.487455
1200.0,938,3608.326777
1550.0,1100,3611.607239
1430.0,1031,3614.734446
1420.0,1218,3618.220569
2060.0,984,3621.116329
3010.0,1550,3625.540176
2860.0,1316,3629.602174
2360.0,1248,3640.968607
2410.0,1081,3643.989616
2100.0,1555,3648.343665
2460.0,1364,3652.593146
1390.0,1208,3655.995547
1550.0,1442,3660.370854
2520.0,1046,3663.465624
1580.0,1831,3668.455612
1710.0,1356,3672.751094
1510.0,1132,3676.28863
2070.0,1534,3689.261387
1340.0,1210,3693.229381
2590.0,1268,3696.641421
2390.0,1206,3699.86874
2270.0,1336,3704.00984
1990.0,1716,3708.822484
1950.0,1106,3711.975432
2310.0,1567,3716.673402
2560.0,1558,3721.422818
2280.0,1430,3733.059417
1770.0,1212,3736.527967
1680.0,1292,3740.648947
1400.0,1077,3743.848193
1870.0,1278,3747.470754
2160.0,1123,3751.225197
1860.0,1258,3754.684885
1900.0,1174,3757.93617
1760.0,1204,3761.99816
2530.0,1350,3765.665985
1720.0,1088,3775.578029
2350.0,1167,3779.077541
2170.0,1340,3783.183729
2360.0,1398,3787.308459
1920.0,1171,3790.49714
2350.0,1332,3794.536427
1910.0,1069,3797.554819
2430.0,1325,3801.136626
1910.0,1274,3805.096407
3120.0,1154,3808.403636
1960.0,1448,3819.880445
1820.0,1098,3823.135532
1870.0,1199,3826.623111
2360.0,1154,3829.942294
2340.0,1191,3833.690198
2320.0,1459,3837.368693
1700.0,1417,3841.698846
2270.0,1402,3846.093976
1700.0,1074,3849.208617
1950.0,1375,3853.059956
2310.0,1488,3865.183183
2060.0,1239,3869.71177
2670.0,1363,3873.327334
1570.0,1018,3876.416074
1880.0,1407,3880.56779
1990.0,943,3883.373749
2260.0,1707,3888.190506
2190.0,1418,3892.64005
2060.0,1079,3895.889073
1670.0,1311,3899.622196
2270.0,1185,3910.983307
2350.0,1119,3914.140259
2340.0,1305,3917.774877
2720.0,911,3920.520726
1870.0,1435,3924.543338
1970.0,1029,3927.41855
2020.0,1269,3930.838897
2180.0,1220,3934.964812
2200.0,1313,3938.596832
1840.0,1076,3941.682229
2580.0,1370,3946.089828
2960.0,1494,3959.198947
1780.0,1367,3963.088658
2430.0,1066,3965.947091
960.0,699,3968.234561
2060.0,1108,3971.22371
1830.0,1462,3975.622951
1990.0,1377,3979.429838
2450.0,1242,3983.503818
1810.0,1140,3986.804509
1710.0,1273,3990.554308
1570.0,1285,4002.261673
2150.0,1358,4006.011109
2410.0,1115,4009.094751
1720.0,1642,4014.118718
2680.0,1651,4018.783659
1880.0,1080,4021.978903
1410.0,1033,4025.10773
2320.0,1269,4028.693126
1920.0,1162,4032.180998
1820.0,1193,4036.252826
1960.0,1120,4047.057196
1900.0,1097,4050.085519
3120.0,1273,4053.57852
2890.0,1287,4057.328698
2450.0,1254,4060.759371
2000.0,1253,4064.895919
1950.0,1260,4068.585133
1970.0,1129,4072.034234
2300.0,1294,4076.244814
3060.0,1169,4079.62185
2430.0,1265,4083.233103
830.0,726,4093.705076
2050.0,1224,4097.12494
1970.0,1711,4102.419744
2640.0,1393,4106.061293
2030.0,1272,4110.112784
2120.0,1323,4113.918526
2020.0,1386,4118.32489
2060.0,1354,4122.087474
2260.0,1210,4126.141355
1500.0,965,4129.07961
1600.0,1011,4138.96712
1920.0,1423,4143.171968
2180.0,1094,4146.319287
2260.0,1113,4149.971661
2050.0,1024,4152.421545
2480.0,1156,4156.427071
1760.0,1044,4159.509573
2220.0,1326,4163.231204
2510.0,1412,4167.613262
1920.0,1398,4171.95388
1890.0,1370,4183.005937
2370.0,1521,4187.785027
2050.0,1257,4191.794596
2500.0,1502,4195.686022
1410.0,978,4198.688824
2370.0,1311,4203.049814
2280.0,1382,4207.434677
2010.0,1392,4211.252664
1860.0,1052,4214.329264
1770.0,1443,4218.494313
2010.0,1204,4229.099484
2380.0,1294,4233.223007
2070.0,1613,4237.983395
2040.0,1333,4241.640917
1860.0,1210,4245.612012
1840.0,1248,4249.14575
2050.0,1202,4252.596123
2190.0,1273,4256.618246
2480.0,1590,4261.254581
2530.0,1187,4264.689719
2240.0,1465,4278.098275
2510.0,1265,4281.664627
2660.0,1297,4285.722526
2000.0,1262,4289.365998
2080.0,1253,4293.553784
2330.0,1358,4297.263786
2350.0,1288,4301.039722
2150.0,1262,4304.401853
2500.0,993,4307.383234
2220.0,1369,4319.703944
2410.0,1268,4323.368702
1950.0,1378,4327.554208
2410.0,1300,4331.064323
1390.0,907,4333.877671
3270.0,1439,4338.290648
1960.0,1192,4341.44345
2900.0,1304,4345.296353
2440.0,1154,4348.482451
2590.0,1201,4351.856726
1870.0,1361,4356.05222
3070.0,1445,4368.186553
2400.0,1791,4373.196431
2590.0,1435,4377.427094
1700.0,957,4380.285572
2360.0,1130,4383.387831
2510.0,1631,4387.832763
2490.0,1345,4391.928893
1850.0,1246,4395.487905
2450.0,1060,4398.762757
2080.0,1245,4409.637431
2540.0,1156,4413.59283
1940.0,1477,4417.527516
2160.0,1218,4421.50607
2050.0,1482,4425.928308
2520.0,1390,4429.480775
1940.0,1275,4433.642995
2060.0,1654,4438.570469
2560.0,1278,4442.841923
2310.0,1211,4446.417636
1900.0,1259,4457.073709
2060.0,1194,4460.827235
1760.0,1295,4464.253593
1990.0,1424,4468.168797
1820.0,1296,4471.505242
2030.0,1414,4475.953696
2070.0,1449,4480.547683
2660.0,1319,4484.252176
1180.0,845,4486.911258
2510.0,1783,4499.418316
2660.0,1383,4503.771046
3220.0,1422,4507.873768
1970.0,1233,4510.793315
2440.0,1485,4514.967282
2180.0,1511,4519.515289
1940.0,1612,4524.294487
2470.0,1767,4529.220723
1920.0,1217,4533.219792
1570.0,1261,4544.633497
2170.0,1249,4548.289119
2070.0,1293,4551.978691
1900.0,1558,4555.953242
2730.0,1399,4560.246778
2350.0,1295,4563.913579
2060.0,1680,4568.949097
2170.0,1218,4572.848072
2360.0,1182,4576.123727
2520.0,1274,4588.082091
2430.0,1133,4591.76393
2290.0,1373,4594.943037
2010.0,1470,4598.915497
1740.0,1110,4602.240951
2120.0,1505,4606.817304
2470.0,1246,4610.903878
2570.0,1275,4614.546024
2200.0,1506,4619.237691
2150.0,1380,4622.919986
2000.0,1159,4635.346078
2140.0,1359,4638.551034
1880.0,1141,4642.001717
2630.0,1356,4645.523541
2430.0,1298,4649.711484
1770.0,1186,4653.135195
2490.0,1433,4657.527494
2100.0,1332,4661.158284
1940.0,1247,4665.167079
2660.0,1316,4668.871778
2070.0,1416,4680.264028
2180.0,1380,4683.788774
1790.0,1346,4687.781106
1550.0,1139,4691.065658
2350.0,1133,4694.370376
1760.0,1170,4698.382728
1830.0,1264,4702.038688
1920.0,1173,4705.309783
2250.0,1363,4709.459056
2210.0,1135,4712.883282
2410.0,1348,4724.897116
1700.0,1100,4728.151077
2320.0,1218,4731.560369
1530.0,1045,4734.603827
2590.0,1369,4738.982358
2390.0,1201,4742.428049
2320.0,1168,4745.822385
1910.0,1330,4750.064718
2320.0,1238,4753.470188
1950.0,1505,4758.063749
3200.0,1629,4770.191625
1960.0,1349,4774.315638
3030.0,1253,4777.620474
2510.0,1763,4783.284883
2050.0,1309,4786.957027
1930.0,1097,4790.190093
2740.0,1178,4794.063697
2510.0,1263,4797.604039
2360.0,1103,4800.928747
1950.0,1212,4804.155321
2040.0,1234,4816.252465
1890.0,1322,4819.846364
2360.0,1239,4823.766366
2600.0,1360,4827.592521
1820.0,1247,4831.721555
2680.0,1245,4835.294263
2030.0,1423,4839.685756
1260.0,1032,4842.741098
1960.0,1359,4846.94921
2340.0,1295,4850.289028
1760.0,1221,4862.046725
2380.0,1399,4866.038069
2030.0,1299,4870.098022
2100.0,1310,4873.852311
1800.0,1212,4877.348416
2060.0,1606,4882.178991
2740.0,1448,4886.740389
2100.0,1679,4891.745503
2180.0,1329,4895.298156
1900.0,1390,4907.601657
1510.0,1172,4910.854348
1930.0,1354,4914.979551
2390.0,1163,4918.162681
1880.0,1831,4922.952235
2620.0,1338,4927.163193
2540.0,1544,4931.360897
1510.0,1004,4933.897462
1990.0,1148,4936.889096
1520.0,1060,4939.788554
2180.0,1237,4951.135485
2350.0,1148,4954.819825
1810.0,1097,4957.998155
1990.0,1289,4961.373406
2150.0,1282,4965.582056
2040.0,1347,4969.281414
1680.0,1345,4973.087484
2150.0,1261,4976.288552
1760.0,1176,4979.28083
1240.0,1188,4983.034276
2050.0,1220,4993.738838
2210.0,1522,4998.318236
2440.0,1189,5001.648347
1820.0,1413,5005.85849
2380.0,1342,5009.871053
1920.0,1239,5012.885255
2740.0,1322,5016.736663
2380.0,1365,5020.225269
1480.0,1148,5023.516769
2730.0,2064,5037.237988
1880.0,1195,5041.212345
2140.0,1619,5045.778855
1990.0,1234,5049.100702
2110.0,1169,5052.178875
2100.0,1274,5055.666143
2710.0,1524,5059.768888
2620.0,1244,5063.006513
1960.0,1260,5066.860183
2330.0,1222,5070.052304
2250.0,1695,5082.038767
2600.0,1235,5085.930438
2100.0,1310,5089.439215
2460.0,1059,5092.328618
3070.0,1493,5096.181723
3240.0,1582,5100.468498
2030.0,1074,5103.384035
2270.0,1538,5107.743004
2290.0,1551,5112.152673
1940.0,1356,5123.948663
2460.0,1248,5127.335461
2190.0,1410,5131.465837
2110.0,1449,5134.896604
2520.0,1504,5139.016037
2520.0,1355,5142.97962
2440.0,1562,5147.513294
3100.0,1283,5150.914076
1780.0,1197,5154.760761
2500.0,1524,5167.177349
1990.0,1531,5171.555757
1790.0,1479,5175.264738
1660.0,1318,5179.259631
2560.0,1170,5182.320485
2830.0,1549,5186.711965
2510.0,1295,5190.670748
2450.0,1494,5194.911499
1970.0,1305,5198.464502
2230.0,1024,5209.221389
2010.0,1308,5213.099631
2330.0,1182,5215.971475
1910.0,1224,5218.928304
2200.0,1455,5222.809894
2510.0,1771,5227.6401
2550.0,1271,5231.641298
2380.0,1239,5235.110684
1640.0,1502,5239.482518
2350.0,1282,5243.409552
2030.0,1220,5253.382946
2090.0,1166,5256.256794
2410.0,1378,5260.142755
2460.0,1241,5263.342582
2060.0,1407,5267.42811
2310.0,1282,5270.794868
2370.0,1406,5274.825204
1700.0,1088,5277.826453
1840.0,1402,5282.021366
1740.0,1297,5285.468488
2260.0,1285,5296.563262
2180.0,1274,5299.703848
2670.0,1125,5302.735083
2320.0,1179,5306.460536
2280.0,976,5308.93913
1880.0,1431,5313.256354
2020.0,1411,5317.544839
2460.0,1492,5321.864909
3140.0,1237,5325.211658
2750.0,1365,5329.209707
2110.0,1226,5339.815068
2480.0,1132,5343.032578
2430.0,1169,5346.18734
2760.0,1250,5350.114847
1880.0,1393,5354.398413
2600.0,1401,5358.022214
1930.0,1191,5361.669822
2120.0,1430,5365.474803
2130.0,1219,5369.414407
2270.0,1039,5372.420737
2290.0,1375,5383.392286
1880.0,1353,5387.676064
2420.0,1297,5391.329954
2490.0,1455,5395.922628
2100.0,1479,5400.344551
2320.0,1368,5404.700199
1950.0,1433,5408.772238
2260.0,1230,5412.957168
2030.0,1305,5416.561189
2110.0,1293,5426.906298
2360.0,1282,5430.583628
2020.0,1421,5435.006926
2130.0,1435,5439.500633
2400.0,1320,5443.140536
1940.0,1194,5446.884281
2160.0,1352,5450.524512
2310.0,1430,5454.90801
2220.0,1269,5458.405278
2080.0,1218,5462.117033
2450.0,1555,5473.719583
2130.0,1445,5477.635987
1750.0,1202,5481.484189
2220.0,1206,5484.796874
2550.0,1253,5488.303105
2640.0,1299,5492.484673
1910.0,1381,5496.904314
2680.0,1684,5501.743938
2070.0,1381,5505.212688
2710.0,1185,5515.859012
1950.0,1202,5519.293099
2650.0,2027,5525.473317
2530.0,1253,5529.110814
2890.0,1642,5534.573223
2220.0,1723,5539.651998
2040.0,1555,5544.270002
2370.0,1157,5547.533099
1780.0,1150,5550.853391
3050.0,1538,5562.260628
2370.0,1437,5566.79347
2490.0,1675,5571.873943
2440.0,1249,5575.908534
2520.0,1266,5579.519719
2410.0,1418,5583.800929
2140.0,1352,5587.365873
2480.0,1415,5591.63385
2400.0,1253,5595.667582
1970.0,1131,5606.149257
2060.0,1325,5609.871665
2520.0,1088,5613.181395
1920.0,1249,5617.255841
1930.0,1370,5621.142718
2100.0,1257,5625.277226
2000.0,1249,5628.712136
2720.0,1447,5632.942842
2240.0,1361,5637.110631
1870.0,1356,5640.855726
2370.0,1251,5652.346146
2110.0,1332,5656.170757
1920.0,1167,5660.130007
2120.0,1274,5663.705286
2530.0,1262,5667.225282
2210.0,1016,5670.089835
2520.0,1589,5674.502791
2610.0,1249,5678.355345
2660.0,1489,5682.759572
2440.0,1553,5695.160844
2400.0,1175,5698.440752
3250.0,1473,5702.713748
1930.0,1386,5706.341446
2140.0,1196,5710.259844
2570.0,1323,5713.931096
1960.0,1370,5718.078113
1930.0,1439,5722.11473
2500.0,1376,5725.7522
2450.0,1448,5730.114745
2690.0,1399,5742.382249
2170.0,1403,5746.029282
2040.0,1281,5750.026088
2710.0,1614,5754.414517
2250.0,1379,5758.620168
2680.0,1195,5761.78915
2050.0,1378,5765.949337
1970.0,1188,5769.400289
2640.0,1398,5773.670305
2190.0,1283,5784.711311
1890.0,1705,5789.574558
2750.0,1426,5793.729124
2590.0,1843,5799.251743
1920.0,1485,5803.191866
2730.0,1373,5807.422413
2100.0,1366,5811.646608
2230.0,1431,5815.537609
2240.0,1283,5819.741512
2360.0,1170,5831.673526
2510.0,1420,5835.731377
2010.0,1154,5838.713388
2350.0,1537,5843.175827
1950.0,1297,5847.143415
1920.0,1350,5850.566005
2050.0,1389,5854.749658
2350.0,1176,5858.200873
2070.0,1244,5862.252939
1910.0,1449,5874.508757
2630.0,1484,5878.970559
2150.0,1254,5882.789599
2660.0,1651,5887.289686
2070.0,1741,5892.025388
2430.0,1283,5896.013302
2420.0,1780,5901.171261
2060.0,1278,5904.761262
2420.0,1221,5908.804795
2450.0,1468,5920.641082
1540.0,1062,5923.727246
2390.0,1842,5928.760647
2250.0,1698,5933.58872
2590.0,1092,5936.50456
1820.0,1320,5940.27211
2250.0,1087,5943.553846
2100.0,1248,5947.682141
2150.0,1515,5952.31214
2220.0,1071,5955.487273
2260.0,1527,5967.989543
2130.0,1286,5971.531548
2170.0,1492,5975.708584
2160.0,1279,5978.964553
2350.0,1241,5982.973974
2030.0,1642,5987.951494
2160.0,1271,5991.614084
2250.0,1231,5995.632827
2240.0,1207,5999.168878
2040.0,1343,6010.746237
2460.0,1209,6014.069548
1870.0,1233,6017.351071
2220.0,1353,6021.400242
2140.0,1370,6024.954377
2260.0,1285,6028.910509
2080.0,1248,6032.543445
2580.0,1396,6036.939465
1940.0,1367,6041.399305
2060.0,1372,6045.078076
2600.0,1285,6057.218989
2130.0,1581,6061.624871
2450.0,1242,6064.923283
2080.0,1255,6068.837675
2610.0,1359,6072.436804
2050.0,1200,6075.725163
1980.0,1334,6080.014428
2740.0,1391,6084.361737
2170.0,1586,6088.989849
2530.0,1133,6100.019205
2260.0,1103,6103.17684
3240.0,1350,6107.424202
2620.0,1437,6111.427193
2010.0,1319,6115.621704
2430.0,1346,6119.276065
2150.0,1298,6123.340436
2700.0,1423,6127.652357
2430.0,1311,6131.176663
2250.0,1280,6135.131039
2360.0,1216,6145.886776
2070.0,1513,6150.480356
2270.0,1112,6153.738966
1960.0,1391,6158.103241
2190.0,1471,6162.522147
2320.0,1238,6165.953641
2470.0,1058,6169.020138
2530.0,1178,6172.346093
2430.0,1233,6176.200312
2110.0,1226,6179.653446
1950.0,1606,6191.765176
2160.0,1214,6195.073039
2140.0,1346,6199.344515
2280.0,1211,6202.848745
3020.0,1627,6207.638625
3180.0,1488,6211.920659
2030.0,1253,6215.751568
2020.0,1190,6218.921
2350.0,1086,6221.969323
2000.0,1375,6235.39039
2000.0,1550,6239.824696
2560.0,1366,6243.489815
1770.0,1192,6247.488563
2150.0,1402,6251.376287
2590.0,1579,6256.081703
1980.0,1170,6259.768087
2150.0,1184,6262.824856
2590.0,1211,6266.173419
1990.0,1184,6269.457147
1980.0,1268,6281.339376
2460.0,1626,6286.095541
2010.0,1160,6289.480386
1990.0,1304,6293.690564
2440.0,1229,6297.094389
2730.0,1383,6301.253643
2090.0,1699,6305.414051
2610.0,1273,6308.490667
2010.0,1332,6312.486578
2410.0,1277,6324.375083
2480.0,1482,6328.785787
2630.0,1291,6332.77002
2350.0,1220,6336.253392
2910.0,1242,6339.760072
2050.0,1287,6343.764457
2120.0,1320,6347.190738
2430.0,1372,6350.992957
2480.0,1246,6354.068682
1750.0,1223,6357.707279
2020.0,1127,6369.130669
2600.0,1286,6372.832278
2490.0,1482,6377.434143
2820.0,1288,6381.650601
2090.0,1146,6385.020334
2540.0,1370,6388.601988
2180.0,1082,6392.175247
2130.0,1171,6395.365281
2380.0,1490,6399.470876
2110.0,1140,6402.905521
1910.0,1687,6415.998055
2010.0,1616,6420.990355
2540.0,1356,6425.303988
2440.0,1052,6428.45641
2290.0,1430,6432.767239
2230.0,1434,6436.412428
2250.0,1069,6439.443572
2200.0,1273,6443.477478
2530.0,1226,6446.93387
2620.0,1299,6451.188719
1910.0,1372,6462.441157
2550.0,1197,6466.41394
2500.0,1521,6471.065359
1960.0,1569,6475.348097
2730.0,1393,6478.912718
2070.0,1417,6483.037581
2050.0,1556,6487.64738
2490.0,1315,6491.171515
2690.0,1500,6495.683564
2530.0,1324,6507.921596
1960.0,1445,6512.600419
2430.0,1374,6516.309646
2020.0,1409,6520.58883
2450.0,1406,6524.660742
2060.0,1350,6528.295853
1990.0,1082,6531.615827
1850.0,1654,6536.894626
2480.0,1337,6540.500514
2110.0,1212,6552.338055
2240.0,1309,6556.477681
2090.0,1880,6562.30117
2090.0,1484,6566.200424
1830.0,1277,6570.304644
1010.0,1069,6573.552383
3240.0,1543,6578.315733
2230.0,1348,6581.923806
2620.0,1382,6586.133419
1370.0,1258,6596.765629
2320.0,1284,6600.865768
2070.0,1462,6605.178623
2720.0,1230,6608.495738
2630.0,1221,6611.864353
1830.0,1240,6615.909373
2770.0,1556,6620.509652
2130.0,1283,6624.088892
2040.0,1519,6628.677079
2240.0,1312,6632.811185
2110.0,1365,6643.659894
1820.0,1451,6647.947497
2370.0,1445,6652.244502
1450.0,1206,6655.711251
2420.0,1457,6660.186342
2550.0,1235,6663.729395
2680.0,1306,6667.970196
1530.0,1103,6671.310989
2230.0,1092,6674.510572
1390.0,1145,6677.864622
2150.0,1144,6688.451411
1720.0,1170,6691.784506
2080.0,1178,6695.217636
2620.0,1375,6699.676936
2560.0,1244,6703.310839
2160.0,1390,6707.785483
3350.0,1498,6712.474905
2500.0,1390,6716.374149
2790.0,1399,6720.560954
2640.0,1220,6731.636151
2390.0,1338,6735.661973
2080.0,1042,6738.728888
2530.0,1347,6743.038136
2390.0,1308,6746.710565
1900.0,1049,6749.851907
2030.0,1301,6754.207024
1880.0,1248,6757.839705
2170.0,1476,6762.409762
3330.0,1277,6765.837894
3250.0,1249,6776.726421
2130.0,1156,6780.109146
2340.0,1443,6784.74282
2340.0,1254,6788.17445
2000.0,1102,6791.435555
1880.0,968,6794.489764
3370.0,1322,6798.730139
2120.0,1501,6802.972567
3210.0,1363,6807.369119
1380.0,971,6810.359218
1770.0,1661,6821.812192
2060.0,1370,6826.436178
2250.0,1237,6830.177973
1890.0,1436,6834.598275
2520.0,1199,6837.839506
2110.0,1174,6841.193505
1930.0,1131,6844.613948
3250.0,1354,6849.109584
2320.0,1279,6852.726594
3310.0,1199,6856.580328
2020.0,1277,6860.025557
3420.0,1299,6873.417729
2080.0,1140,6876.711316
3330.0,1219,6879.999615
3330.0,1366,6884.052469
2350.0,1248,6887.460705
2110.0,1260,6891.645992
1660.0,1482,6896.148394
2140.0,1430,6899.80454
2350.0,1284,6903.726842
2080.0,1506,6915.971153
2430.0,1569,6920.840868
3250.0,1418,6924.628839
1920.0,1354,6928.569473
2070.0,1286,6932.561614
2070.0,1237,6936.04063
1820.0,1492,6940.430439
1880.0,1307,6943.820354
2330.0,1416,6948.191192
2410.0,1661,6961.8599
3260.0,1628,6966.823522
2500.0,1369,6970.791287
2460.0,1868,6976.503272
2010.0,1154,6979.97383
2510.0,1222,6983.365538
3360.0,1474,6987.787654
2060.0,1490,6992.445118
2620.0,1434,6996.948409
3250.0,1295,7008.574141
2330.0,1343,7012.760183
2350.0,1603,7017.640097
3190.0,1220,7020.974435
2130.0,1265,7025.147635
3340.0,1377,7028.821715
3320.0,1351,7033.014903
2040.0,1035,7036.107019
2470.0,1277,7039.700458
2060.0,1479,7052.637322
3350.0,1668,7057.30684
1950.0,1103,7060.235918
2040.0,1038,7063.141311
1770.0,1259,7067.212911
1910.0,1503,7071.690496
3250.0,1357,7075.31617
1980.0,1271,7079.292035
2140.0,1488,7083.690351
2450.0,1531,7088.328521
3210.0,1320,7099.790775
2420.0,1223,7102.994675
3370.0,1203,7106.677637
2530.0,1257,7110.249644
2610.0,1417,7114.88294
1990.0,1265,7118.51789
3410.0,1673,7123.957482
3350.0,1248,7127.471944
1990.0,1184,7131.019893
2170.0,1248,7135.185964
3480.0,1702,7147.352082
2150.0,1852,7152.657699
1990.0,1279,7156.797096
3350.0,1508,7161.439887
3340.0,1445,7165.981569
2560.0,1228,7169.462286
1990.0,1434,7173.93254
2110.0,1180,7177.416135
1780.0,1119,7180.662808
1910.0,1325,7192.33366
3320.0,1349,7196.016466
3380.0,1848,7202.180049
1930.0,1199,7205.755457
3330.0,1488,7210.382369
3350.0,1533,7215.094102
2150.0,1332,7218.722047
3320.0,1497,7223.00372
1410.0,1066,7226.092205
3210.0,1318,7236.93042
2470.0,1254,7240.541446
2400.0,1294,7244.774964
3290.0,1307,7248.497884
2090.0,1210,7252.415298
2490.0,1664,7257.283412
2130.0,1175,7260.605848
3350.0,1405,7264.867891
4870.0,1296,7268.249015
2080.0,1361,7279.905906
2330.0,1447,7284.381156
3210.0,1479,7288.859592
3290.0,1289,7292.363189
2160.0,1678,7297.33018
3370.0,1326,7301.432196
3280.0,1558,7305.85941
2500.0,1338,7309.595097
3350.0,1246,7313.364882
3330.0,1458,7324.086457
3420.0,1570,7328.889691
3200.0,1472,7332.90453
2020.0,1392,7337.309815
2920.0,1348,7341.523319
3360.0,1300,7345.13913
3360.0,1443,7349.707439
2490.0,1340,7353.435507
2130.0,1298,7357.233195
3210.0,1196,7367.616584
2520.0,1296,7371.74192
3410.0,1419,7375.475518
2410.0,1339,7379.709349
1480.0,1053,7382.804554
2430.0,1208,7386.178734
1770.0,1409,7390.496731
3360.0,1702,7395.499287
3280.0,1598,7400.116857
3340.0,1533,7411.285481
2410.0,1306,7415.616583
3370.0,1571,7420.543787
2400.0,1162,7423.792618
1860.0,979,7426.754414
2590.0,1542,7431.224255
2730.0,1355,7435.388583
2030.0,1274,7438.851986
2720.0,1430,7443.334017
2030.0,1060,7446.170637
2000.0,1235,7457.858317
1730.0,1183,7461.259158
2010.0,1414,7465.64145
2050.0,1875,7471.356072
2400.0,1476,7475.649244
3360.0,1581,7480.253385
1680.0,1085,7483.487854
2320.0,1585,7488.058683
1420.0,1089,7490.993257
2010.0,1361,7501.580703
2500.0,1158,7505.497003
2350.0,1387,7509.331317
1610.0,1488,7513.918644
3310.0,1569,7518.624022
3340.0,1328,7522.95189
1980.0,1037,7526.115057
3360.0,1526,7530.674005
2030.0,1113,7533.636177
1780.0,1322,7537.062848
3260.0,1428,7548.655478
3270.0,1588,7553.423292
2650.0,1619,7558.314205
3300.0,1339,7562.616193
2380.0,1260,7566.285741
2400.0,1261,7570.419301
2540.0,1591,7575.107095
3220.0,1395,7578.534066
1850.0,1342,7582.409312
2370.0,1344,7593.833062
2250.0,1715,7598.959976
2110.0,1380,7603.290424
1990.0,1671,7608.190016
3230.0,1474,7612.886666
3290.0,1165,7616.370614
2270.0,1358,7620.003332
2150.0,1394,7624.081607
2150.0,1471,7628.202747
3410.0,1509,7640.353744
2400.0,1304,7644.044394
3330.0,1220,7647.996096
2120.0,1221,7651.361175
2530.0,1432,7655.807665
2120.0,1305,7659.59255
3350.0,1487,7664.149906
2560.0,1591,7668.33895
2000.0,1356,7672.458554
2190.0,1435,7684.523727
2120.0,1351,7688.177835
3170.0,1222,7691.60824
3210.0,1214,7695.787945
3350.0,1310,7699.421374
3190.0,1587,7704.320441
3320.0,1269,7708.526552
1550.0,1264,7711.913641
1830.0,1151,7715.261943
2230.0,1618,7728.096752
1620.0,1763,7733.007412
3360.0,1302,7736.527211
2030.0,1195,7740.39811
2130.0,1371,7744.44141
3320.0,1593,7749.086143
2260.0,1159,7752.717792
3190.0,1282,7756.169235
3240.0,1772,7761.583301
2420.0,1332,7773.733422
3260.0,1350,7777.875803
3310.0,1268,7781.379799
3360.0,1424,7785.69639
3240.0,1633,7790.313035
2110.0,1261,7793.479365
3350.0,1711,7798.575683
2140.0,1173,7801.656436
1840.0,1411,7805.594276
2180.0,1079,7808.761851
3230.0,1464,7821.523303
3320.0,1290,7824.975049
3230.0,1396,7829.14836
3230.0,1448,7833.301828
2450.0,1272,7836.428964
3230.0,1251,7839.747024
3290.0,1571,7844.276939
3240.0,1689,7849.05495
3370.0,1622,7861.363342
3250.0,1262,7864.769395
1700.0,1257,7868.579321
3210.0,1403,7872.2658
2000.0,1361,7876.324738
2590.0,1831,7881.024445
2010.0,1194,7884.422556
1720.0,1146,7887.331689
3240.0,1363,7891.249887
2100.0,922,7893.466717
1990.0,1357,7905.429111
2400.0,1174,7908.66436
3360.0,1497,7912.881135
3220.0,1254,7916.194111
1420.0,1382,7920.48393
3230.0,1205,7923.77347
3260.0,1375,7927.643669
3350.0,1463,7931.557369
2550.0,1283,7934.739481
2260.0,1291,7938.680158
2500.0,1273,7951.152172
2110.0,1270,7955.057781
2450.0,1192,7958.286346
3220.0,1541,7962.597072
3240.0,1468,7966.486496
2520.0,1239,7969.945208
1960.0,1363,7974.244111
3200.0,1244,7977.658645
3250.0,1289,7981.841317
3250.0,1339,7992.840331
3360.0,1699,7997.687339
3350.0,1211,8001.492103
3220.0,1270,8004.916785
3040.0,1124,8007.838447
2500.0,1079,8010.629243
3220.0,1373,8014.532906
3350.0,1186,8017.492315
2030.0,1343,8021.502902
3200.0,1479,8025.781976
3240.0,1458,8036.455115
3310.0,1306,8040.454187
3170.0,1138,8043.523504
1200.0,899,8046.223673
3270.0,1430,8050.136718
2410.0,1255,8053.164129
3250.0,1258,8056.426644
2530.0,1425,8060.692266
2170.0,1470,8064.827814
1950.0,1295,8068.337413
2430.0,1362,8080.179903
3310.0,1260,8083.644307
3360.0,1317,8087.704092
1480.0,1322,8091.643871
3230.0,1235,8094.735407
3450.0,1322,8097.955948
2160.0,1284,8101.64837
1930.0,1166,8104.645499
1440.0,1133,8107.727214
2460.0,1425,8111.980729
3330.0,1222,8123.387091
3450.0,1368,8127.522265
3250.0,1272,8130.880056
3220.0,1266,8134.749252
3250.0,1273,8137.891641
3320.0,1203,8141.39739
1890.0,1349,8144.592296
3260.0,1313,8148.385641
2190.0,1319,8151.883661
2070.0,1670,8164.596682
2560.0,1318,8168.063946
3330.0,1489,8172.524345
1660.0,1036,8175.63394
4830.0,1337,8179.498544
3280.0,1385,8182.919067
3230.0,1352,8186.776201
2520.0,1176,8189.73951
3300.0,1214,8192.886494
3260.0,1457,8197.223439
2150.0,1471,8209.984398
2630.0,1209,8213.571769
3270.0,1356,8218.06457
2320.0,1250,8221.615608
3290.0,1143,8224.832021
3300.0,1301,8228.906048
3270.0,1523,8233.321311
3270.0,1671,8238.012706
3260.0,1674,8242.923055
2850.0,1178,8254.934007
1880.0,1342,8258.608505
2390.0,1203,8262.540048
2660.0,1376,8266.321111
3260.0,1313,8270.160367
2520.0,1353,8273.453053
2370.0,1440,8277.642343
2080.0,1250,8281.612657
3250.0,1448,8285.351554
3260.0,1747,8298.319803
3340.0,1265,8301.739045
3220.0,1235,8305.757407
2180.0,1191,8308.837467
1850.0,1301,8312.025683
2510.0,1128,8314.94433
3410.0,1371,8318.8892
2110.0,1265,8322.258205
2530.0,1279,8326.372527
2450.0,1405,8330.515173
3380.0,1433,8341.827618
1920.0,1174,8345.748733
2220.0,1445,8349.764586
3390.0,1349,8353.808189
2590.0,1175,8357.060905
1790.0,1275,8360.977146
3340.0,1309,8364.459076
2630.0,1003,8367.406647
1740.0,1166,8370.557411
2480.0,1321,8374.552476
2020.0,1534,8386.860719
1960.0,1072,8390.073645
3350.0,1325,8393.838856
1770.0,1126,8397.626096
3320.0,1409,8401.318748
3340.0,1455,8405.604929
3250.0,1331,8409.672997
2050.0,1472,8414.202061
2030.0,1050,8417.301028
1740.0,1439,8420.924638
3330.0,1271,8433.288106
2030.0,1337,8436.848851
3420.0,1179,8440.655849
3360.0,1261,8444.022377
2840.0,1236,8447.328052
3330.0,1625,8451.869245
3340.0,1500,8455.9989
2380.0,1223,8459.803267
3280.0,1257,8463.208029
2120.0,1171,8466.309072
2430.0,1312,8479.086429
2110.0,1301,8482.891225
3190.0,1232,8486.898922
2530.0,1157,8489.971537
3220.0,1246,8493.258017
3320.0,1639,8498.124588
3360.0,1163,8501.303005
2410.0,1217,8504.770896
2050.0,1321,8509.160764
1770.0,1290,8512.601959
2090.0,1404,8525.133295
1910.0,1373,8528.943837
1950.0,1388,8533.01903
1330.0,841,8535.716695
3300.0,1223,8539.173521
3430.0,1886,8544.887485
3310.0,1230,8548.265409
1290.0,926,8551.181758
2110.0,1439,8555.318691
3310.0,1402,8566.123437
2120.0,1252,8570.138039
3330.0,1552,8574.502395
1990.0,1371,8577.964803
3250.0,1436,8582.207005
1720.0,1151,8585.386935
2060.0,1417,8589.604331
3390.0,1495,8594.129375
2030.0,1394,8597.996652
3230.0,1428,8602.418539
3240.0,1820,8615.12334
2460.0,2099,8620.601531
2090.0,1258,8623.877029
3330.0,1398,8627.949194
1800.0,1201,8630.977369
3210.0,1436,8635.206624
3200.0,1285,8638.51618
2520.0,1319,8642.405174
1860.0,1269,8653.04519
3200.0,1417,8657.161851
1710.0,1828,8662.460937
2480.0,1714,8666.739149
2660.0,1371,8670.494822
2470.0,1327,8674.048834
2170.0,1051,8677.231054
3330.0,1497,8681.636985
3280.0,1949,8687.416837
2630.0,1047,8697.70471
1950.0,1110,8700.548015
2030.0,1459,8704.601646
2110.0,1124,8707.379168
2090.0,1146,8710.364353
1910.0,1369,8714.416572
3280.0,1526,8719.072653
3270.0,1349,8722.441281
2410.0,1150,8725.664744
2560.0,1329,8729.745964
2130.0,1304,8740.650718
3250.0,1367,8744.487232
2430.0,1369,8748.296344
2110.0,1321,8751.36168
1470.0,1130,8754.18868
2020.0,1127,8757.779106
2100.0,1177,8760.978494
1950.0,1012,8764.037842
3240.0,1429,8767.678775
3350.0,1423,8772.04032
1810.0,1203,8782.497902
3470.0,1492,8786.059032
3220.0,1202,8789.553523
1860.0,1724,8793.859609
1830.0,1368,8797.966344
2390.0,1273,8801.438843
1290.0,823,8803.927643
1960.0,1302,8807.400605
3330.0,1487,8811.589659
2410.0,1359,8823.735283
1480.0,1090,8826.765636
3250.0,1344,8829.987361
3140.0,1147,8832.790094
2010.0,1561,8836.850949
2540.0,1309,8841.02873
1810.0,1240,8844.337
2290.0,1235,8848.112781
1920.0,1065,8851.111735
2100.0,1094,8854.090802
2210.0,1305,8857.606527
1750.0,1298,8869.833752
2130.0,1124,8872.794172
1440.0,1117,8875.603411
2070.0,1080,8878.398312
1610.0,1097,8881.282444
2330.0,1365,8885.312026
1540.0,1121,8888.419018
1650.0,1451,8892.663944
2050.0,1120,8895.850382
1590.0,1455,8900.153832
3380.0,1345,8912.494036
1690.0,1250,8915.785236
630.0,608,8917.33346
2010.0,1460,8921.339483
2060.0,889,8923.971692
1980.0,1558,8928.271881
3370.0,1454,8931.90198
2040.0,1108,8934.931947
1990.0,1362,8939.011796
2140.0,1225,8942.330452
1510.0,1029,8945.257558
2360.0,1305,8957.038828
1670.0,1060,8959.77871
1610.0,1097,8962.543043
1400.0,1085,8965.544077
2230.0,1110,8968.720086
2200.0,1426,8973.05993
1790.0,1426,8977.37432
2210.0,1018,8980.323014
2320.0,1213,8983.67348
1990.0,1299,8987.800139
1930.0,1780,8999.951674
1860.0,1833,9004.723214
3030.0,1281,9007.817933
1740.0,1161,9010.92541
1710.0,1242,9014.820904
2980.0,1591,9019.35394
2180.0,1326,9022.812953
2310.0,1629,9027.493964
3750.0,1457,9031.884127
2320.0,1389,9043.221607
2250.0,1611,9047.571532
2200.0,1067,9050.58932
2280.0,1086,9053.892229
1570.0,1314,9058.180654
1570.0,1209,9061.775183
1870.0,1782,9066.857247
1670.0,1175,9070.639489
1590.0,1682,9075.668668
2110.0,1019,9086.46769
2200.0,1137,9089.444833
1860.0,1199,9092.482428
2110.0,1038,9095.509165
2470.0,1624,9100.245834
2500.0,1535,9105.00145
2060.0,1036,9108.145454
2250.0,1177,9111.969316
3180.0,1391,9115.642236
1630.0,1045,9118.735595
1630.0,1302,9130.837321
2890.0,1368,9134.962636
2020.0,1027,9137.286764
2920.0,1172,9141.123039
2060.0,1303,9144.795455
1560.0,1057,9147.999196
1550.0,1406,9152.407072
2330.0,1992,9158.127079
2110.0,1637,9162.747831
2150.0,1475,9175.268606
3100.0,1424,9179.569499
1570.0,1229,9182.957432
1760.0,1650,9187.757501
2150.0,1479,9192.185938
1750.0,1188,9195.593651
1550.0,1180,9199.5125
1700.0,1216,9202.831353
1790.0,1254,9206.255948
2400.0,1681,9211.107694
2110.0,1373,9223.680524
2520.0,1415,9227.746187
1630.0,1425,9232.078847
1670.0,1106,9235.329242
2540.0,1417,9239.152545
1660.0,1014,9242.232438
1500.0,1061,9245.128613
2620.0,1050,9247.960814
1990.0,1268,9251.832
1970.0,1339,9255.495296
1720.0,1238,9267.349772
2100.0,996,9270.181813
2390.0,1359,9273.731814
3540.0,1503,9278.257734
2300.0,1608,9282.950588
3660.0,1292,9286.929851
2320.0,1477,9291.382427
2450.0,1338,9294.949652
2420.0,1232,9298.367111
2390.0,1198,9302.49765
3110.0,1415,9313.7528
2320.0,1428,9317.961452
1830.0,1139,9321.16083
2390.0,1313,9325.233294
2210.0,1204,9328.500386
2260.0,1426,9332.872921
1290.0,1113,9336.035171
2220.0,1432,9340.191992
1860.0,1185,9343.480873
1460.0,1085,9346.546547
1670.0,1148,9357.063235
2160.0,1236,9360.871156
2300.0,1092,9363.899149
2680.0,1857,9369.455369
1640.0,1709,9374.290866
2330.0,1182,9377.590221
1590.0,1279,9381.783264
2000.0,1038,9384.804829
1650.0,1396,9388.376217
1630.0,1385,9400.06653
2590.0,1358,9404.213752
1610.0,1260,9407.555395
1630.0,1264,9410.984021
1700.0,1169,9414.790437
1250.0,1113,9418.008933
1680.0,1422,9422.232111
1150.0,1022,9425.38096
2900.0,1211,9428.530702
2520.0,1458,9432.551734
1880.0,1719,9445.108054
2380.0,1267,9448.125507
1570.0,1214,9451.571558
1890.0,1580,9456.118106
3940.0,1698,9460.552544
1600.0,1107,9463.474961
1490.0,1173,9466.55317
1580.0,1266,9470.385197
2080.0,1325,9473.451617
2220.0,1300,9485.000712
2260.0,1169,9488.188644
1770.0,1262,9491.408664
2370.0,1290,9495.461736
2440.0,1268,9498.653421
1870.0,1417,9502.604827
870.0,901,9505.224138
2840.0,1259,9508.548927
2540.0,1786,9513.735238
2590.0,1864,9518.434934
1630.0,1281,9530.016311
1570.0,1023,9532.96935
2210.0,1377,9536.303504
2490.0,1294,9540.248795
1950.0,1267,9543.883957
3660.0,1696,9549.290342
2150.0,1240,9552.671058
2470.0,1466,9556.805804
1930.0,1503,9560.861459
2440.0,1286,9571.999847
2220.0,1257,9575.898994
2320.0,1482,9579.556694
2270.0,1202,9583.194884
1770.0,1575,9587.570563
2120.0,1084,9590.515358
2000.0,1482,9594.862412
2000.0,1725,9599.48842
1810.0,1510,9603.721563
1670.0,1292,9616.671024
1800.0,1243,9620.619372
2290.0,1817,9625.445686
1830.0,1657,9630.201205
2320.0,1433,9634.428918
2470.0,1291,9638.431145
2130.0,1502,9642.622937
1640.0,1719,9647.007891
2330.0,1416,9651.153268
2020.0,1353,9662.675442
2430.0,1002,9665.49542
1730.0,1329,9669.441952
2530.0,1663,9674.050966
2300.0,1061,9677.003501
2340.0,1232,9680.283062
2070.0,1559,9684.537194
2270.0,1188,9687.565983
2260.0,1022,9690.440023
2280.0,1560,9694.820104
2140.0,1240,9706.939718
3040.0,1277,9710.22085
2300.0,1422,9714.411045
1640.0,1699,9719.236038
1720.0,1239,9723.055936
1650.0,1200,9726.254121
1950.0,1824,9730.772732
1940.0,1587,9735.468829
2070.0,1292,9738.737412
1610.0,1325,9749.569687
1790.0,1233,9752.667258
1350.0,1054,9755.464809
2030.0,1279,9758.890909
2900.0,1399,9763.256944
1910.0,1364,9767.367084
2440.0,1158,9770.544491
1880.0,1516,9774.709362
1680.0,1421,9778.167683
2940.0,1331,9789.944136
2400.0,1438,9794.081851
2010.0,1434,9798.257712
1920.0,1419,9802.016176
2800.0,1531,9806.57052
2650.0,1455,9810.957934
2070.0,1470,9815.355974
2390.0,1442,9819.461334
2410.0,1587,9823.7417
1890.0,1384,9835.591379
1710.0,1419,9839.852132
1830.0,1422,9844.109199
1650.0,1438,9848.523831
1090.0,695,9850.386403
1630.0,1509,9854.905816
1630.0,1281,9858.615254
1680.0,1358,9862.596535
1580.0,1375,9866.551092
3610.0,1892,9879.109245
1650.0,1402,9883.142941
2520.0,1724,9888.062934
4550.0,1231,9891.879957
2840.0,1344,9895.42223
3080.0,1426,9899.798634
1720.0,1618,9904.40708
2250.0,1997,9910.00174
2220.0,1180,9913.130235
2310.0,1523,9925.67536
1610.0,1436,9929.696525
1520.0,1249,9933.096994
2910.0,1455,9937.324572
2350.0,2020,9943.033827
3160.0,1312,9946.883036
1820.0,1286,9950.020774
1650.0,1217,9952.991143
2040.0,1390,9957.037311
2520.0,1424,9969.110082
2370.0,1652,9973.69
2310.0,1485,9978.03828
2380.0,1603,9982.584479
1820.0,1852,9987.838247
2310.0,1392,9992.023214
1930.0,1315,9996.200256
1610.0,1187,9999.387249
2290.0,1271,10010.61855
2050.0,1497,10014.668662
2110.0,1286,10018.542607
2240.0,1438,10022.218965
1720.0,1344,10026.473478
1910.0,1387,10030.889314
2520.0,1357,10034.303446
2390.0,1511,10038.360379
2310.0,1559,10042.471929
2670.0,1388,10054.5456
1910.0,1547,10058.729434
2470.0,2017,10064.600211
2210.0,1547,10069.054316
2100.0,1504,10073.478357
1650.0,1388,10076.989076
1560.0,1400,10081.0618
2250.0,1653,10085.461938
1760.0,1468,10098.408549
1900.0,1419,10102.511057
2080.0,1437,10106.131978
2250.0,1349,10110.330947
1940.0,1871,10115.894323
2500.0,1665,10120.82387
1690.0,1205,10124.122101
2260.0,1868,10129.69897
2250.0,1330,10133.419929
2210.0,1124,10144.261443
2520.0,1486,10148.381657
2200.0,1836,10154.067793
2660.0,1299,10157.592325
1630.0,1697,10163.398775
2180.0,1377,10167.277597
2290.0,1625,10172.032652
2110.0,1569,10176.711468
2500.0,1335,10187.814713
2100.0,1406,10191.790436
2490.0,1434,10195.437324
1950.0,1316,10199.400265
2640.0,979,10202.241846
1750.0,1548,10206.685696
1940.0,1768,10211.30104
2190.0,1199,10214.863122
2310.0,1640,10219.148622
2350.0,1583,10230.998839
2410.0,1443,10234.493024
2930.0,1659,10239.715774
3310.0,1492,10243.468649
1890.0,1305,10247.445644
3070.0,1440,10251.809402
2660.0,1744,10256.639401
2270.0,1144,10259.80231
1730.0,1380,10263.922823
2850.0,1204,10274.781481
1630.0,1615,10279.313079
2450.0,1271,10283.204947
1730.0,1567,10287.630852
2500.0,1337,10291.191512
2770.0,1318,10295.333259
2580.0,1483,10299.516277
1650.0,1278,10302.780529
2420.0,1291,10306.519129
1810.0,1444,10317.340456
2000.0,1475,10320.756185
2130.0,1903,10326.304588
1740.0,1548,10330.630805
2480.0,1368,10334.708356
2540.0,1525,10339.171604
1690.0,1219,10342.448822
1860.0,1363,10346.403059
1660.0,1286,10349.709839
2240.0,1370,10361.180079
2170.0,1251,10364.343149
1940.0,1546,10368.813939
2270.0,1377,10372.925754
3510.0,1275,10376.374311
2350.0,1829,10382.159647
2340.0,1671,10386.656601
1920.0,1903,10392.084294
1530.0,1232,10403.015706
1600.0,1205,10406.183753
1940.0,1720,10411.522079
530.0,566,10413.073303
2190.0,1516,10417.529563
1830.0,1662,10422.125094
2270.0,1423,10425.949661
2000.0,1748,10431.152204
2630.0,1434,10435.233899
1180.0,1246,10445.875053
2380.0,1575,10450.369093
1790.0,1347,10454.406613
3110.0,1344,10458.06338
2320.0,1646,10462.758578
2230.0,1267,10466.656148
2020.0,1578,10471.270126
1630.0,1135,10474.34636
2250.0,1504,10478.43321
2240.0,1137,10481.338217
2000.0,1355,10492.775141
2030.0,1351,10496.374657
2670.0,1615,10501.046502
3090.0,1630,10506.278038
3630.0,1438,10509.981309
1700.0,1367,10514.051163
2250.0,1112,10517.138933
2330.0,1526,10521.403548
2090.0,1172,10524.383711
1710.0,1277,10536.067919
1680.0,1320,10539.548341
2090.0,1631,10544.127332
3090.0,1956,10550.109292
2280.0,1416,10554.235327
3210.0,1566,10558.695164
1710.0,1353,10562.21214
2130.0,1442,10566.259646
1850.0,1622,10578.216038
2520.0,1238,10582.131217
1660.0,1522,10586.54375
1750.0,1945,10591.71916
2400.0,1544,10596.248857
2460.0,1307,10600.261899
1710.0,1387,10604.344414
1860.0,1302,10607.559073
2180.0,1410,10611.348802
2260.0,1206,10622.148704
1980.0,1257,10626.182038
2100.0,1629,10630.710387
2380.0,1624,10635.158497
2530.0,1558,10639.608748
2370.0,1525,10644.071364
1870.0,1295,10647.343204
2810.0,1643,10651.812206
2410.0,1793,10664.327631
2280.0,1358,10668.47318
2050.0,1102,10671.573576
1740.0,1453,10675.253946
2280.0,1270,10679.279817
2610.0,1545,10683.714872
2250.0,1203,10687.010319
1740.0,1336,10690.870332
2340.0,1580,10695.036739
2160.0,1177,10698.040238
2530.0,1626,10711.369996
2400.0,1735,10716.753033
2080.0,1366,10720.287118
1810.0,1161,10723.960756
1710.0,1286,10727.336495
2470.0,1532,10731.805574
2300.0,1198,10734.89239
3080.0,1303,10738.631559
2490.0,1290,10741.733386
2280.0,1477,10753.71331
1580.0,1237,10757.140831
1920.0,1322,10761.261925
2390.0,1506,10765.703443
2340.0,1330,10769.41611
2480.0,1261,10773.457434
2030.0,1570,10777.740087
2510.0,1542,10781.918965
1290.0,998,10784.508966
1650.0,1247,10795.035188
2130.0,1458,10799.333457
1650.0,1325,10803.400892
2350.0,1304,10806.975797
2180.0,1084,10810.076396
2110.0,1367,10814.143654
2570.0,1346,10817.803482
2180.0,1349,10821.588117
1890.0,1378,10825.424351
1760.0,1755,10837.195875
2360.0,2048,10842.986299
1880.0,1388,10847.190768
1730.0,1358,10850.848684
3010.0,1501,10855.220114
3040.0,2021,10861.479394
2320.0,1795,10866.088645
2290.0,1262,10869.733816
2050.0,1490,10881.535746
1880.0,1336,10885.155269
1760.0,1494,10889.44655
2620.0,1554,10893.912151
1690.0,1221,10897.711302
3150.0,1584,10902.334456
1920.0,1254,10905.76044
2970.0,1243,10908.902003
1740.0,1533,10913.173475
3080.0,1135,10924.656706
1860.0,1464,10929.071888
2560.0,1547,10933.665381
2330.0,1324,10937.862772
2010.0,1373,10941.572915
1780.0,1341,10945.566042
2540.0,1345,10949.535907
1710.0,1358,10952.815971
2530.0,1577,10957.035833
2050.0,1398,10968.952327
2280.0,1243,10972.211402
1940.0,1445,10976.468142
3050.0,2028,10982.285755
2430.0,1512,10986.835021
1650.0,1353,10990.353655
1910.0,1513,10994.827886
2510.0,1315,10998.671917
1730.0,1308,11001.935867
3110.0,1623,11013.17409
2350.0,1486,11017.522041
2290.0,1411,11021.761826
2340.0,1623,11026.504756
1690.0,1485,11030.802913
1550.0,1413,11035.040225
2450.0,1109,11038.111983
2450.0,1339,11041.39772
2730.0,1552,11045.493807
2500.0,1333,11056.366616
2320.0,1497,11060.760947
1270.0,977,11063.638747
1910.0,1334,11067.203219
1690.0,1487,11071.566151
3350.0,1380,11075.612281
3190.0,1625,11080.099279
1720.0,1285,11083.295287
7620.0,1490,11087.273649
1750.0,1508,11099.566216
2760.0,1419,11103.897387
1980.0,1198,11107.290355
1860.0,1272,11111.15038
2170.0,1037,11114.057827
1920.0,1575,11118.555851
1630.0,1379,11122.319334
2020.0,1402,11126.581167
2450.0,1546,11130.841034
2300.0,1329,11142.040082
2330.0,1592,11146.644987
2950.0,1642,11151.21482
2050.0,1195,11154.48408
2100.0,1294,11158.438658
1720.0,1228,11161.763158
2060.0,1332,11165.72721
2320.0,1545,11170.008435
2510.0,1456,11173.385295
1660.0,1468,11184.826442
2700.0,1369,11188.941332
2450.0,1405,11192.504616
1980.0,1435,11196.719345
2490.0,1238,11200.535511
1640.0,1171,11203.658439
1830.0,1489,11207.975783
3040.0,1785,11212.696013
1990.0,1530,11216.824832
2360.0,1458,11228.831117
2850.0,1472,11233.049884
2070.0,1289,11236.638359
2300.0,1429,11240.914661
1920.0,1504,11245.266267
2710.0,1415,11249.442457
2300.0,1350,11252.959566
2260.0,1458,11257.132721
2320.0,1413,11261.145268
2350.0,1243,11271.920475
1680.0,1343,11275.982469
1760.0,1566,11280.583296
1890.0,1507,11284.961931
3090.0,1173,11288.207434
1720.0,1469,11292.535591
2540.0,1523,11296.925683
2330.0,1657,11301.590897
2520.0,1442,11305.910784
2510.0,1402,11317.184875
2480.0,1361,11321.22809
4520.0,1451,11325.519823
3110.0,1462,11329.828214
1840.0,1125,11332.876971
1630.0,1093,11335.900335
2510.0,1328,11339.360629
2540.0,1595,11343.632152
2420.0,1538,11347.789625
2390.0,1553,11359.902327
2450.0,1205,11363.482812
1760.0,1366,11367.096653
3090.0,1388,11371.327217
1950.0,1603,11375.927486
1520.0,936,11378.702379
2500.0,1231,11381.929775
2410.0,1409,11385.768393
2320.0,1269,11388.844534
2260.0,1330,11392.754082
1730.0,1252,11403.826613
2310.0,1291,11407.700331
1700.0,1474,11412.098367
2240.0,1206,11415.452977
2010.0,1314,11418.995476
2010.0,1473,11423.351291
1870.0,1101,11426.235222
1590.0,869,11428.683086
2370.0,1392,11432.582487
2440.0,1957,11446.341443
2320.0,1518,11450.180455
1910.0,1476,11454.4838
4150.0,1193,11458.288514
3020.0,1350,11461.855808
2170.0,1520,11466.149183
2520.0,1487,11470.329043
2050.0,1222,11473.339187
1780.0,1432,11477.603076
2020.0,1383,11481.887056
2340.0,1302,11492.485505
2490.0,1285,11496.311674
1710.0,1237,11500.005961
1720.0,1683,11504.9502
2370.0,1609,11509.694001
2260.0,1399,11513.939184
2230.0,1404,11517.917777
1820.0,1335,11521.268171
1980.0,1554,11533.458288
2280.0,1548,11537.49416
2920.0,1284,11541.137722
3030.0,1488,11545.30532
2820.0,1543,11549.223637
2810.0,1288,11553.117161
2300.0,1427,11557.257143
2330.0,1875,11562.054173
1850.0,1310,11565.832362
2500.0,1598,11578.015598
2610.0,1242,11581.057491
1910.0,1350,11584.900676
2110.0,1288,11588.403511
2320.0,1909,11594.255443
3110.0,1746,11599.133696
2240.0,1366,11603.150189
2790.0,1326,11607.001489
1940.0,1254,11610.208325
2410.0,1411,11621.922662
700.0,626,11623.494709
2290.0,1384,11626.899519
1660.0,1377,11630.996515
2380.0,1714,11635.809693
2200.0,1261,11639.752972
2480.0,1463,11643.978371
1900.0,1243,11647.245302
1720.0,1133,11650.359698
2100.0,1692,11662.45935
2630.0,1322,11666.186764
2330.0,1502,11670.337882
1890.0,1148,11673.704808
2340.0,1648,11678.410818
1340.0,1134,11681.551575
2420.0,1484,11685.956198
2590.0,1396,11690.205817
2280.0,1291,11693.412678
2010.0,1818,11706.105451
2280.0,1327,11709.336644
1680.0,1284,11713.02867
1360.0,928,11715.928939
1610.0,1129,11719.134097
2520.0,1493,11723.517691
1950.0,1816,11728.481968
2200.0,1657,11733.120723
2080.0,1256,11736.936026
2420.0,1807,11748.650668
1820.0,1298,11752.347785
1670.0,1221,11755.307298
1820.0,1591,11759.653752
2350.0,1651,11764.397206
2800.0,1719,11769.75084
3350.0,1426,11773.388062
1920.0,1415,11777.616281
2430.0,1727,11782.889281
2320.0,1330,11794.362756
2350.0,1551,11798.433569
1770.0,1280,11802.29816
2510.0,1251,11805.664778
1600.0,1439,11809.847414
2810.0,1400,11813.538944
1980.0,1446,11817.913791
2420.0,1313,11822.20453
3530.0,1472,11826.513122
2370.0,1508,11837.742591
2210.0,1076,11840.565038
3020.0,1385,11843.977569
3130.0,1437,11848.307794
3120.0,1223,11851.780807
2370.0,1392,11855.957021
2180.0,1292,11859.961184
2420.0,1610,11864.651776
2350.0,1856,11869.615822
2450.0,1327,11880.20017
3950.0,1567,11884.376718
1890.0,1492,11888.446418
2270.0,1188,11891.587115
1930.0,1369,11895.624486
2350.0,1921,11900.609573
2950.0,1470,11904.976326
2160.0,1569,11909.524019
2720.0,1242,11912.951968
2120.0,1350,11923.596557
2410.0,1255,11926.599027
3340.0,1631,11931.311285
2510.0,1378,11934.800844
2540.0,1360,11939.032659
2290.0,1388,11943.391797
2900.0,1422,11947.089787
1900.0,1325,11951.11293
2290.0,1990,11964.213089
2940.0,1440,11967.564681
2630.0,1566,11971.636856
2270.0,1249,11975.342378
2320.0,1752,11980.23953
1950.0,1097,11983.225216
2510.0,1318,11987.15184
3400.0,1389,11990.781513
2320.0,1321,11994.784088
2590.0,1403,11998.930099
2030.0,1369,12010.621655
2360.0,1376,12014.392584
1950.0,1405,12018.29711
2950.0,1246,12021.569064
2710.0,1710,12026.268757
2230.0,1133,12030.016375
1920.0,1344,12033.750753
1800.0,1651,12038.374574
2540.0,1464,12042.500111
2380.0,1590,12054.958137
2510.0,1410,12058.732163
1850.0,1163,12061.640977
2860.0,1450,12065.598624
1430.0,1035,12068.419758
2780.0,2189,12074.355795
1770.0,1066,12077.323751
2800.0,1597,12081.776961
1870.0,1443,12093.400936
2280.0,1195,12096.354803
2750.0,1258,12099.715742
1650.0,1235,12102.545419
3040.0,1492,12106.580796
1750.0,1479,12110.760447
2570.0,1551,12115.090771
1750.0,1491,12119.520523
2520.0,1622,12124.186682
2540.0,1404,12135.900731
1950.0,1471,12140.034282
1950.0,1158,12142.809635
1890.0,1234,12146.253467
1990.0,1712,12150.831114
1930.0,1399,12155.150048
1850.0,1675,12159.860512
1790.0,1840,12165.506692
2330.0,1462,12169.17131
2470.0,1233,12181.761266
2740.0,1627,12185.944309
2450.0,1301,12188.969005
2540.0,1542,12192.930377
2540.0,1761,12198.192519
1710.0,1298,12201.828692
2290.0,1498,12206.230054
3060.0,1427,12210.599562
1700.0,1087,12213.790548
2010.0,1377,12226.383537
2350.0,2010,12231.68767
2340.0,1419,12234.796607
2230.0,1768,12239.881745
2530.0,1418,12244.383324
1650.0,1184,12247.794473
2460.0,1321,12251.252594
2360.0,1599,12255.775837
2520.0,1507,12269.193073
1730.0,1568,12273.989215
2500.0,1351,12277.782621
2470.0,1496,12281.785806
2280.0,1403,12285.444764
1790.0,1389,12289.872904
2320.0,1372,12294.030289
1760.0,1511,12298.398884
3060.0,1219,12301.764485
1300.0,956,12312.778544
1720.0,1568,12317.111287
2300.0,1225,12320.10878
3970.0,1392,12323.831359
1790.0,1449,12327.871962
2530.0,1347,12331.305616
2550.0,1764,12336.742991
2520.0,1319,12340.307512
2220.0,1497,12344.721024
2490.0,1451,12357.160436
3010.0,1368,12360.750221
2260.0,1321,12364.553799
2490.0,1403,12368.228568
2320.0,1378,12371.447833
2010.0,1337,12375.276078
2430.0,1608,12379.754228
2270.0,2029,12385.651485
1830.0,1698,12390.717018
2480.0,1191,12402.376897
2300.0,1564,12407.391993
1500.0,1205,12410.512025
2630.0,1600,12414.554658
2350.0,1705,12419.034051
1790.0,1333,12422.926593
2330.0,1374,12426.512384
2510.0,1342,12430.630773
1660.0,1150,12433.723306
3080.0,1600,12445.53804
2530.0,1608,12449.82802
2590.0,2175,12456.041892
1990.0,1390,12459.40695
2330.0,1529,12463.617043
1720.0,1264,12467.63763
2340.0,1409,12471.289937
2520.0,1549,12475.822012
2530.0,1501,12488.550348
2950.0,1279,12492.481094
2350.0,1718,12496.899913
4790.0,1747,12501.279958
2440.0,1153,12504.658684
2330.0,1807,12509.339304
2190.0,1645,12513.770568
2330.0,1133,12516.968875
2340.0,1589,12529.839997
2930.0,1268,12533.917918
2470.0,1383,12537.30238
1500.0,1119,12540.641462
1950.0,1504,12544.708598
2500.0,1394,12548.328627
2880.0,1382,12552.366176
2310.0,1399,12556.553617
1730.0,1524,12560.972764
2340.0,1371,12572.319902
2540.0,1220,12575.574273
2490.0,1195,12579.273593
2440.0,1260,12582.266204
2320.0,1297,12585.865034
2300.0,1470,12589.868221
2890.0,1865,12594.386825
2300.0,1357,12598.468374
2350.0,1423,12602.422673
2530.0,1715,12617.81359
2430.0,1499,12622.307912
2030.0,1194,12625.416526
1950.0,1263,12628.573125
1740.0,1392,12632.687803
1620.0,1061,12635.740513
3600.0,2101,12641.710492
2160.0,1460,12646.049436
3110.0,1902,12651.840143
1740.0,1704,12664.637527
2220.0,1617,12668.865431
2970.0,1577,12673.070931
1240.0,935,12675.778404
1850.0,1159,12678.988601
1940.0,1401,12683.029586
2940.0,1600,12687.453706
1730.0,1679,12692.333002
1730.0,1214,12695.750718
1700.0,1534,12708.306095
1730.0,1765,12713.419184
2500.0,1308,12716.567327
2170.0,1547,12720.865876
1780.0,1101,12724.071514
2550.0,1419,12728.214396
2360.0,1505,12732.363755
2570.0,1675,12736.897914
3700.0,1998,12751.048251
3900.0,1377,12754.910465
1790.0,1583,12759.122728
1900.0,1188,12762.218432
2360.0,1292,12766.135384
2320.0,1796,12771.222257
1780.0,1653,12775.518253
2570.0,1910,12780.915151
2550.0,1378,12794.196465
3230.0,1130,12797.314353
2910.0,1262,12800.459642
2330.0,1414,12804.399632
1920.0,1431,12808.460469
2640.0,1779,12813.354387
1760.0,1587,12817.980356
3120.0,2022,12823.792661
2330.0,1126,12826.581693
2050.0,1702,12838.968779
3180.0,1555,12843.161183
2490.0,1832,12848.404495
2550.0,1512,12852.751417
2510.0,1654,12857.436765
2320.0,1372,12861.482703
2380.0,1542,12865.797122
2900.0,1408,12869.176077
1740.0,1313,12880.948642
1830.0,1442,12885.028002
1740.0,1364,12888.229829
1750.0,1622,12892.65257
2440.0,1564,12897.095452
1860.0,1575,12901.594416
3000.0,1380,12905.789726
1890.0,1319,12909.365759
2350.0,1278,12913.296046
3030.0,1226,12924.52691
1890.0,1303,12928.275642
2690.0,2505,12935.361611
2300.0,1472,12939.214706
1900.0,1253,12943.113666
2340.0,1627,12947.824348
1870.0,1518,12952.553609
3360.0,1268,12956.171343
2930.0,1588,12968.663914
2390.0,1560,12972.854162
2060.0,1506,12976.874477
2060.0,1514,12981.141647
2910.0,1381,12985.157799
2390.0,1344,12988.651296
2530.0,1379,12992.707696
2560.0,1533,12997.165574
2550.0,1620,13001.718719
2340.0,1492,13013.783026
2180.0,1500,13017.712468
1560.0,1194,13020.813855
3190.0,1424,13024.972639
2570.0,1918,13030.632833
2960.0,1382,13034.144317
2540.0,1360,13038.172297
2310.0,1344,13041.803306
1760.0,1666,13055.395855
1910.0,1222,13058.348362
1930.0,1215,13061.560999
1890.0,1749,13066.912628
2710.0,1508,13071.336
1990.0,1313,13074.918101
1990.0,1272,13078.767646
2560.0,1324,13082.112936
3680.0,1316,13086.048325
2390.0,1855,13099.489933
1840.0,1439,13103.441889
2330.0,1962,13108.716219
2640.0,1466,13113.030679
1760.0,1699,13117.891742
2550.0,1838,13122.851804
1840.0,1388,13126.932033
2280.0,1166,13130.268002
2670.0,1494,13134.660104
2290.0,1334,13146.449399
2590.0,1502,13150.381975
1920.0,1411,13153.65889
2560.0,1311,13157.460368
1750.0,1601,13161.838343
1740.0,1305,13165.141733
2270.0,1224,13168.870894
2380.0,1694,13173.470604
2490.0,1302,13177.390076
2420.0,1624,13191.426149
2280.0,1484,13195.038177
2300.0,1216,13198.683053
2360.0,1613,13202.945785
2900.0,1345,13206.411627
2730.0,1505,13210.844111
2530.0,1341,13214.88614
2750.0,1425,13219.120467
2000.0,1233,13222.507877
2250.0,1341,13235.445362
2500.0,1211,13238.951625
2720.0,1820,13244.003471
2880.0,1336,13247.814048
2540.0,1660,13252.313569
1730.0,1538,13256.568738
2560.0,1337,13260.757532
2520.0,1478,13265.225235
1740.0,1750,13277.66358
2350.0,1675,13282.370747
1870.0,1231,13286.084512
2490.0,1144,13289.001347
2580.0,1824,13293.676397
1960.0,1522,13297.968707
2530.0,1473,13302.32979
3110.0,1387,13306.479637
2500.0,1304,13310.094465
2280.0,1174,13321.748942
2020.0,1839,13327.582952
3250.0,1522,13331.760696
1740.0,1604,13336.241309
1970.0,1427,13340.442106
2280.0,1293,13343.839708
3910.0,1264,13347.816023
2310.0,1285,13351.204283
2280.0,1160,13354.465529
1340.0,952,13366.196138
1940.0,1707,13371.787349
1690.0,1245,13375.192127
2370.0,1482,13379.344626
2490.0,1507,13383.677397
1860.0,1385,13387.47655
1320.0,889,13390.283998
1910.0,1533,13394.632107
2420.0,1555,13399.011138
1510.0,1159,13411.6854
1640.0,1640,13416.280591
2920.0,1563,13420.651516
1840.0,1706,13425.891495
2410.0,1400,13429.533183
2660.0,1331,13433.522597
2490.0,1311,13436.961416
1760.0,1502,13441.242396
1770.0,1449,13445.427807
2230.0,1462,13458.10938
1630.0,1077,13461.114853
1730.0,1567,13465.325583
2540.0,1326,13469.141843
2360.0,1236,13472.302791
2520.0,1299,13475.715066
2460.0,1454,13479.999273
2840.0,1316,13484.033323
2520.0,1544,13488.445808
2310.0,1308,13500.241003
1700.0,1250,13503.998453
2520.0,1281,13507.051969
1780.0,1540,13511.149158
2020.0,1464,13515.173201
2620.0,1343,13518.668713
3240.0,1303,13522.629788
2460.0,1413,13526.700268
1660.0,1210,13529.984597
2360.0,1433,13534.065651
2730.0,1554,13547.020954
3230.0,1408,13550.556985
2400.0,1228,13554.177694
2500.0,1164,13557.185962
2320.0,1378,13561.237482
2960.0,1335,13564.750082
1750.0,1601,13569.088233
2330.0,1470,13573.227267
1940.0,1358,13577.031667
3780.0,1839,13589.671034
2580.0,1187,13593.475372
3000.0,1249,13596.59328
2310.0,1640,13600.913719
2720.0,1316,13604.814493
1700.0,1364,13608.327233
2340.0,1362,13612.285484
2520.0,1310,13615.744884
3070.0,1361,13619.958812
2430.0,1575,13632.329275
2930.0,1836,13637.757267
2560.0,1399,13641.08629
1790.0,1479,13645.164037
2470.0,1237,13649.034597
1840.0,1472,13652.810201
2430.0,1582,13657.450761
2520.0,1492,13661.901136
1710.0,1394,13673.508259
2270.0,1248,13676.902847
2530.0,1747,13682.316591
2470.0,1579,13686.568762
1930.0,1389,13689.950133
2320.0,1434,13694.244456
1830.0,1350,13698.427082
2600.0,1306,13701.898803
2330.0,1218,13705.804625
2440.0,1798,13718.962148
1810.0,1148,13722.09611
2600.0,1324,13726.02447
1750.0,1656,13730.471592
3310.0,1308,13734.189252
2620.0,1372,13737.503045
1870.0,1235,13741.427772
2680.0,1479,13745.254574
3110.0,1415,13749.414105
1880.0,1223,13761.703637
2610.0,1491,13766.14982
3200.0,2121,13772.812821
1730.0,1597,13777.522014
2340.0,1389,13781.837735
2320.0,1381,13786.070076
2660.0,1460,13790.266479
1700.0,1346,13793.759583
2530.0,1314,13797.82232
2320.0,1723,13810.956627
2640.0,1215,13814.325122
2630.0,1300,13818.597253
1940.0,1408,13822.759532
1730.0,1344,13826.149247
2680.0,1572,13830.405607
2320.0,1464,13834.424598
1930.0,1341,13838.322998
2630.0,1359,13841.667795
2520.0,1311,13853.572753
2570.0,1525,13858.117806
1910.0,1230,13861.474882
2410.0,1420,13865.9372
1850.0,1323,13869.514639
2660.0,1530,13873.95556
2300.0,1421,13877.995249
2550.0,1535,13882.112619
3380.0,1337,13885.826133
2560.0,1348,13897.163505
1760.0,1345,13901.200936
1770.0,1747,13905.858948
2060.0,1358,13909.824887
2500.0,1428,13913.527935
2390.0,1617,13918.619318
2510.0,1364,13922.000128
1880.0,1406,13925.866137
3160.0,1614,13937.349593
2330.0,1289,13940.754226
2260.0,1264,13944.568966
2120.0,1452,13948.693909
1790.0,1066,13951.786622
1880.0,1289,13955.274433
2520.0,1412,13959.503614
2610.0,1496,13963.804214
2470.0,1206,13966.913054
2530.0,1530,13971.083921
5550.0,1646,13983.759887
2510.0,1478,13988.051778
2360.0,2023,13993.883553
2380.0,1935,13999.564812
2140.0,1366,14003.083971
1730.0,1395,14007.279552
1700.0,1260,14010.701381
2020.0,1571,14014.756099
2370.0,1460,14026.65492
1760.0,1857,14032.045262
1950.0,1608,14036.558939
2570.0,1788,14041.345165
2160.0,1270,14045.482103
2500.0,1782,14050.732002
2350.0,1582,14055.251501
1690.0,1194,14058.762201
1780.0,1715,14070.608917
2990.0,1211,14073.726732
2190.0,1266,14077.498264
3170.0,1811,14082.274368
3060.0,1517,14086.558871
3150.0,1071,14089.56513
2980.0,1414,14093.88085
2560.0,1751,14098.74835
1940.0,1309,14102.671283
2370.0,1451,14114.516614
2580.0,1446,14118.460937
2440.0,1652,14123.130991
1710.0,1359,14127.227176
2690.0,1366,14131.454117
1680.0,1288,14134.829895
2380.0,1571,14139.437276
1810.0,1607,14143.819509
2310.0,1353,14147.58761
1960.0,1537,14159.744211
2340.0,1401,14163.093351
2580.0,1373,14167.189481
2280.0,1193,14170.297179
3120.0,1585,14174.588968
1780.0,1616,14179.714096
2660.0,1420,14183.387669
2930.0,1267,14187.18918
1680.0,1481,14199.424984
2720.0,1323,14202.713365
2670.0,1231,14205.823149
2670.0,1365,14209.764483
2370.0,1663,14214.298867
2600.0,1568,14218.650655
3470.0,1446,14222.871314
1830.0,1189,14226.223699
2270.0,1377,14230.407687
2620.0,2067,14245.910424
1860.0,1535,14250.145071
2520.0,1427,14254.091066
2460.0,1192,14257.331919
2920.0,1311,14261.406218
2110.0,1280,14264.819924
2590.0,1800,14269.63245
2300.0,1359,14273.496174
2550.0,1596,14277.88878
1920.0,1335,14289.978648
2360.0,1689,14294.31213
2080.0,1487,14298.544355
2470.0,1515,14302.959369
2730.0,1261,14306.415215
1910.0,1389,14310.624321
2350.0,1689,14315.114588
2650.0,1688,14319.469027
1960.0,1330,14331.824948
2110.0,1376,14335.43515
1890.0,1594,14340.337586
2360.0,1485,14343.808073
1860.0,1513,14347.870863
1770.0,1764,14353.112423
1690.0,1455,14356.477991
1920.0,1620,14361.302964
3710.0,1346,14364.756287
1730.0,1497,14379.528727
2390.0,1404,14383.527484
2730.0,1708,14388.037167
2570.0,1376,14392.165539
1720.0,1540,14396.550472
2530.0,1427,14400.051972
2280.0,1208,14403.856193
2350.0,1463,14408.298965
2330.0,1758,14421.094695
2300.0,1301,14424.665529
2500.0,1484,14428.998589
2520.0,1764,14434.011847
2360.0,1253,14437.171697
1700.0,1294,14440.94989
3020.0,1680,14445.176768
1730.0,1595,14449.388675
2500.0,1748,14454.439701
2600.0,1353,14466.871034
3470.0,1419,14471.178581
2460.0,1223,14474.345334
1810.0,1112,14477.282413
1710.0,1355,14481.407164
1500.0,1389,14484.945647
2410.0,1736,14490.014448
2560.0,1335,14493.478335
1940.0,1394,14497.745595
1740.0,1769,14511.38295
2270.0,1251,14515.463105
2000.0,1092,14518.609707
3220.0,1396,14522.725808
2330.0,1326,14525.964118
2240.0,1176,14528.9106
2330.0,1499,14532.769907
2050.0,1566,14536.846348
2090.0,1396,14540.879657
3000.0,1504,14553.142237
1960.0,1440,14557.25989
1740.0,1616,14561.759928
2630.0,1490,14565.472916
2680.0,1701,14570.40692
3290.0,1305,14573.439329
1810.0,1760,14578.534311
3260.0,1506,14582.78883
1700.0,1287,14586.238593
2490.0,1354,14597.947121
1970.0,1401,14601.749943
1930.0,1295,14605.658342
2270.0,1202,14608.931003
2420.0,1436,14612.925731
1910.0,1361,14616.290073
2590.0,1403,14620.100066
2480.0,1851,14625.078623
2250.0,1403,14628.504372
2610.0,1327,14640.062258
2520.0,1551,14644.504179
2690.0,1274,14647.973182
2440.0,1217,14651.832716
1840.0,1443,14656.252022
2440.0,1441,14659.800499
2460.0,1464,14663.611569
2760.0,1371,14667.238527
2530.0,2016,14680.710094
2340.0,1304,14684.091839
2520.0,1618,14688.700398
2130.0,1784,14694.284831
1960.0,1317,14697.764095
1320.0,897,14700.362511
2330.0,1453,14704.478074
2320.0,1478,14708.244931
2510.0,1293,14711.291468
1630.0,1075,14714.070603
3740.0,1439,14726.473853
2640.0,1474,14730.726588
2510.0,1534,14735.220058
1850.0,1556,14739.876586
1870.0,1283,14743.451594
2300.0,1257,14747.350083
2240.0,1330,14750.753857
2370.0,1350,14754.554672
1950.0,1583,14758.716815
2560.0,1480,14770.428169
2380.0,1354,14774.06809
1760.0,1617,14778.689616
2590.0,1479,14783.029044
3090.0,1407,14787.309326
3000.0,1508,14791.758595
2280.0,1292,14795.151166
3130.0,1431,14799.243033
2370.0,1506,14810.982051
2250.0,1176,14814.294005
1720.0,1451,14818.586418
1690.0,1178,14821.857158
2390.0,1376,14826.099499
2270.0,1486,14830.448823
3970.0,1652,14835.249634
2460.0,1565,14839.71745
2740.0,1326,14843.029763
3130.0,1257,14854.751519
1740.0,1565,14859.003591
3020.0,1306,14862.429385
2310.0,1513,14866.839489
2100.0,1053,14869.768435
3070.0,1892,14875.437765
3820.0,1936,14881.194211
2300.0,1374,14884.44211
2310.0,1397,14888.383762
1710.0,1314,14900.359864
2620.0,1479,14904.600569
1800.0,1526,14909.221467
1680.0,1359,14913.515888
2130.0,1193,14916.990698
2390.0,1580,14921.823091
2650.0,1600,14926.322128
1910.0,1364,14930.215421
2300.0,1409,14934.40675
2250.0,1165,14946.48629
1800.0,1459,14950.472648
1790.0,1346,14953.852681
2290.0,1216,14957.62835
1920.0,1610,14962.267099
2220.0,1527,14966.593492
1900.0,1275,14969.795074
1860.0,1419,14973.869104
2490.0,1556,14978.044421
2070.0,1554,14990.183382
1880.0,1304,14993.305932
2060.0,1715,14998.211587
1890.0,1016,15001.042473
1680.0,1237,15004.647429
2490.0,1419,15009.03528
2240.0,1352,15012.753663
2550.0,1796,15018.180823
1860.0,1675,15022.857023
2260.0,1557,15034.816624
1920.0,1262,15037.89739
2310.0,1469,15042.067154
2670.0,1507,15046.329294
2530.0,1389,15050.472217
1930.0,1404,15054.097839
1860.0,1470,15058.381955
2330.0,1624,15062.808099
710.0,749,15065.062373
1760.0,928,15076.720081
2290.0,1250,15079.903722
2300.0,1392,15083.939445
2920.0,1469,15087.459486
2340.0,1616,15092.535584
1980.0,1565,15097.13847
1920.0,1379,15100.771029
2310.0,1328,15104.624557
1700.0,1357,15107.868474
3100.0,1351,15119.925104
2280.0,1307,15123.574516
2370.0,1260,15127.326324
2350.0,1299,15130.662931
1970.0,1479,15134.81163
2390.0,1301,15138.785522
3860.0,1456,15142.995675
1660.0,1355,15146.235373
2310.0,1307,15149.81253
2420.0,1550,15161.843094
2570.0,1605,15166.431912
2340.0,1569,15171.065062
1780.0,1863,15175.932466
1680.0,1181,15179.584513
1830.0,1457,15183.549707
3680.0,1475,15187.041634
1840.0,1187,15190.578418
1780.0,1273,15194.045727
3110.0,1402,15206.408358
1300.0,1096,15209.531578
2520.0,1771,15214.269706
2690.0,1822,15219.798589
2550.0,1234,15222.937627
2290.0,1349,15226.826915
1630.0,1186,15229.793929
2350.0,1354,15233.640487
2310.0,1391,15236.922053
2390.0,1386,15248.960892
2500.0,1298,15252.777217
2550.0,1345,15257.175563
2640.0,1718,15262.279943
2360.0,1188,15265.972993
1720.0,1363,15269.229013
1690.0,1230,15272.909887
2290.0,1285,15276.104188
2960.0,1360,15279.903522
2360.0,1578,15284.009954
2730.0,1637,15296.400003
2490.0,1316,15299.830321
1680.0,1147,15303.508986
1930.0,1373,15306.991974
2560.0,1425,15311.101424
1740.0,1451,15315.231684
1740.0,1311,15318.477948
2360.0,1462,15322.242251
2290.0,1335,15326.119545
1760.0,1398,15338.378073
2440.0,1647,15343.073369
1710.0,1464,15347.345287
2260.0,1367,15351.338554
2690.0,1487,15355.614714
1660.0,1257,15358.807026
2490.0,1247,15362.34928
2600.0,1618,15366.306419
2360.0,1362,15369.578568
1770.0,1579,15382.568182
2110.0,1396,15386.682218
1940.0,1390,15390.766196
2330.0,1564,15395.391847
1750.0,1345,15399.131059
1730.0,1421,15403.384115
2340.0,1476,15407.409662
1970.0,1396,15410.828717
2440.0,1200,15414.283912
2130.0,1696,15426.699178
1940.0,1721,15431.321381
2790.0,1259,15435.283477
1970.0,1411,15439.038647
2540.0,1573,15443.554731
2540.0,1956,15449.337894
2870.0,1224,15453.009564
1930.0,1458,15456.366741
1820.0,1353,15468.501263
3270.0,1606,15473.090848
2330.0,1395,15477.255773
2640.0,1351,15480.9815
2940.0,1777,15486.299949
2430.0,1321,15489.876722
2540.0,1487,15494.393691
2600.0,1434,15498.363178
1380.0,1078,15501.008157
1660.0,1868,15515.067482
2050.0,1755,15520.103199
2350.0,1430,15524.413422
2410.0,1308,15527.915947
2240.0,1162,15531.209889
2490.0,1657,15536.407877
2220.0,1470,15540.689288
2330.0,1442,15544.078982
1740.0,1463,15555.604703
2340.0,1290,15559.246237
2440.0,1190,15562.601449
1850.0,1148,15565.952367
1950.0,1458,15570.474728
3160.0,1482,15574.807968
1750.0,1696,15579.541412
2360.0,1607,15584.009465
3050.0,1527,15588.268784
1930.0,1486,15599.934167
2560.0,1803,15604.792267
1560.0,1151,15608.522044
2320.0,1476,15612.188169
2370.0,1734,15617.562481
1820.0,1707,15622.532288
2260.0,1272,15625.961528
2410.0,1444,15629.869574
2370.0,1375,15633.734411
1920.0,1312,15644.901589
2900.0,1386,15648.960944
2360.0,1942,15654.96642
2450.0,1605,15659.627398
2560.0,1795,15664.554457
1740.0,1382,15668.668887
2260.0,1503,15672.6823
3040.0,1939,15685.562845
2300.0,1289,15688.648785
1320.0,892,15691.124951
1970.0,1462,15695.001909
2170.0,1305,15698.401819
2010.0,1398,15702.555705
1950.0,1353,15706.019556
2230.0,1330,15710.058069
2540.0,1484,15714.381227
2490.0,1421,15717.838331
2650.0,1616,15730.849154
2310.0,1359,15734.176944
1590.0,1315,15738.040402
3150.0,1763,15742.867076
2560.0,1455,15747.129099
3350.0,1933,15752.901292
2540.0,1510,15756.459724
1840.0,1254,15760.059727
1870.0,1663,15772.774226
2460.0,1602,15776.868551
2450.0,1721,15781.744549
1800.0,1257,15784.911864
2450.0,1576,15789.487629
2670.0,1821,15794.478001
3110.0,1453,15798.735073
1910.0,1612,15803.079159
1940.0,1514,15815.909142
1720.0,1251,15819.620951
2730.0,1532,15823.574727
3060.0,1189,15826.479885
2300.0,1228,15829.540879
1860.0,1103,15832.565961
1760.0,1488,15836.792129
2510.0,1279,15840.619636
2330.0,1578,15844.801744
2360.0,1679,15849.189829
2200.0,1347,15859.815882
2510.0,1346,15863.653842
2760.0,1578,15867.840737
2390.0,1781,15872.267436
2520.0,1235,15876.169202
1720.0,1414,15880.612876
2020.0,1547,15884.997071
1920.0,1680,15889.53669
2570.0,1567,15901.908323
1790.0,1390,15905.574193
2030.0,1394,15909.643471
2280.0,1310,15913.342906
2320.0,1507,15917.375893
2240.0,1340,15920.690118
3240.0,1968,15926.397421
2300.0,1291,15929.731004
2030.0,1727,15934.58013
2490.0,1461,15946.600004
1890.0,1518,15951.034286
1970.0,1344,15955.154741
2620.0,1342,15958.951688
1720.0,1314,15962.4539
2060.0,1465,15966.680074
2320.0,1511,15971.188079
2330.0,1444,15975.441923
2600.0,1947,15988.797683
2060.0,2092,15994.704473
2200.0,1570,15999.324035
2450.0,1512,16003.695186
2370.0,1167,16007.23467
2690.0,1427,16010.614993
2070.0,1151,16014.186353
2130.0,1324,16017.666607
2330.0,1417,16021.832108
2540.0,1320,16034.498527
3210.0,1278,16038.315934
3850.0,1879,16043.277048
2310.0,1258,16047.157608
2060.0,1325,16050.532208
2910.0,1731,16055.477711
2340.0,1394,16058.758037
2480.0,2100,16064.202291
2510.0,1259,16074.996763
1730.0,1427,16079.122027
2530.0,1544,16083.567668
1900.0,1479,16087.273206
2350.0,1684,16092.555656
2260.0,1163,16095.808596
1910.0,1267,16099.164982
2550.0,1927,16104.303043
2500.0,1395,16108.03452
2290.0,1359,16120.501266
2490.0,2153,16126.489039
2210.0,1566,16130.991387
1690.0,1410,16135.200909
2000.0,1135,16138.451767
1840.0,1368,16142.599123
1870.0,1653,16146.79824
2720.0,1400,16150.498079
2530.0,1315,16161.603797
1570.0,1035,16164.488787
2430.0,1564,16168.942549
2570.0,2146,16175.534473
2370.0,1527,16179.414052
2640.0,1463,16184.01571
2280.0,1267,16187.984332
2410.0,1422,16191.177432
2550.0,1545,16195.141273
2030.0,1236,16208.103035
2130.0,1223,16211.433785
3030.0,1436,16215.676678
2940.0,1489,16219.965592
2540.0,1730,16224.724508
3220.0,1254,16228.705789
2290.0,1464,16232.231117
1730.0,1302,16235.963697
3700.0,1350,16239.838533
1820.0,1398,16252.391995
1760.0,1356,16256.33843
1780.0,1338,16260.027884
2420.0,1451,16264.52773
2710.0,1547,16269.169369
2670.0,2034,16275.147012
1860.0,1652,16279.427336
2300.0,1263,16283.042574
1800.0,1117,16286.055604
2470.0,1277,16297.120872
2530.0,1717,16302.496623
2350.0,1459,16306.431378
2250.0,1384,16310.690348
2530.0,1691,16315.402566
1920.0,1559,16319.852991
2040.0,1553,16324.191699
1730.0,1358,16328.325482
1750.0,1575,16340.579926
2210.0,1288,16344.620741
1730.0,1083,16347.842231
2560.0,1520,16352.492318
2390.0,1501,16356.631911
3120.0,1613,16361.857096
2480.0,1592,16366.076395
2630.0,1435,16369.432604
2270.0,1727,16374.445153
1860.0,1205,16385.280071
2460.0,1407,16389.22327
1850.0,1508,16393.509444
1320.0,1070,16396.551397
2350.0,1582,16400.899999
1830.0,1110,16403.882989
1880.0,1614,16408.145728
2470.0,1545,16412.187937
2440.0,1235,16415.572555
1710.0,1351,16427.662327
4790.0,2642,16434.617776
2690.0,1780,16439.960222
2530.0,1594,16444.349371
2530.0,1347,16447.626351
2340.0,1530,16451.652513
2950.0,1158,16454.603544
1930.0,1587,16458.873933
2350.0,1272,16471.452616
1700.0,1268,16474.612224
2520.0,1163,16477.638792
2570.0,1273,16481.301101
3090.0,1540,16485.643919
1910.0,1297,16488.950533
2350.0,1407,16492.80084
2370.0,1682,16497.149413
2450.0,1341,16501.14092
2540.0,1432,16512.725227
1800.0,1357,16516.009448
1920.0,1487,16519.927568
2930.0,1568,16524.036288
2090.0,1410,16528.07777
2440.0,1809,16532.639726
1810.0,1467,16536.786314
2460.0,1261,16540.613441
1880.0,1451,16544.812833
2290.0,1327,16555.708419
2990.0,1527,16560.103755
2370.0,1574,16564.246535
1730.0,1566,16568.353528
2840.0,1757,16573.476636
2310.0,1653,16577.829243
3170.0,1650,16581.924722
1760.0,1488,16585.91154
2310.0,1282,16596.937184
3160.0,1556,16601.477803
2560.0,1864,16606.971366
2170.0,1262,16610.193055
2330.0,1383,16614.298969
1700.0,1333,16617.598915
2660.0,1550,16621.646715
2540.0,1675,16626.55382
1730.0,1327,16638.026304
3060.0,1502,16642.296436
2510.0,1419,16646.406017
1760.0,1345,16649.620796
1620.0,1584,16653.76406
2720.0,1310,16657.341056
1890.0,1569,16661.340295
2430.0,1718,16665.633921
2560.0,1364,16669.577948
2450.0,1585,16682.392283
2340.0,1397,16686.426701
1720.0,1417,16689.938893
1720.0,1362,16693.997416
2320.0,1327,16697.609432
2530.0,1471,16701.020063
2580.0,1298,16704.600914
1740.0,1457,16708.492783
1940.0,1688,16712.919946
2470.0,1772,16727.176379
2230.0,1387,16731.375382
2920.0,1301,16735.333125
2420.0,1547,16739.447475
2320.0,1316,16742.516992
2250.0,2023,16747.609652
1880.0,1618,16751.85854
2690.0,1476,16756.146362
1680.0,1342,16767.614693
1860.0,1229,16770.976636
2550.0,1747,16775.765642
2280.0,1310,16779.660577
2020.0,1525,16783.652988
2540.0,1514,16787.468605
2620.0,1444,16790.655764
1860.0,1870,16796.028355
1710.0,1320,16808.080672
1620.0,1210,16811.381411
2000.0,1379,16815.481329
1310.0,1157,16818.666986
2230.0,1361,16822.214364
2300.0,1401,16826.192137
2350.0,1052,16828.862958
1930.0,1602,16832.946937
2370.0,1652,16837.414827
2650.0,1879,16852.331975
2370.0,1752,16857.060612
2450.0,1328,16861.185183
2540.0,2172,16867.136791
1910.0,1310,16870.775923
2550.0,1369,16873.913538
1960.0,1417,16877.707255
2350.0,1556,16881.993745
2330.0,1297,16885.429106
2470.0,2159,16900.065518
2230.0,1393,16903.589515
1960.0,1326,16907.474853
2940.0,1484,16911.541394
2560.0,1457,16915.430433
2190.0,1492,16918.882877
1880.0,1374,16922.878641
2200.0,1318,16926.917105
1730.0,1445,16939.455144
2520.0,1289,16943.400166
1580.0,1525,16947.74887
1840.0,1497,16951.932395
2290.0,1084,16954.693328
2690.0,1645,16958.92764
2350.0,1249,16961.922448
2470.0,1193,16965.567474
1720.0,1489,16969.311125
2320.0,1598,16981.810851
1410.0,1220,16985.61524
1720.0,1628,16990.099923
3100.0,1751,16994.578258
3110.0,1348,16998.260781
2680.0,1687,17002.517357
1680.0,1312,17006.216652
3130.0,1756,17010.722682
2510.0,1683,17023.197286
1760.0,1718,17028.305101
2540.0,1327,17031.61087
3130.0,1851,17036.732112
2500.0,1389,17040.148264
1870.0,1177,17043.574482
2370.0,1488,17047.45996
2280.0,1209,17050.547772
4570.0,1595,17054.921766
1670.0,1200,17065.525261
2740.0,1344,17069.509512
2360.0,1612,17073.791393
2290.0,1568,17077.852757
1700.0,1296,17081.237212
2110.0,1349,17085.121332
1830.0,1286,17088.333084
2270.0,1296,17091.969257
1870.0,1257,17095.265425
1880.0,1435,17099.354364
2500.0,1427,17111.302648
2320.0,1438,17115.057925
3080.0,1087,17117.848336
2290.0,1448,17121.264929
3830.0,2613,17128.792233
3090.0,1283,17131.87713
1930.0,1621,17136.198314
3050.0,1511,17140.430242
2020.0,1573,17153.407366
3220.0,1594,17157.630214
2530.0,1557,17161.960464
2260.0,1754,17167.184119
1940.0,1968,17172.046915
2530.0,1492,17176.122727
1840.0,1358,17180.027609
1980.0,1801,17192.800043
1690.0,1487,17196.731234
1780.0,1572,17200.912671
1820.0,1351,17204.965872
3750.0,1586,17209.271631
3510.0,2667,17216.019453
1990.0,1475,17220.061795
1830.0,1673,17224.481337
2910.0,1072,17235.424912
2290.0,1286,17239.059466
2300.0,1577,17243.154275
2320.0,1328,17246.223749
1630.0,1246,17249.685166
2970.0,1472,17252.852453
2400.0,1623,17257.137535
2300.0,1333,17260.076435
1900.0,1516,17263.962447
1970.0,1390,17274.600907
1960.0,1605,17278.628201
1750.0,1439,17282.313356
1880.0,1529,17286.176662
2970.0,1413,17289.358418
2120.0,1342,17292.823566
2090.0,1782,17296.826798
1840.0,1696,17301.328532
2500.0,1665,17312.019191
2470.0,1188,17314.874774
2530.0,1340,17318.46531
2820.0,1614,17322.474814
2350.0,1344,17325.545594
2380.0,1611,17329.579318
2470.0,1784,17334.118616
1720.0,1280,17336.916511
2490.0,1876,17341.766668
2390.0,1552,17352.614963
1910.0,1420,17356.312378
2620.0,1433,17359.524354
2760.0,1333,17363.081138
1760.0,1657,17367.071097
2480.0,1519,17370.827733
2080.0,1270,17374.134433
1750.0,1482,17377.218591
3210.0,1484,17388.992764
1960.0,1564,17392.943562
2450.0,1336,17396.516778
2460.0,1505,17400.368474
2500.0,1347,17403.465178
1770.0,1663,17407.54604
3220.0,1382,17411.059043
2330.0,1903,17415.800583
1920.0,1549,17419.692815
2890.0,1494,17430.585238
2310.0,1301,17433.612642
2350.0,1378,17437.218781
2510.0,1478,17441.044699
2330.0,1318,17444.120193
1660.0,1685,17448.13914
2320.0,1219,17451.414997
1720.0,1404,17454.451553
2360.0,1777,17459.239583
2160.0,1444,17471.30743
2650.0,1762,17475.535818
2520.0,1228,17478.408443
2530.0,1384,17482.072341
2660.0,1679,17486.144364
3050.0,1668,17489.985899
2540.0,1380,17493.475297
2580.0,1375,17497.128416
2320.0,1446,17508.379342
1750.0,1475,17511.630337
1750.0,1583,17515.528015
1570.0,1287,17518.97944
2040.0,1375,17522.066303
2260.0,1337,17525.535889
2640.0,1544,17529.198316
1910.0,1293,17532.559919
1530.0,1433,17535.545832
2690.0,1555,17545.590503
2180.0,2156,17550.48643
2310.0,1540,17554.077831
2520.0,1828,17558.51067
2520.0,1486,17562.120995
1820.0,1602,17565.867268
2570.0,1478,17569.455198
2730.0,1316,17572.377131
