#{"t_start": 1680678859.2370582, "env_id": "Krull-v4"}
r,l,t
1320.0,2358,8.937752
1520.0,1923,13.673384
1400.0,1563,17.440519
1930.0,1969,21.854764
1490.0,1443,25.430097
1960.0,1841,30.0888
1440.0,1930,45.187227
1790.0,2058,50.593916
1760.0,1820,55.546964
1940.0,2235,61.117748
2210.0,2015,66.397948
1140.0,1459,69.932411
2750.0,2630,76.12603
1110.0,1011,89.035446
970.0,1482,92.703168
1380.0,1699,97.173497
1700.0,1712,101.534846
1520.0,1707,105.996499
2220.0,2214,111.736288
1780.0,1928,116.901404
650.0,997,119.473944
1350.0,1545,131.843355
2050.0,2002,137.36036
1190.0,1696,141.601888
1800.0,1596,146.110454
1570.0,1964,151.699627
2040.0,2145,157.745778
570.0,896,160.403063
2520.0,1976,177.913589
2440.0,1585,182.3189
1430.0,1456,186.398886
2300.0,1967,192.66001
2150.0,2417,199.916667
1280.0,1454,204.707395
1620.0,1990,210.981761
2710.0,1973,228.277189
2270.0,1968,233.940513
2080.0,2005,239.25149
1320.0,1488,243.405117
1390.0,2067,249.448169
1480.0,1626,254.143701
2440.0,1980,260.085718
1450.0,1719,276.135965
1620.0,1822,281.076179
2570.0,2617,288.312449
1820.0,2012,294.367373
1970.0,1925,300.438507
1370.0,1445,304.960523
2770.0,1957,310.653455
2680.0,1937,327.680911
2290.0,1932,333.04957
1860.0,1629,337.647435
2710.0,2250,344.229493
1910.0,1996,350.504464
2090.0,1906,356.721618
2590.0,1987,373.885613
2620.0,2737,381.993947
1860.0,1918,387.455118
2530.0,2688,395.77345
2050.0,2074,402.475902
2350.0,1654,408.380597
900.0,991,410.975941
2360.0,1992,428.197313
2450.0,1922,433.905586
2560.0,1973,440.148467
2650.0,2015,446.585215
2380.0,2139,453.301708
1020.0,1177,456.828372
2510.0,1617,461.807926
2610.0,1930,478.917288
2720.0,1935,484.172644
1810.0,1439,488.316447
2120.0,1978,494.360172
2820.0,1915,499.846759
2010.0,1499,504.378428
2920.0,2037,510.674889
2260.0,1941,529.417576
2620.0,1843,534.181288
2600.0,1919,539.506327
3170.0,1970,544.797042
2150.0,1962,550.904012
2040.0,1675,556.017376
2960.0,2258,574.78587
1310.0,1508,579.016902
2870.0,1959,584.147831
2260.0,1475,587.922278
3280.0,1946,593.755489
3390.0,2031,599.675982
3310.0,2024,605.724756
2970.0,1952,621.213783
2190.0,1803,625.855727
3030.0,1902,631.153439
2330.0,1610,635.323258
3290.0,1937,640.121039
3250.0,1924,645.913118
3660.0,1940,651.928782
3160.0,1955,668.57436
3160.0,1933,674.259919
2110.0,1433,678.478989
3230.0,1890,683.893175
2830.0,1948,688.792709
3580.0,1955,694.668459
3290.0,1917,700.657658
2090.0,1316,714.393368
3290.0,1974,720.379702
3460.0,1913,725.631984
3750.0,1938,730.844445
3550.0,2000,736.258013
2140.0,1544,740.69912
3520.0,1927,746.270758
3600.0,1976,761.116596
3100.0,1727,766.31759
3440.0,1719,771.219541
3350.0,2032,777.155666
2140.0,1412,780.872244
3560.0,1952,785.503693
3060.0,1799,790.924134
2920.0,1608,805.832662
3990.0,1874,811.070148
1470.0,1086,814.180603
2400.0,1482,818.555248
4100.0,2010,823.97477
2880.0,1599,827.813581
4150.0,1960,832.863108
4110.0,2002,838.745438
4090.0,1921,854.131176
4020.0,1928,859.833171
3960.0,1882,865.147454
3330.0,1457,868.65011
3980.0,1994,873.826268
4070.0,2027,879.623177
3900.0,1917,885.375321
3590.0,1949,901.114245
4700.0,1953,906.476718
3790.0,1851,911.407729
3450.0,1471,915.122797
2540.0,1474,919.182178
4710.0,1953,924.415635
4160.0,1928,930.107923
4550.0,1941,946.340366
4340.0,1909,951.465514
4660.0,1942,957.239802
3680.0,1742,961.879946
4010.0,1905,966.779993
2970.0,1458,970.886745
4520.0,1880,976.702927
4300.0,1930,992.105686
4030.0,2002,998.121599
4160.0,1998,1004.14922
2930.0,1493,1008.548712
4550.0,1961,1014.167516
4340.0,1974,1019.787606
3230.0,1660,1025.019529
4700.0,1988,1040.048922
3200.0,1472,1044.462008
4230.0,1807,1049.865093
4090.0,1882,1054.942173
4570.0,1922,1060.144126
4350.0,1948,1065.420802
2940.0,1449,1068.901119
4180.0,1902,1084.218461
3850.0,1916,1089.896198
2930.0,1437,1093.871284
4000.0,1914,1099.459778
3180.0,1508,1103.572591
3580.0,1511,1107.374667
4860.0,1956,1112.001643
3460.0,1532,1116.227332
4370.0,1952,1131.293083
3290.0,1485,1135.505731
4480.0,1821,1140.612957
5540.0,1993,1146.446991
4680.0,1888,1151.418174
4330.0,1941,1156.16991
5290.0,1933,1172.976682
4050.0,1611,1177.743044
4230.0,1987,1183.709025
4170.0,2145,1189.45965
5070.0,2016,1194.968516
4030.0,1776,1199.528473
5060.0,1944,1204.761532
4970.0,1951,1220.571379
5620.0,1974,1226.378869
4540.0,1749,1230.856976
5180.0,1978,1236.203751
5450.0,1949,1241.362214
2570.0,1255,1244.913131
5130.0,1933,1249.598814
6030.0,1976,1266.13293
4240.0,1646,1270.369335
5430.0,1971,1275.839678
5530.0,1960,1281.559806
3080.0,1444,1285.698052
6540.0,1965,1290.550138
4630.0,1937,1295.665337
80.0,299,1296.235929
5680.0,1958,1311.400337
5490.0,1969,1317.120441
5730.0,1965,1322.970468
4010.0,1437,1326.837409
5400.0,1930,1332.551788
4570.0,1670,1337.078532
5540.0,1910,1342.26324
4850.0,1945,1358.52949
5200.0,2026,1364.382483
3780.0,1516,1368.912212
5490.0,1976,1375.126262
5200.0,1963,1380.70017
4000.0,2141,1386.190823
5720.0,2002,1391.243789
4040.0,1702,1406.335032
3830.0,1888,1411.966051
5160.0,1950,1417.294894
5150.0,1959,1423.140971
4770.0,1952,1428.379115
4180.0,1892,1432.763407
4600.0,1903,1448.866551
3230.0,1655,1453.855266
4950.0,1914,1459.810499
4450.0,1915,1465.785331
4630.0,1925,1470.55721
4180.0,1934,1475.631313
3760.0,1635,1479.777175
5070.0,1927,1496.091785
5710.0,1988,1501.757446
5170.0,1982,1507.920733
5410.0,1962,1514.101299
4700.0,1836,1519.625731
5420.0,1902,1525.386743
4870.0,1821,1530.653898
3010.0,1247,1545.122646
5580.0,1929,1551.111765
5920.0,1926,1556.642746
3920.0,1607,1561.782687
4780.0,1916,1567.557248
5560.0,1922,1573.253453
3770.0,1476,1577.185502
5730.0,1901,1593.876245
4200.0,1643,1598.768563
5710.0,1980,1604.718375
5340.0,1926,1610.458171
3750.0,1455,1614.373165
3850.0,1501,1618.768112
4420.0,1778,1624.426707
5520.0,1891,1629.264615
5100.0,1902,1646.237659
5760.0,1970,1652.635835
5170.0,1836,1658.334277
5880.0,1910,1664.461238
4080.0,1573,1668.908532
5550.0,1921,1673.987417
4870.0,1862,1678.787042
4500.0,1899,1695.305299
3650.0,1472,1699.621399
4160.0,1629,1704.700741
4280.0,1509,1709.52394
5080.0,1946,1715.950062
4950.0,1960,1721.426911
5780.0,1966,1726.573857
6290.0,2000,1742.954023
3760.0,1466,1747.533195
4770.0,1812,1753.266001
6230.0,1940,1758.502409
5240.0,1962,1764.372898
6320.0,1946,1769.596218
4520.0,1750,1774.047502
4920.0,1753,1788.529159
2780.0,1458,1792.895326
5940.0,1996,1798.998875
5720.0,1918,1804.585002
4180.0,1473,1808.565689
6390.0,2020,1813.566038
4950.0,1706,1818.625911
5810.0,1974,1833.490769
5900.0,1968,1839.426727
4420.0,1802,1845.012764
4950.0,1913,1850.148137
3980.0,1849,1855.793731
4370.0,1624,1860.597118
5800.0,1934,1866.352791
4020.0,1452,1880.54135
4810.0,1794,1885.908079
6040.0,2029,1891.551722
6380.0,1972,1896.994922
5780.0,1955,1902.967331
6120.0,2023,1908.82872
5950.0,1921,1914.087805
6470.0,2016,1930.346616
5100.0,1912,1935.690638
4440.0,1575,1940.464904
5850.0,1974,1946.352539
3700.0,1445,1950.470689
6230.0,1989,1956.037396
5790.0,1949,1961.932534
5360.0,1976,1977.860503
4630.0,1648,1982.410399
3710.0,1724,1987.182932
6380.0,2010,1993.350335
4430.0,1725,1998.119954
5890.0,1966,2003.858135
4660.0,1658,2008.530799
3650.0,1441,2022.968261
5640.0,1947,2028.712154
3970.0,1555,2033.266726
5870.0,1962,2039.367328
4350.0,1528,2043.770267
6500.0,1961,2049.84879
6000.0,1941,2055.904736
5910.0,1916,2072.506855
6240.0,1998,2078.285763
5530.0,1878,2083.81587
5720.0,1961,2089.875287
4980.0,1918,2095.349058
5150.0,1959,2101.334296
6100.0,1960,2106.598304
5300.0,1978,2123.514919
6090.0,1986,2128.924485
6690.0,1920,2134.952837
4850.0,1643,2140.024195
3690.0,1446,2144.355651
5420.0,1888,2149.496577
2430.0,1252,2153.289722
5230.0,1761,2169.753917
5680.0,1933,2175.587748
4320.0,1509,2179.960047
6270.0,1938,2185.468895
6790.0,1970,2191.247227
6520.0,1957,2197.229825
5500.0,1917,2202.631154
4920.0,1787,2219.413822
3640.0,1419,2223.77104
3760.0,1464,2227.668234
5570.0,1927,2233.19322
5820.0,1922,2239.128042
5880.0,1925,2244.972273
5120.0,1904,2250.84658
5880.0,1949,2267.998251
5770.0,1920,2273.27935
2920.0,1203,2276.261385
6070.0,1941,2281.683761
5870.0,1964,2287.518609
3890.0,1621,2292.262212
6100.0,1934,2297.946675
2980.0,1558,2313.470597
6490.0,1982,2319.216104
6000.0,1954,2324.726845
4490.0,1681,2329.788025
5680.0,1919,2335.130447
6020.0,2515,2342.438879
3520.0,1302,2346.162318
4860.0,1626,2360.099934
5880.0,1952,2365.692317
4140.0,1576,2370.380499
6480.0,1969,2376.178425
6190.0,1944,2382.092348
6140.0,1926,2387.893589
6610.0,1936,2393.670043
5780.0,1950,2408.830144
5470.0,1839,2414.016788
6250.0,1944,2419.820855
5420.0,1986,2425.565488
4840.0,1738,2430.481726
5900.0,1950,2436.044607
5030.0,1654,2440.257678
5810.0,1917,2456.368741
6160.0,1948,2461.691028
5110.0,1734,2467.006217
4990.0,1793,2472.048601
6110.0,1950,2477.317753
6410.0,1924,2482.20044
6000.0,1980,2488.312884
3920.0,1667,2503.585801
5140.0,1925,2509.304808
5160.0,1954,2514.950283
4990.0,1900,2519.57277
3760.0,1577,2523.578775
4890.0,1960,2529.378019
5840.0,1982,2535.232699
4050.0,2027,2553.077529
4700.0,1933,2558.061312
6000.0,1992,2563.296298
4830.0,1711,2567.919286
6040.0,1931,2573.611464
5620.0,1903,2579.436576
6330.0,1950,2594.681423
6400.0,2004,2600.290898
5990.0,1938,2605.472274
5570.0,1953,2611.207657
5870.0,1977,2617.10928
5350.0,1902,2622.4082
5080.0,1900,2628.038961
5270.0,1897,2642.797836
6310.0,1895,2648.096637
5720.0,1870,2653.821501
5540.0,1809,2658.96269
5050.0,1929,2664.64662
6500.0,1996,2670.022109
6820.0,1975,2675.792367
6690.0,1971,2692.076671
6340.0,1946,2698.403367
6060.0,1869,2703.679142
5300.0,1731,2708.896778
5500.0,1934,2714.016526
5820.0,1943,2719.533002
6810.0,1932,2735.996371
6910.0,1947,2741.638378
5060.0,1952,2747.372995
6570.0,2003,2753.27184
5990.0,1982,2759.01138
3640.0,1412,2762.578772
5690.0,1940,2767.672768
6400.0,1938,2784.027278
4150.0,1461,2788.23635
6100.0,1948,2794.304553
4790.0,1636,2799.009925
4490.0,1580,2803.31139
5860.0,1930,2808.6775
5240.0,1783,2813.46693
6330.0,1957,2819.616095
4980.0,1894,2834.968904
6210.0,1951,2840.288921
5720.0,1903,2845.483999
5980.0,1964,2851.047599
5010.0,1612,2855.806614
5950.0,1920,2861.414809
2060.0,1186,2864.534058
6170.0,1943,2879.855196
5950.0,1950,2885.059627
5050.0,2134,2890.958443
5710.0,1940,2896.796911
4120.0,1464,2901.338045
6310.0,1933,2906.688973
6060.0,1951,2912.280124
4880.0,1718,2927.458978
7030.0,1990,2933.506042
6390.0,1973,2939.770517
5970.0,1917,2945.583778
5710.0,1922,2950.753526
6010.0,1944,2956.466372
4860.0,1765,2970.254611
6030.0,1933,2976.079799
5760.0,1973,2982.025177
6120.0,1943,2987.559106
6580.0,1954,2993.448186
6560.0,1930,2999.348383
4840.0,1697,3004.012664
5860.0,1802,3020.362102
6500.0,1906,3026.071553
6080.0,1945,3032.385948
5760.0,1783,3037.82614
6520.0,1946,3044.1724
5980.0,1895,3049.335278
6050.0,1954,3054.199365
6490.0,1926,3070.479627
3800.0,1461,3074.997897
6440.0,1965,3080.996824
6320.0,1985,3087.269245
7070.0,1988,3093.045728
6080.0,1962,3098.856407
5830.0,1922,3104.204344
5940.0,1939,3120.080516
6190.0,1920,3126.269077
5340.0,1933,3132.177609
5540.0,1891,3137.570613
5680.0,1901,3143.635598
4070.0,1483,3148.196536
6280.0,1967,3163.578977
5960.0,1966,3169.543758
5680.0,1856,3174.912914
5770.0,1915,3180.312875
4370.0,1478,3184.824323
6880.0,1994,3191.12298
4980.0,1660,3196.006926
5860.0,1893,3201.798853
6480.0,1957,3215.972445
6550.0,1968,3222.186301
6500.0,1916,3228.585139
6180.0,1980,3234.617555
5970.0,1931,3240.844873
6150.0,1973,3246.995628
5710.0,1870,3262.792758
4640.0,1667,3267.839157
4700.0,1678,3272.958041
5590.0,1919,3278.909064
5230.0,1706,3283.844251
5470.0,1706,3288.586854
6010.0,1948,3294.643012
5250.0,1796,3310.075297
6180.0,1948,3316.106788
5840.0,1913,3321.656425
6560.0,1915,3327.550982
6030.0,1912,3333.199507
2760.0,1504,3337.62259
6300.0,1939,3342.77613
6180.0,1959,3357.794825
6560.0,1968,3363.507892
4250.0,1453,3368.006642
6130.0,1969,3373.512762
6130.0,1936,3379.262195
3920.0,1582,3383.387939
6220.0,1871,3388.42803
6760.0,2010,3403.791738
5900.0,1967,3409.550696
6240.0,1998,3415.605955
5960.0,1912,3421.326254
6010.0,1965,3426.325486
4400.0,1650,3430.69297
5920.0,1932,3436.574877
6420.0,1989,3453.263149
6020.0,2013,3459.003113
6860.0,1961,3464.552784
6370.0,1986,3469.717217
5930.0,1994,3475.68488
4880.0,1701,3480.501896
5960.0,1902,3486.205691
5540.0,1902,3502.606555
7060.0,1962,3507.521245
5910.0,1965,3513.398821
6080.0,2007,3519.253888
5420.0,1914,3524.963027
5930.0,1963,3530.453813
4840.0,1655,3546.100741
3980.0,1588,3550.481877
6140.0,1911,3555.93406
5130.0,1834,3561.657483
5480.0,1909,3567.094279
5050.0,1630,3571.653499
4590.0,1479,3575.978611
6370.0,1935,3581.664786
6290.0,1914,3597.362035
5030.0,1831,3602.572862
6290.0,1917,3608.490782
4150.0,1520,3612.983352
5780.0,1949,3618.354473
5970.0,1920,3623.985274
6580.0,1952,3640.124177
5010.0,1778,3645.357173
4750.0,1891,3651.005211
6290.0,2001,3656.766954
6440.0,1977,3662.146598
4780.0,1663,3666.705164
6550.0,1950,3671.855002
5700.0,1956,3688.511621
5350.0,1882,3693.878857
5640.0,1971,3699.727875
6340.0,2016,3705.581687
4500.0,1755,3709.98771
4610.0,1602,3714.109111
3080.0,1340,3717.870936
5910.0,1955,3734.642272
5870.0,1943,3740.199194
3660.0,1418,3744.357375
5680.0,1979,3750.087428
6430.0,1951,3755.472533
5530.0,1847,3760.256476
4850.0,1785,3765.187591
5540.0,1971,3781.995187
5910.0,1949,3787.558572
6110.0,1941,3792.972289
6120.0,1955,3797.709904
6350.0,1996,3803.437687
5940.0,1952,3809.37152
6120.0,1937,3814.973441
4220.0,1459,3829.740065
5080.0,1815,3834.860823
6010.0,1967,3840.148608
6040.0,2001,3845.501035
6310.0,1936,3851.304394
6580.0,1947,3856.910824
5810.0,1793,3861.871854
6120.0,1962,3878.331359
6370.0,1974,3883.902896
6450.0,1910,3889.354402
6630.0,1941,3895.458974
6310.0,1928,3901.074157
6430.0,1970,3906.7894
5350.0,1741,3921.623372
5540.0,1792,3926.653563
6540.0,1927,3932.985961
5990.0,1944,3938.88655
6490.0,1944,3944.47767
6110.0,1941,3950.505798
6700.0,1943,3956.186931
6130.0,1927,3971.56819
6480.0,1974,3977.117831
5190.0,1704,3981.951011
2610.0,1099,3985.184631
6440.0,1999,3991.16218
5280.0,1815,3996.510098
6300.0,1972,4001.732743
6310.0,1961,4017.687783
4910.0,1733,4022.818372
6530.0,1961,4028.606798
6170.0,1921,4034.32455
4210.0,1506,4038.416329
4180.0,1448,4042.360833
2740.0,1082,4045.330364
5340.0,1753,4050.470688
4680.0,1502,4064.885801
5990.0,1962,4070.667402
6560.0,1964,4076.0073
6730.0,1997,4081.703345
6380.0,1874,4087.54691
4780.0,1658,4092.25477
6150.0,1966,4097.983988
6270.0,1908,4112.377252
6670.0,1935,4117.874695
5720.0,1929,4123.433256
6390.0,1983,4128.951636
2270.0,1153,4132.845419
3900.0,1463,4136.920309
6020.0,2000,4142.650699
6030.0,1927,4157.973819
3810.0,1453,4161.772648
4190.0,1470,4165.20741
4210.0,1464,4169.39659
6650.0,1963,4175.255047
3170.0,1290,4178.803131
6520.0,2002,4184.635356
5170.0,1800,4190.106829
6420.0,1932,4204.620132
6120.0,2007,4209.68095
3980.0,1546,4214.027742
5470.0,1942,4219.911586
6530.0,1979,4225.480015
5910.0,1965,4231.259027
6310.0,1955,4237.04331
6500.0,1912,4253.310847
5680.0,1952,4258.084809
4210.0,1619,4262.595205
6140.0,1871,4268.101793
6880.0,1981,4274.090868
4200.0,1519,4278.469956
5760.0,1833,4283.568475
6040.0,1999,4298.43926
5900.0,1762,4302.865738
4240.0,1464,4307.128952
4630.0,1970,4313.001526
6690.0,1961,4318.721217
6290.0,1905,4323.680902
6030.0,1969,4329.176611
7100.0,2008,4345.56779
5840.0,1920,4350.470926
5650.0,1945,4356.257529
5450.0,1923,4362.033239
5290.0,1733,4366.398841
5610.0,1954,4371.871511
5870.0,1943,4388.467559
5360.0,1928,4394.032132
6660.0,1976,4399.74025
6110.0,1806,4404.17843
5860.0,1956,4409.314032
5740.0,1907,4415.122769
5960.0,1985,4420.963581
5530.0,1893,4437.711082
6090.0,1935,4442.847513
4670.0,1805,4447.410594
5740.0,1969,4453.074093
6110.0,1912,4458.853819
6080.0,1951,4464.38464
6500.0,1906,4469.953152
6430.0,1965,4485.441251
6560.0,2004,4490.654678
6130.0,1958,4496.108031
5310.0,1667,4500.870054
4740.0,1690,4506.036549
6300.0,1942,4511.290026
6680.0,1983,4517.107381
6580.0,1986,4533.363756
6200.0,1895,4539.009659
5800.0,1959,4544.537613
5840.0,1823,4550.301657
6680.0,1958,4555.743111
6530.0,1891,4561.41196
6580.0,1928,4578.082105
6700.0,1960,4583.524275
6750.0,2000,4588.970331
5950.0,1943,4594.566706
6220.0,1911,4600.050888
6230.0,1927,4605.348574
6680.0,1917,4610.692052
6830.0,1949,4626.652399
6900.0,1998,4632.587832
6230.0,1902,4638.098112
6510.0,1962,4643.598032
5230.0,1738,4648.06343
6720.0,1956,4654.044629
6500.0,1979,4671.280488
6270.0,1948,4676.423451
5700.0,1951,4681.942796
6250.0,1965,4687.142449
6900.0,1932,4692.850387
6770.0,1992,4698.402674
5300.0,1784,4703.736325
6600.0,1979,4719.828321
6660.0,1947,4724.196456
5910.0,1946,4729.517842
4410.0,1450,4733.879699
2510.0,1034,4736.857555
6190.0,1910,4742.248589
5090.0,1665,4747.665159
4360.0,1541,4751.914802
5220.0,1673,4766.014514
6640.0,1974,4770.81864
5470.0,1752,4775.897063
6320.0,1925,4781.346148
5700.0,1956,4787.198816
4760.0,1688,4791.813612
5960.0,1930,4797.406312
6310.0,1849,4812.581308
7090.0,1987,4817.664206
5980.0,1950,4823.696791
6190.0,1883,4829.547387
4180.0,1469,4833.677126
6330.0,1959,4839.559005
6410.0,1997,4844.99233
6570.0,1945,4861.686986
6180.0,1952,4866.544307
5880.0,2004,4872.304456
6100.0,1957,4878.119118
6630.0,1952,4883.739153
5830.0,1790,4888.380773
6500.0,1954,4904.159153
6270.0,1988,4909.724826
6660.0,1982,4915.148168
4810.0,1573,4920.125886
6590.0,1948,4925.93922
6450.0,1935,4931.286932
6190.0,1967,4937.113339
6000.0,1898,4953.384275
4220.0,1446,4957.399134
6050.0,1959,4962.5361
6290.0,1945,4967.294572
6090.0,1921,4972.608535
6600.0,1958,4978.302868
4830.0,1682,4983.035602
5540.0,1998,4999.703759
6680.0,1994,5005.006083
5420.0,1982,5010.035568
4780.0,1838,5015.53134
5380.0,1903,5020.794152
6300.0,1952,5026.58026
5520.0,1828,5031.989883
3760.0,1384,5045.470513
4690.0,1466,5049.273032
4920.0,1576,5053.529715
4200.0,1469,5057.969425
6380.0,1960,5063.68165
6620.0,1933,5069.373553
6780.0,1967,5075.333212
6670.0,1932,5090.712501
6170.0,1920,5095.47962
6120.0,1902,5100.525518
5940.0,1920,5105.613876
6680.0,1940,5111.242153
6800.0,1952,5117.120361
4810.0,1454,5121.495784
5690.0,1802,5135.646544
5720.0,1918,5140.79156
5790.0,1754,5145.172936
2100.0,996,5147.828697
5500.0,1646,5152.353176
6800.0,1970,5158.149509
4710.0,1653,5162.82601
6230.0,1974,5168.109234
6500.0,2038,5183.851526
6340.0,1995,5188.80171
4480.0,1437,5192.737203
4480.0,1448,5196.961524
2420.0,980,5199.970237
6210.0,1906,5205.233474
5760.0,1930,5210.56143
4060.0,1461,5224.442956
6340.0,2014,5230.364212
3630.0,1467,5234.020639
4590.0,1522,5238.136914
5780.0,1962,5243.785552
7580.0,2750,5251.124115
5700.0,1928,5257.148476
4700.0,1480,5273.084053
3840.0,1481,5277.237764
4350.0,1449,5280.867078
6010.0,1964,5286.046518
6010.0,1790,5290.493844
5450.0,1681,5295.286237
6160.0,1937,5300.663141
6420.0,1999,5306.949732
5550.0,1875,5322.093337
6850.0,1970,5327.025231
4010.0,1440,5330.712107
5080.0,1726,5335.470631
4620.0,1648,5340.065341
6520.0,1985,5345.475096
6530.0,1969,5351.184451
6690.0,1938,5368.278404
4040.0,1434,5371.963989
6710.0,1942,5376.511547
5900.0,1972,5381.900119
6780.0,1957,5387.603277
6960.0,1984,5393.540007
4510.0,1510,5397.533684
7240.0,1992,5413.445119
6430.0,1965,5418.773158
6510.0,2023,5424.174955
7140.0,1963,5429.612848
6040.0,1935,5434.880405
4270.0,1503,5439.304471
6560.0,1964,5455.835197
5900.0,1941,5461.697881
6370.0,1990,5466.855583
6190.0,1858,5471.911215
6640.0,1984,5477.538365
6200.0,1926,5482.805824
6600.0,1960,5488.380366
6770.0,1955,5504.334015
6120.0,1910,5510.01445
5540.0,1912,5515.63325
5920.0,2003,5521.067201
5980.0,1913,5526.626368
4220.0,1446,5530.342784
4370.0,1480,5534.278557
5300.0,1641,5549.562876
6260.0,1929,5555.225652
4240.0,1467,5559.78309
6130.0,1986,5564.911727
5700.0,2172,5570.91023
6440.0,1889,5575.536996
4240.0,1450,5579.452092
6950.0,1964,5594.747751
4320.0,1448,5598.856479
6150.0,1909,5604.380882
4570.0,1579,5608.727351
6110.0,1853,5613.608296
5950.0,1976,5618.260911
5990.0,1910,5623.879251
5450.0,1748,5637.678901
3970.0,1517,5642.077791
4940.0,1618,5646.65172
6130.0,1936,5652.346104
4510.0,1467,5656.311603
6320.0,1939,5661.436717
6460.0,1974,5666.862932
6080.0,1920,5672.469435
6260.0,1962,5689.10963
5510.0,1786,5693.942029
5680.0,1960,5699.099088
6560.0,1933,5704.442687
5870.0,1810,5709.066617
2440.0,1032,5712.004996
5720.0,1877,5717.284738
5870.0,2002,5733.776189
3950.0,1498,5737.683308
5030.0,1677,5742.178261
6240.0,1948,5747.931786
6270.0,1911,5753.177974
4840.0,1670,5758.228275
4350.0,1456,5762.454989
5970.0,1908,5777.996281
6370.0,1947,5783.217901
6340.0,1950,5789.034264
4200.0,1521,5793.125115
4420.0,1513,5796.756003
6950.0,1975,5802.536722
4100.0,1627,5807.443537
6630.0,1941,5823.69946
4860.0,1518,5827.964289
5270.0,1768,5832.966959
6400.0,2001,5838.563037
6580.0,1996,5843.951519
5650.0,1797,5849.20431
4510.0,1722,5854.491822
6580.0,1950,5869.767516
2770.0,1212,5873.465653
5800.0,1964,5878.932918
6380.0,1949,5884.354605
5880.0,1930,5889.659181
6170.0,1939,5894.612008
4220.0,1446,5898.383517
6470.0,1971,5903.467584
5700.0,1971,5919.379806
6370.0,1942,5924.593942
3930.0,1464,5928.519623
6450.0,1938,5933.30264
6820.0,2017,5938.528207
6620.0,1966,5943.960816
6340.0,1941,5960.320307
5060.0,1662,5965.314887
7350.0,1973,5971.034971
6560.0,1969,5976.632301
6240.0,1893,5981.632509
6940.0,1966,5986.894328
5810.0,1889,5992.996776
3200.0,1199,5996.718135
5420.0,1837,6013.636284
5840.0,1817,6018.258603
6040.0,1896,6023.663299
4400.0,1594,6027.613516
5910.0,1924,6032.343233
5710.0,1935,6037.850157
6400.0,1977,6043.330055
6020.0,1924,6059.537992
6050.0,1949,6065.310623
6230.0,1991,6070.550152
6180.0,1914,6075.453739
6920.0,1942,6080.321781
4410.0,1547,6084.385582
3910.0,1519,6088.268996
6610.0,1963,6104.55363
6600.0,1972,6110.390773
6410.0,1924,6115.296792
4650.0,1485,6119.365736
4590.0,1490,6123.267253
6130.0,1898,6127.968998
5160.0,1799,6133.194722
5610.0,1793,6148.879812
6790.0,2015,6154.173375
6690.0,1975,6160.270354
6700.0,1905,6165.908387
5580.0,1899,6170.52735
6780.0,1905,6175.832998
6370.0,1996,6191.808604
6860.0,1988,6196.937456
4790.0,1628,6202.227627
6570.0,1942,6207.801472
6020.0,1852,6213.130509
3450.0,1367,6216.367371
5800.0,1941,6221.796169
6320.0,1896,6237.265011
3630.0,1427,6241.109309
5700.0,1806,6246.727196
6480.0,1993,6253.004395
4400.0,1672,6258.014616
4000.0,1414,6261.635467
4690.0,1484,6265.667062
4940.0,1706,6269.97144
6580.0,1924,6286.397242
6780.0,1954,6292.309728
6100.0,1925,6298.150961
5420.0,1757,6303.209049
4510.0,1459,6307.521986
5890.0,1911,6312.18001
4750.0,1648,6316.094537
7410.0,1958,6331.597766
4910.0,1726,6336.393969
4990.0,1683,6341.240883
6960.0,1993,6346.772169
6970.0,1945,6352.539382
6400.0,1895,6357.544529
6590.0,1940,6362.270344
6550.0,1984,6379.036093
5550.0,1862,6385.098183
5500.0,1903,6390.907347
4570.0,1454,6395.376997
5800.0,1976,6400.950524
4430.0,1386,6404.764181
6840.0,1932,6410.03525
4030.0,1444,6414.041047
4550.0,1457,6429.082232
6870.0,1969,6435.269329
6340.0,1907,6440.782327
6770.0,2001,6446.665012
6220.0,1964,6452.938736
5690.0,1918,6458.518401
4700.0,1486,6462.614628
6880.0,1923,6478.737406
6930.0,1982,6484.811113
6710.0,1911,6489.794948
4640.0,1474,6493.834754
6770.0,1906,6499.574232
2370.0,1070,6502.811767
5550.0,1921,6508.358181
4400.0,1445,6521.206796
6600.0,1959,6527.086746
6750.0,1942,6533.106725
6330.0,1945,6538.612888
4770.0,1574,6543.672588
5920.0,2040,6550.139473
6550.0,1940,6556.118606
4940.0,1493,6569.800938
6480.0,1907,6574.80971
6350.0,1936,6580.956229
6640.0,1994,6587.379021
6660.0,1953,6593.165046
3520.0,1454,6597.754403
4020.0,1463,6602.439795
6340.0,1931,6618.304771
6680.0,1937,6623.850871
5990.0,1962,6629.913852
4310.0,1469,6634.653758
6940.0,1970,6640.795393
6800.0,1976,6646.270541
7070.0,1978,6652.147672
6940.0,1928,6666.94331
6030.0,2225,6673.492219
6420.0,1993,6679.614558
4230.0,1458,6683.933364
5820.0,1929,6689.253451
6720.0,1993,6695.395406
5240.0,1730,6700.382883
6570.0,2007,6716.201936
4420.0,1498,6720.479509
2770.0,1184,6723.729738
6340.0,1947,6729.728091
6090.0,1971,6735.758512
6330.0,1990,6741.187209
6720.0,1945,6747.106595
6690.0,2001,6764.370846
7030.0,1974,6770.32559
6480.0,1930,6775.807946
7010.0,1997,6781.715066
6610.0,1939,6787.617675
5990.0,2132,6794.333747
5040.0,1962,6812.464357
6800.0,1976,6818.002095
4060.0,1451,6821.818739
3720.0,1341,6825.606602
6060.0,1880,6830.968456
4470.0,1497,6835.737343
5010.0,1636,6840.80389
4640.0,1476,6844.937751
6400.0,1893,6861.833863
6840.0,1978,6867.049245
6940.0,1978,6872.437898
5430.0,1741,6877.311604
4750.0,1475,6881.66892
6790.0,1867,6886.899182
5810.0,1788,6892.287132
6430.0,1985,6907.534505
6260.0,1923,6912.585129
6230.0,1929,6917.349276
3420.0,1309,6920.94847
4990.0,1498,6925.081797
6050.0,1758,6929.620009
6510.0,1917,6934.792647
5430.0,1804,6939.42285
6560.0,1942,6954.678645
6060.0,1876,6959.757458
4960.0,1570,6963.881751
6520.0,1955,6968.761326
6830.0,1955,6973.933169
6950.0,1967,6979.461692
6680.0,1955,6995.160819
7040.0,1975,7000.548375
6630.0,1921,7006.146185
7270.0,1951,7011.929804
6850.0,1986,7017.058928
7360.0,1993,7022.761418
6400.0,1903,7027.964196
6720.0,1939,7044.219874
6330.0,1915,7049.781111
4870.0,1481,7054.149226
7130.0,1957,7059.706451
6270.0,1923,7064.338248
6920.0,1983,7069.520059
6780.0,1939,7075.138123
6420.0,1946,7091.954528
6990.0,1981,7097.402183
5740.0,1732,7102.618777
7110.0,1970,7107.502828
7050.0,2000,7112.412438
2960.0,1156,7115.610815
7150.0,1949,7121.3177
6870.0,1956,7137.064046
7260.0,1963,7143.237385
4360.0,1468,7146.958981
4040.0,1308,7150.557515
7230.0,1988,7156.147012
5790.0,1733,7160.811087
5090.0,1756,7165.748728
6050.0,1927,7181.5056
6220.0,1918,7187.434492
5580.0,1903,7192.342885
6520.0,1986,7198.16195
5780.0,1889,7203.504374
6830.0,1942,7208.71323
6820.0,1925,7214.477061
6770.0,1935,7229.899687
3600.0,1316,7233.521147
5830.0,1895,7239.397936
6600.0,1923,7244.870605
5620.0,1750,7249.800998
6390.0,1969,7254.932255
6530.0,1951,7260.678566
7280.0,2030,7276.413863
6340.0,1966,7282.278449
6760.0,1907,7287.626528
6680.0,1928,7293.209102
5320.0,1674,7297.859244
6340.0,1952,7303.581042
4860.0,1698,7308.102573
6760.0,1912,7323.826444
5930.0,1772,7328.936474
6790.0,1933,7334.850046
6230.0,1941,7340.472061
5420.0,1818,7345.301736
6990.0,1947,7350.213738
7320.0,1955,7366.651381
4980.0,1560,7371.128577
6720.0,1932,7376.504553
6000.0,1842,7382.049968
7220.0,1945,7387.185172
7040.0,1959,7392.263914
6020.0,1811,7397.318114
7040.0,1989,7413.312581
7120.0,1933,7419.097764
5810.0,1808,7424.648822
6630.0,1953,7429.66052
6930.0,1944,7435.104037
7190.0,1955,7441.027048
5370.0,1934,7446.339402
6440.0,1969,7462.670461
5750.0,1766,7467.891743
5040.0,1638,7471.989042
6140.0,1789,7476.564315
6350.0,1901,7482.221678
5040.0,1778,7486.881808
6900.0,1972,7492.478349
3470.0,1250,7507.372204
6850.0,1966,7512.712161
4990.0,1508,7516.804776
7220.0,1965,7522.550951
6770.0,1937,7528.147757
6740.0,1902,7533.303463
6660.0,1906,7538.409312
6690.0,1927,7554.607897
5010.0,1647,7559.210049
6390.0,1933,7564.585906
6390.0,1935,7570.226918
6690.0,1934,7575.601388
6260.0,1929,7580.723539
7000.0,1934,7586.396366
6990.0,2007,7603.387108
7000.0,2004,7608.830725
6360.0,1919,7614.321231
6280.0,1904,7619.823854
6720.0,1964,7625.025219
6460.0,1909,7630.086668
5930.0,1810,7634.739757
5130.0,1739,7651.009762
6210.0,1929,7656.913466
6410.0,2009,7662.503132
5380.0,1730,7667.785103
5310.0,1823,7672.780833
6180.0,1897,7677.762566
6500.0,1964,7693.98729
6620.0,1942,7699.653854
6430.0,1940,7705.391895
6120.0,1913,7711.16867
7090.0,1944,7715.947146
6670.0,1964,7721.252346
6110.0,1931,7726.478088
5350.0,1654,7741.343146
6070.0,1922,7746.735183
6430.0,1921,7752.2715
5960.0,1918,7757.387632
6580.0,1942,7762.475201
6280.0,1930,7767.900692
7390.0,2011,7773.3883
6560.0,1955,7789.935427
6510.0,1948,7794.968611
5180.0,1602,7799.1364
6370.0,1905,7804.868696
5030.0,1650,7809.613616
6530.0,1944,7815.110484
6880.0,1983,7820.494363
6680.0,1943,7836.028419
6610.0,1970,7841.722118
6230.0,1899,7847.681824
7030.0,2000,7853.658841
6780.0,1967,7858.970519
6870.0,1921,7864.236595
7070.0,2010,7879.608783
6860.0,1946,7885.245883
6810.0,2007,7890.757909
6570.0,1931,7896.516958
7360.0,2057,7902.873808
6580.0,1970,7908.561874
6930.0,2056,7913.798913
6890.0,1995,7929.94369
7090.0,1913,7935.209882
6320.0,1915,7940.872713
7250.0,1937,7946.856794
6140.0,1894,7952.484289
5830.0,1853,7957.355318
6940.0,1937,7970.908849
3700.0,1334,7974.803463
6700.0,1969,7980.734724
6780.0,1987,7986.495564
6750.0,1984,7992.046866
6770.0,1946,7997.676461
5580.0,1756,8002.179812
6900.0,1944,8017.473594
6180.0,1927,8023.531339
6600.0,1942,8028.882066
6950.0,1959,8034.653493
6330.0,1917,8039.982481
5430.0,1844,8045.03264
6390.0,1933,8050.603493
3750.0,1419,8064.198034
6580.0,1971,8069.842036
6690.0,1914,8075.816865
4580.0,1473,8079.967353
6810.0,2020,8085.639097
7340.0,1962,8090.746985
7130.0,1961,8096.671285
6880.0,1949,8112.730859
6450.0,1989,8118.370318
6230.0,1898,8123.103746
6920.0,1918,8128.651007
5890.0,1897,8134.287237
6510.0,1941,8139.547343
6430.0,1913,8145.239032
5010.0,1681,8158.883018
5950.0,1812,8164.249946
7210.0,2024,8169.697567
6240.0,1910,8175.55336
6680.0,1918,8181.334944
5760.0,1749,8186.235191
6830.0,1910,8191.884031
6620.0,1933,8206.012055
5280.0,1673,8210.968119
4970.0,1513,8215.028583
6660.0,1931,8220.840676
5410.0,1913,8226.743221
6690.0,2000,8232.93117
5930.0,1979,8238.37664
5170.0,1695,8253.59834
5420.0,1640,8258.888703
5720.0,1761,8264.349987
4340.0,1493,8268.929184
6540.0,1902,8274.378873
7350.0,1984,8280.521685
7100.0,1972,8286.120402
1110.0,828,8297.556804
6130.0,1805,8302.861223
6680.0,1943,8308.61875
6220.0,1942,8314.161209
6290.0,1951,8319.982426
6040.0,1957,8325.641551
4960.0,1671,8330.433281
5690.0,1971,8346.975143
6110.0,1899,8352.180038
5940.0,1849,8357.785496
3360.0,1672,8362.572713
5670.0,1799,8367.265728
6040.0,1922,8372.516684
4200.0,1477,8376.72989
7230.0,2009,8393.682424
6950.0,1942,8398.895704
6130.0,1923,8404.51202
7090.0,1971,8409.652451
6550.0,1913,8414.357218
6660.0,1947,8420.055797
5740.0,1893,8425.713109
6560.0,1956,8441.841944
5450.0,1896,8446.806648
5150.0,1609,8450.890728
6580.0,1942,8456.186879
5440.0,1604,8460.694554
4980.0,1655,8465.544691
5020.0,1670,8470.459574
6320.0,1981,8486.402618
7140.0,1945,8491.409836
6400.0,2040,8497.168991
6790.0,1939,8502.436963
5480.0,1851,8508.103023
5960.0,1914,8513.57458
6470.0,1915,8519.33703
6320.0,1908,8534.389464
4560.0,1535,8538.879095
6450.0,1977,8544.405015
6720.0,1973,8550.167281
6250.0,1910,8555.848631
6610.0,1956,8561.668362
6590.0,1952,8576.694794
7230.0,2017,8582.104687
7380.0,1938,8587.586421
6100.0,1799,8592.680805
4520.0,1435,8596.837934
6710.0,1934,8602.611452
7040.0,1995,8608.101279
6960.0,1959,8624.9506
6350.0,1911,8630.069845
6710.0,1906,8635.197187
7050.0,1965,8640.939421
6570.0,1963,8646.629054
6720.0,1927,8651.990042
6770.0,1991,8656.714886
6210.0,1859,8674.063503
7230.0,1964,8679.460369
6850.0,1962,8684.86334
5280.0,1555,8689.128988
6700.0,1904,8694.225166
6170.0,1934,8699.67885
7110.0,1942,8705.036304
7960.0,2009,8720.590629
6210.0,1890,8725.61888
7350.0,1992,8730.784295
6680.0,1959,8735.47482
4810.0,1634,8740.520297
5410.0,1679,8745.172728
7260.0,1949,8750.400159
6890.0,1902,8766.674043
7050.0,1961,8772.018768
6410.0,1983,8777.906248
5830.0,1865,8783.696033
6630.0,1921,8789.862026
6540.0,1878,8795.041854
5810.0,1748,8810.547426
6640.0,1936,8815.236411
6690.0,1962,8820.541352
6480.0,1996,8826.084651
6650.0,1869,8831.60895
6750.0,1984,8837.042409
7020.0,1932,8842.750593
5950.0,1877,8857.088857
6620.0,1899,8862.38862
4540.0,1499,8866.746263
4410.0,1637,8871.427571
6400.0,1985,8877.609793
6910.0,1962,8883.640877
6240.0,1962,8889.084495
6390.0,1919,8905.167363
5130.0,1611,8909.658539
7270.0,2014,8915.371811
7100.0,1959,8920.86997
6820.0,1993,8926.411735
6360.0,1965,8932.09341
5720.0,1917,8937.225154
6470.0,1984,8953.114384
6450.0,1897,8958.692516
4650.0,1452,8963.150461
6780.0,1918,8969.090011
6790.0,1995,8974.951027
6790.0,1929,8980.013044
6530.0,1930,8985.893313
6080.0,1847,9001.138577
7100.0,2024,9006.775839
7450.0,1947,9012.279892
6230.0,1931,9017.688956
4890.0,1573,9022.281132
6760.0,1953,9027.638291
5520.0,1696,9043.124314
9590.0,2952,9051.281257
5730.0,2146,9056.719848
4360.0,1484,9060.499956
6940.0,1929,9065.832856
7100.0,1940,9071.609754
4800.0,1442,9075.405985
7040.0,1938,9091.19001
6990.0,1926,9097.144554
5120.0,1946,9102.016676
5810.0,1640,9106.675473
6680.0,1900,9111.449137
4590.0,1437,9115.598799
4510.0,1441,9119.91151
6370.0,1939,9135.816744
5640.0,1749,9140.634843
6980.0,1980,9146.18265
5670.0,1723,9151.326989
6430.0,1918,9156.100801
6280.0,1882,9161.600473
6540.0,1902,9167.297863
6790.0,2002,9183.883029
7030.0,1993,9189.266794
6650.0,1960,9195.198632
6150.0,1948,9200.63966
6010.0,1907,9205.590994
5510.0,1816,9210.876227
6680.0,1917,9216.4874
6910.0,1947,9232.422031
6680.0,1926,9238.209154
4830.0,1454,9242.680346
6740.0,1953,9247.622676
6870.0,1936,9252.885801
5470.0,1983,9258.164742
7380.0,2026,9273.833487
6920.0,1902,9279.159462
7110.0,1966,9284.943953
5830.0,1649,9289.575084
4600.0,1912,9294.912619
5620.0,1895,9299.608352
5890.0,1799,9304.121338
6610.0,1961,9320.360206
6760.0,1943,9325.660015
6660.0,1875,9331.368537
5800.0,1925,9337.17487
6400.0,1911,9341.904678
7230.0,2007,9347.368453
6380.0,1943,9352.778674
6160.0,1976,9369.211947
5730.0,1704,9374.102412
6620.0,1968,9379.594283
6440.0,1968,9384.924939
4500.0,1414,9388.716749
5030.0,1619,9392.880093
6820.0,1977,9398.313432
7040.0,1964,9414.075366
7090.0,1999,9419.225161
5560.0,1758,9424.064609
6640.0,1958,9429.221673
6340.0,1928,9435.034589
5040.0,1590,9439.301506
7050.0,2006,9444.48986
6490.0,1877,9459.388518
6470.0,1857,9463.940518
6980.0,1938,9469.600497
6100.0,1966,9475.413562
6060.0,1906,9480.629152
7130.0,1977,9486.005617
6220.0,1904,9502.004236
3790.0,1419,9505.589986
6140.0,1857,9511.058995
5910.0,1811,9516.132312
7210.0,1985,9521.906481
6850.0,1943,9527.463464
6850.0,1954,9532.227475
6290.0,1963,9548.404864
5380.0,1679,9553.336217
7250.0,1987,9559.380674
6660.0,1946,9565.120326
4760.0,1486,9569.529947
6540.0,1965,9575.091572
6880.0,1907,9580.333018
6460.0,1930,9597.469661
6920.0,1943,9602.960536
6580.0,1969,9608.835081
6970.0,1973,9614.657544
6610.0,1815,9619.864305
7180.0,1921,9625.494319
6910.0,1948,9631.29563
6790.0,1963,9647.995465
6730.0,1949,9653.817136
6310.0,1838,9659.27255
7130.0,2000,9664.864156
6720.0,1959,9670.116774
7070.0,1922,9676.205255
6900.0,1964,9682.030516
6980.0,1986,9698.704879
6610.0,1911,9704.348708
6730.0,1967,9709.535225
6490.0,1913,9714.887364
6380.0,1950,9720.372661
6510.0,1970,9726.142055
4440.0,1493,9741.135982
5570.0,1821,9745.905426
6400.0,1905,9750.971613
6670.0,1923,9756.584587
6260.0,1948,9762.027372
7230.0,2027,9768.159841
6820.0,1917,9773.61303
6560.0,1980,9788.438886
6940.0,1966,9794.117587
5560.0,1729,9799.404648
6620.0,1996,9804.994438
7340.0,1994,9810.909589
6950.0,1976,9816.657795
6910.0,1915,9822.310587
5640.0,1998,9838.833356
7430.0,2010,9844.720707
5940.0,1907,9850.532124
7500.0,1956,9856.278453
6490.0,1924,9861.754568
6570.0,1948,9867.396503
4130.0,1568,9881.558315
6570.0,1954,9887.83218
6540.0,1963,9893.363814
5260.0,1638,9898.4995
6750.0,1997,9904.182969
5810.0,1726,9909.530744
7150.0,1986,9914.46085
6550.0,1936,9930.884208
5650.0,1894,9936.432432
4610.0,1498,9940.770968
7050.0,1963,9946.358669
6810.0,1886,9952.152341
7070.0,1985,9957.750877
3420.0,1281,9961.530703
6460.0,1902,9977.244031
4850.0,1520,9982.072251
6660.0,1950,9987.521356
5520.0,1681,9992.316302
7010.0,1960,9997.094498
6930.0,1960,10002.883625
5040.0,1680,10007.655704
4890.0,1601,10012.386534
3940.0,1410,10027.36187
6920.0,1929,10032.716922
5890.0,1944,10037.479865
6960.0,1957,10043.481772
6590.0,1937,10049.152154
7140.0,1941,10054.355502
3830.0,1277,10058.35874
6890.0,1931,10074.00729
6860.0,1915,10079.299297
6450.0,1915,10085.169188
6660.0,1880,10090.373326
6970.0,1954,10096.313647
4760.0,1460,10100.641277
6510.0,1877,10105.925842
6360.0,1854,10121.714512
6750.0,1914,10127.355945
6420.0,1906,10132.560493
7110.0,1953,10138.60323
5510.0,1644,10143.29963
6960.0,1959,10149.089794
5980.0,1800,10154.061155
6910.0,1953,10170.383964
6850.0,1893,10176.056146
7120.0,1925,10181.40994
7230.0,1948,10187.306487
7540.0,2032,10193.355845
6360.0,1897,10198.111582
7060.0,1957,10213.685077
7170.0,1968,10219.234241
5140.0,1593,10223.857305
7080.0,1978,10229.910607
5160.0,1601,10234.681979
7060.0,1968,10239.582261
6700.0,1953,10244.922247
6480.0,1909,10260.88545
5730.0,1761,10265.999565
4900.0,1429,10270.30703
6840.0,1943,10276.020417
6360.0,1936,10280.878887
5820.0,1921,10286.078385
6460.0,1909,10291.710995
6950.0,1983,10307.492287
4710.0,1468,10311.610519
6880.0,1949,10317.442048
6910.0,1968,10322.825712
7110.0,1929,10327.523507
6840.0,1964,10333.369539
6890.0,1927,10339.08315
6760.0,1891,10354.135968
6710.0,1904,10359.397758
6880.0,1923,10364.683167
6850.0,1948,10369.785323
7130.0,1966,10375.6067
5750.0,1727,10380.452392
7480.0,1937,10386.063926
7190.0,2008,10402.017235
7330.0,1961,10407.904664
7030.0,1956,10413.688865
6810.0,1934,10419.808268
7310.0,1945,10425.516599
6800.0,1940,10430.750804
6790.0,1910,10446.473373
7040.0,1957,10451.591124
7490.0,1989,10457.586533
6180.0,1796,10462.663016
7280.0,1972,10468.754859
4630.0,1605,10473.502522
6980.0,1987,10479.254002
5960.0,1886,10494.906551
6840.0,1930,10500.408422
6790.0,1959,10506.393034
7430.0,1967,10511.869983
5860.0,1789,10517.316108
6520.0,1910,10522.748921
6970.0,1943,10528.103567
7110.0,1937,10542.812157
5970.0,1771,10547.402591
7150.0,1959,10553.516411
5280.0,1645,10558.432225
7380.0,1969,10564.455137
6850.0,1960,10569.512844
6830.0,1947,10574.941401
6810.0,1885,10590.65583
5520.0,1668,10594.888535
6780.0,1926,10600.352215
6350.0,1901,10606.099058
6950.0,1929,10611.969459
4840.0,1659,10617.009793
5560.0,1784,10622.498269
4670.0,1459,10636.912175
5740.0,1724,10641.613554
6600.0,1925,10646.342135
6720.0,1952,10651.94114
6210.0,1888,10657.709178
6360.0,1900,10663.10271
7190.0,1939,10668.992403
6960.0,1973,10685.336988
6670.0,1935,10689.83012
5810.0,1707,10694.30271
7160.0,1935,10699.671186
6790.0,1903,10705.409164
6510.0,1942,10711.145426
6770.0,1953,10727.688675
6880.0,1834,10732.530195
4840.0,1493,10736.51632
6860.0,1904,10741.361284
6350.0,1870,10746.964174
6820.0,1931,10752.724347
7270.0,1978,10758.182549
5750.0,1770,10763.609603
6410.0,1762,10779.976336
5050.0,1577,10784.133388
6830.0,1904,10790.03587
7100.0,1959,10796.080921
5240.0,1558,10801.025873
6240.0,1931,10806.847131
6090.0,1869,10812.823007
5730.0,1713,10827.920818
4830.0,1533,10831.937458
5210.0,1698,10836.355163
4820.0,1488,10840.623485
4410.0,1460,10845.290426
6900.0,1972,10851.23836
3350.0,1232,10855.206359
4710.0,1608,10859.854231
6770.0,1918,10875.866269
5840.0,1721,10880.998673
4430.0,1439,10884.488301
7030.0,1934,10890.488312
7370.0,1977,10896.636066
7240.0,1987,10902.664096
7480.0,1990,10908.437252
6950.0,1947,10926.182151
5140.0,1700,10930.767296
6720.0,1916,10936.016368
3870.0,1435,10940.259932
5160.0,1622,10945.000859
6750.0,1945,10951.145525
6790.0,1984,10956.758744
6660.0,1972,10974.098306
6800.0,1940,10979.737701
7210.0,1968,10984.540158
6920.0,1920,10989.3557
6750.0,1936,10995.648771
6950.0,1971,11001.599659
6000.0,1830,11018.361127
6410.0,1889,11023.78016
6640.0,1926,11028.282217
6690.0,1940,11033.062744
6980.0,1931,11038.61383
6830.0,1979,11044.879712
6640.0,1956,11050.983995
6460.0,1966,11068.841189
6440.0,1957,11074.578701
6880.0,1928,11079.861504
6460.0,1923,11085.395425
6650.0,1913,11091.066136
6690.0,1955,11096.985652
5170.0,1757,11102.841544
7320.0,1959,11119.464383
6590.0,1851,11124.860542
5750.0,1903,11130.53637
6440.0,1822,11135.385147
7180.0,1945,11141.281266
6980.0,1933,11147.418891
4630.0,1561,11152.126273
6530.0,1943,11169.065411
6770.0,1885,11174.913306
7170.0,1921,11180.187603
6560.0,1923,11185.866607
5330.0,1951,11191.574322
6410.0,1908,11196.528726
6840.0,1946,11213.5787
6990.0,1967,11219.327676
6470.0,1917,11224.899983
7090.0,1980,11230.576338
7040.0,1998,11236.576928
6580.0,1937,11241.791313
7130.0,1997,11247.000419
6070.0,1793,11263.977186
6420.0,1949,11269.854861
4370.0,1492,11274.378389
5690.0,1761,11279.495318
6830.0,1984,11285.255135
6460.0,1981,11290.918672
6120.0,1929,11296.380361
7290.0,1973,11313.514807
5810.0,1648,11318.455155
7220.0,1985,11324.442791
4050.0,1461,11328.411131
6870.0,1922,11333.430737
4880.0,1486,11338.140258
6810.0,1947,11343.879926
5210.0,1627,11359.537827
6700.0,1903,11365.198391
6510.0,1843,11369.992054
6960.0,1941,11375.357563
5450.0,1686,11380.245628
3570.0,1262,11383.974517
6540.0,1892,11389.888662
7110.0,1909,11406.661266
6290.0,1911,11411.687262
5020.0,1622,11415.851224
4560.0,1428,11419.987013
5350.0,1640,11424.303782
6640.0,1907,11429.736611
6350.0,1903,11435.221355
4990.0,1468,11439.544175
7060.0,1952,11454.214108
4880.0,1473,11458.235912
5700.0,1713,11462.952437
7490.0,1980,11468.397844
5500.0,1657,11472.63873
6850.0,1921,11478.281139
7040.0,1996,11483.768403
6810.0,1955,11500.218579
7080.0,1921,11506.073561
6130.0,1853,11511.143824
6160.0,1789,11516.200642
5100.0,1608,11520.481845
2850.0,1156,11523.480186
7340.0,1994,11529.467256
7280.0,1972,11544.77706
4310.0,1447,11548.69699
4880.0,1693,11553.447279
7020.0,1932,11559.162464
6890.0,1938,11564.56924
6250.0,1932,11569.566611
5100.0,1657,11573.703449
7150.0,1967,11589.594446
6900.0,1979,11595.46656
7040.0,1946,11601.343703
4520.0,1493,11605.624121
6290.0,1947,11610.302629
7330.0,1973,11615.080081
6870.0,1948,11620.572506
7400.0,1973,11637.661083
5890.0,1895,11643.22756
6770.0,2012,11649.124476
7180.0,1973,11654.440917
6580.0,1923,11659.316719
5140.0,1591,11663.497989
7140.0,1982,11668.900122
6350.0,1877,11684.528952
5630.0,1730,11689.289757
6840.0,1943,11694.547609
7050.0,1929,11700.147803
6510.0,1923,11705.197914
6290.0,1961,11710.532949
6660.0,1963,11716.371035
5410.0,1893,11732.452815
6860.0,1986,11737.264989
6800.0,1916,11743.155825
7310.0,1947,11749.009413
6900.0,1938,11753.920179
7360.0,1974,11759.333891
5520.0,1704,11774.116998
7110.0,1954,11779.398606
6200.0,1876,11785.342341
7000.0,1902,11790.73277
4960.0,1525,11795.208054
6730.0,1894,11800.921035
7160.0,1986,11806.316818
6990.0,1927,11821.465459
7040.0,1947,11827.243296
7330.0,1954,11833.037067
6890.0,1956,11838.321738
3750.0,1436,11842.654533
7110.0,1951,11848.305984
6670.0,1915,11853.515321
6550.0,1935,11869.468167
6930.0,2015,11875.274573
6950.0,1972,11881.230423
7160.0,1942,11887.218046
6830.0,1985,11892.789363
7080.0,1976,11898.25193
6960.0,1912,11913.943918
6710.0,1968,11919.525702
4870.0,1470,11923.46692
6790.0,1940,11929.288194
6300.0,1912,11934.725218
5400.0,1906,11939.451361
5380.0,1660,11943.800693
7040.0,1985,11960.165632
4790.0,1450,11964.436597
5080.0,1987,11970.233832
6720.0,1979,11975.546092
6520.0,1904,11980.961337
7200.0,1965,11986.72795
6830.0,1899,11992.697861
7380.0,1929,12008.681412
4660.0,1519,12013.125351
6390.0,1910,12018.537549
6560.0,1924,12023.251332
6510.0,1894,12028.767107
5180.0,1630,12033.56466
7290.0,1984,12038.867677
6110.0,1960,12055.028029
5280.0,1975,12059.986018
6650.0,1928,12065.405581
4500.0,1480,12069.734561
6480.0,1909,12075.516187
4630.0,1468,12079.468592
6950.0,1955,12084.742832
6360.0,1895,12101.540387
6940.0,1917,12107.036578
6780.0,1972,12112.832635
6880.0,1963,12118.693408
6380.0,1890,12123.94016
7340.0,1980,12129.534096
6220.0,1924,12134.731972
6880.0,1984,12152.012519
6950.0,1911,12157.439427
6790.0,1905,12163.274391
6440.0,1860,12168.578962
5900.0,1827,12174.141014
7290.0,1992,12179.541816
6270.0,1757,12183.730896
5120.0,1647,12199.336723
6870.0,2334,12206.546662
7080.0,1991,12212.006474
6540.0,1856,12217.661363
7090.0,1965,12222.911518
7150.0,2042,12227.923948
5700.0,1759,12243.572946
6440.0,1893,12249.078856
7260.0,1954,12254.664202
7020.0,1960,12260.230048
5500.0,1774,12264.831223
6750.0,1957,12270.315508
6030.0,1900,12275.655274
6130.0,1942,12291.194383
7070.0,1938,12297.050036
6280.0,1937,12302.647627
6410.0,1961,12307.933165
5310.0,1888,12313.125685
6710.0,1907,12318.717218
6320.0,1877,12323.454232
6580.0,1939,12338.096764
6450.0,1830,12343.432546
6180.0,1861,12348.794404
4970.0,1494,12353.423582
6670.0,1978,12359.228324
5780.0,1621,12363.890851
7230.0,1962,12368.830047
6640.0,1960,12383.565424
6800.0,2009,12389.554023
6150.0,1940,12395.326777
7350.0,1976,12400.81339
6710.0,1947,12406.399283
6790.0,1980,12412.18301
4070.0,1358,12416.109953
7150.0,1993,12431.609894
6790.0,1920,12437.375696
6900.0,1892,12443.031886
7020.0,1973,12448.448899
7330.0,1958,12454.174931
6330.0,1834,12459.64149
6230.0,1754,12475.046484
7160.0,1959,12480.84835
7020.0,1960,12486.504763
6950.0,1904,12492.164652
7360.0,1978,12498.010183
7380.0,1965,12503.687351
6710.0,1939,12508.538235
7000.0,1961,12524.976534
6670.0,1954,12530.865173
6770.0,1900,12536.282406
7120.0,1901,12541.879801
7280.0,1954,12547.31068
7290.0,1967,12552.046588
7010.0,1944,12557.108744
5480.0,1637,12572.491841
7280.0,1989,12578.050869
5240.0,1598,12582.697463
7170.0,1960,12588.415574
5220.0,1565,12592.58108
4560.0,1487,12596.64358
5740.0,1690,12601.486967
6320.0,1894,12617.60113
7100.0,1928,12623.487083
7070.0,1977,12629.154418
6770.0,1972,12634.509807
6850.0,1980,12639.959279
5970.0,1767,12645.248312
7080.0,1941,12650.522691
5980.0,1725,12666.901854
6940.0,1909,12671.940831
6540.0,1917,12677.522852
6890.0,1971,12683.559927
6860.0,1970,12689.439165
6940.0,1972,12694.824929
6760.0,1862,12709.970437
7030.0,1960,12715.448776
7100.0,1958,12720.857869
7070.0,1933,12726.707705
6480.0,1912,12732.339396
6920.0,1925,12737.513236
6900.0,1961,12743.190681
6680.0,1965,12759.558621
7310.0,1936,12765.333188
6740.0,1949,12770.639113
2620.0,1145,12773.771857
5330.0,1585,12778.375159
6500.0,1948,12784.304387
7460.0,1931,12789.915019
6760.0,1906,12804.821513
7040.0,1952,12810.682665
6750.0,1913,12816.402203
5430.0,1666,12821.114448
6910.0,1934,12826.888731
5920.0,1725,12831.816435
5200.0,1700,12836.322468
7390.0,1985,12851.040759
5670.0,1684,12856.04124
5870.0,1691,12861.055248
7150.0,1972,12866.885724
6530.0,1907,12872.386634
7140.0,1932,12877.182527
7070.0,1929,12882.499576
6740.0,1976,12898.147385
7350.0,1940,12903.766825
6720.0,1946,12909.138309
6190.0,1914,12914.777102
7280.0,1973,12920.130384
5760.0,1800,12925.189325
4340.0,1389,12929.367003
6930.0,1948,12944.999595
4840.0,1574,12949.473106
7150.0,1948,12954.439628
4130.0,1391,12958.073274
6780.0,1932,12963.478271
7820.0,2014,12969.179197
6000.0,1716,12974.761393
6900.0,1945,12990.061253
5720.0,1673,12994.539737
6780.0,1978,12999.444321
6530.0,1827,13004.64958
7030.0,1929,13010.322718
4830.0,1554,13014.339932
6800.0,1923,13019.951862
6590.0,1920,13035.919366
7010.0,1908,13040.516127
6490.0,1936,13046.135012
7570.0,2024,13052.129659
6800.0,1914,13057.843379
7170.0,1929,13063.048224
7060.0,1926,13068.721056
6920.0,2006,13084.11605
7060.0,1923,13089.17109
6870.0,1931,13094.734327
6760.0,1990,13100.504022
5500.0,1719,13105.35664
6850.0,1941,13111.058338
7010.0,1899,13127.884246
7350.0,1991,13132.95894
6530.0,1861,13138.201602
6970.0,1975,13144.016829
7490.0,1967,13149.435502
7370.0,1975,13155.159557
6990.0,1917,13160.421288
7170.0,1951,13176.1408
7260.0,1960,13180.916058
7060.0,1938,13186.578757
6600.0,1978,13192.210855
7380.0,1986,13197.81283
7230.0,2020,13202.940039
5840.0,1894,13208.553169
7000.0,1918,13223.598573
7400.0,1939,13228.715811
6840.0,1976,13234.653411
7020.0,1967,13239.811538
5730.0,1685,13244.024232
5500.0,1609,13248.538177
6930.0,1914,13265.273522
7430.0,1973,13270.620668
4800.0,1465,13274.13733
7210.0,1974,13279.161255
6760.0,1915,13284.229208
6690.0,1894,13289.138215
6190.0,1804,13294.463289
6620.0,1897,13311.318354
3500.0,1254,13314.596527
6720.0,1961,13320.30596
6860.0,1945,13325.651931
7050.0,1964,13331.761889
6580.0,1975,13337.589379
7090.0,2002,13343.512267
6710.0,1811,13358.482678
7010.0,1958,13363.340175
7000.0,1998,13369.07789
6590.0,1876,13374.712126
7080.0,1916,13380.593987
6230.0,1792,13385.527579
6790.0,1993,13391.337086
4470.0,1507,13405.104889
6790.0,1938,13410.222645
6710.0,1896,13415.043926
6150.0,1941,13420.724795
5870.0,1920,13426.486279
7130.0,1975,13431.912784
6460.0,1904,13437.455117
6870.0,1905,13453.051332
6900.0,1885,13457.826872
6560.0,1917,13462.968453
7050.0,1976,13468.714662
5780.0,1725,13473.61523
7260.0,2019,13479.253097
6300.0,1780,13483.765279
4500.0,1545,13497.603763
6840.0,1953,13503.000886
6930.0,1917,13508.286185
6790.0,1974,13513.480145
6030.0,1787,13518.708663
7310.0,1998,13523.844249
7000.0,1896,13528.807117
7570.0,1977,13545.042824
7360.0,1982,13550.351587
4100.0,1441,13553.740571
6910.0,1993,13559.299349
6780.0,1932,13564.744506
6860.0,1974,13570.435883
7270.0,1942,13586.267907
7010.0,1947,13592.051295
5030.0,1599,13596.511334
6520.0,1884,13601.17291
7190.0,1945,13606.11412
7420.0,1952,13611.75036
6050.0,1903,13617.479039
4940.0,1547,13633.015659
7190.0,1996,13638.460685
5220.0,1616,13642.812912
7330.0,1973,13647.768486
6810.0,1977,13653.466521
7260.0,1938,13659.361825
7100.0,1885,13664.667952
7130.0,1946,13680.397472
7720.0,2042,13685.641906
6720.0,1892,13690.675703
7480.0,1993,13695.592424
7400.0,1972,13701.355206
6520.0,1837,13706.862081
6830.0,1935,13712.284649
5710.0,1731,13728.393851
7070.0,2004,13733.664153
4570.0,1438,13737.511768
7260.0,1955,13743.051987
7210.0,1945,13748.728659
6840.0,1869,13753.917788
5850.0,1742,13758.709364
7300.0,1928,13774.690088
7110.0,1973,13780.537481
5750.0,1622,13784.860662
6930.0,1905,13790.098102
6950.0,1943,13795.216133
3120.0,1138,13798.411282
7020.0,1896,13803.600209
7320.0,1973,13818.532323
7340.0,1937,13823.794251
7100.0,1965,13829.451837
6870.0,1949,13834.610382
6910.0,1956,13839.742395
7220.0,1962,13844.621221
6890.0,1954,13859.802557
7050.0,1922,13865.479321
6900.0,1931,13870.772246
7110.0,1943,13876.437306
7470.0,1996,13881.522624
4780.0,1445,13885.003375
6560.0,1884,13889.860757
7090.0,1914,13906.663185
6800.0,1900,13912.366742
7450.0,1999,13917.855211
6710.0,1928,13922.944873
7310.0,1957,13927.762595
6890.0,1961,13933.110603
6300.0,1902,13938.390095
6900.0,1966,13955.297177
7020.0,1943,13960.851945
7060.0,1903,13965.864769
6960.0,1946,13971.223278
5820.0,1801,13975.978177
7270.0,2006,13981.836103
6890.0,1907,13987.571628
6590.0,1903,14002.328535
5490.0,1687,14006.652242
5670.0,1726,14011.6949
6630.0,1916,14017.390369
7260.0,1971,14022.258636
7120.0,1995,14027.798305
7050.0,1941,14044.454229
7010.0,1944,14049.855582
4630.0,1443,14053.688145
6930.0,1893,14059.317943
7180.0,1926,14064.751566
6890.0,1985,14069.776092
6890.0,1940,14074.886424
6960.0,1932,14089.609248
6780.0,1919,14095.055403
5740.0,1703,14100.513104
6810.0,1908,14105.853001
4890.0,1537,14110.160367
7470.0,1982,14115.794825
7080.0,1936,14121.646421
5730.0,1671,14137.161383
6990.0,1953,14143.245359
6580.0,1909,14148.566011
6680.0,1945,14154.207163
6780.0,1973,14159.9645
6050.0,1740,14164.47965
7150.0,2005,14169.869796
6750.0,1927,14186.312485
6650.0,1904,14191.999855
6750.0,1974,14197.917502
7450.0,2027,14203.789716
6790.0,1930,14208.50238
7250.0,1930,14213.590575
7760.0,1981,14218.939986
7450.0,1985,14235.118923
6860.0,1933,14240.51596
6490.0,1928,14245.979402
7210.0,1981,14251.236399
4900.0,1660,14255.242497
7050.0,1924,14260.377053
6840.0,1947,14276.308522
5040.0,1758,14281.638237
4720.0,1660,14286.189633
5060.0,1633,14290.226366
4810.0,1469,14294.052544
6920.0,1937,14299.264946
7160.0,1977,14304.689167
6780.0,1898,14309.827302
7180.0,1903,14326.381744
7540.0,1985,14331.88026
7030.0,1953,14337.466613
6870.0,1920,14343.354367
7050.0,1908,14348.59169
7130.0,1996,14354.1082
4670.0,1488,14368.728049
6810.0,1904,14373.514557
6950.0,1970,14378.946665
4470.0,1469,14383.365908
7550.0,1952,14389.275517
6810.0,1963,14395.119194
5750.0,1804,14399.632299
4110.0,1441,14403.642029
6870.0,1906,14418.772155
6710.0,1858,14424.517848
7070.0,1917,14429.800181
7160.0,1997,14435.56737
3410.0,1176,14438.793244
6290.0,1949,14444.289745
7340.0,1940,14449.352936
7040.0,2002,14465.046475
6630.0,1956,14470.412817
6700.0,1935,14476.248768
5870.0,1914,14481.741243
6610.0,1790,14486.826938
6970.0,1942,14492.374706
6880.0,1926,14508.025718
5210.0,1808,14513.153478
4980.0,1582,14517.852461
6910.0,1957,14523.678805
7210.0,2006,14529.699419
6900.0,1915,14534.672527
7010.0,1973,14539.659716
4720.0,1521,14554.866117
6390.0,1883,14559.991904
5590.0,1815,14565.64292
4980.0,1475,14569.955289
7040.0,1954,14574.986398
6890.0,1920,14580.19779
5130.0,1539,14584.484163
7090.0,1913,14589.819519
7100.0,1961,14605.901165
5110.0,1625,14610.415525
6250.0,1891,14615.880061
6950.0,1977,14621.294473
4540.0,1444,14625.316819
7040.0,1914,14630.632043
6210.0,1887,14635.907253
5310.0,1582,14651.168112
6420.0,1860,14656.146011
5420.0,1701,14660.851359
6490.0,1965,14666.047945
6580.0,1903,14671.963662
6800.0,1920,14677.673369
4450.0,1437,14681.242267
7070.0,1990,14697.125967
6910.0,1978,14702.213445
6920.0,1930,14707.705704
4980.0,1622,14712.356956
6950.0,1965,14717.665024
5630.0,1782,14722.975866
7260.0,1975,14728.661898
7010.0,1955,14743.691228
6520.0,1928,14749.574367
6490.0,1851,14754.353674
7030.0,1954,14760.009388
6710.0,1958,14765.734387
6810.0,1999,14771.250232
5760.0,1712,14786.338825
6420.0,1924,14792.135106
6560.0,1943,14797.616711
7010.0,1985,14803.486065
5410.0,1682,14808.132135
4610.0,1559,14812.789284
6720.0,1917,14818.528486
7040.0,1927,14834.073274
6720.0,1914,14839.727825
4650.0,1487,14844.427185
7030.0,1971,14850.507904
6370.0,1929,14856.194065
6920.0,1873,14861.091217
6980.0,1955,14866.312043
7190.0,2010,14882.095139
7020.0,1980,14887.904438
7140.0,1957,14893.2625
6230.0,1914,14898.939592
6960.0,1985,14904.470147
7590.0,1953,14909.404742
7080.0,1945,14914.938945
5540.0,1706,14929.844357
7080.0,1908,14935.520285
7100.0,1994,14941.325172
7250.0,1920,14946.540276
5370.0,1578,14951.004368
5300.0,1653,14956.47259
6920.0,1899,14962.289539
7310.0,1909,14978.311043
7640.0,2005,14984.069277
7000.0,1953,14989.040142
6890.0,1920,14994.524019
7290.0,1972,15000.360077
4720.0,1453,15004.716321
4120.0,1431,15008.537205
6690.0,1931,15023.541398
3430.0,1276,15026.661989
7310.0,1979,15032.395038
6160.0,1782,15037.931646
7050.0,1980,15043.652087
5450.0,1608,15048.222566
6430.0,1912,15053.960754
7020.0,1979,15069.74679
6870.0,1934,15075.331804
5740.0,1810,15080.371091
6210.0,1885,15086.016783
7060.0,1951,15091.540518
6850.0,1810,15096.792006
6970.0,1955,15102.082359
7020.0,1972,15118.126166
5500.0,1715,15122.955971
6180.0,1950,15128.520782
7550.0,1990,15134.221831
6720.0,1956,15140.07071
7530.0,2002,15145.569561
6770.0,1934,15161.385741
6750.0,1935,15166.593159
7620.0,1996,15172.276867
4560.0,1538,15176.850657
7410.0,1995,15182.186288
7040.0,1939,15187.562537
6670.0,1942,15192.575731
6830.0,1928,15208.373119
7330.0,2006,15213.70247
7090.0,1928,15219.390863
7180.0,1932,15224.77304
5510.0,1734,15229.118519
6420.0,1812,15233.773646
7270.0,1962,15239.778167
6880.0,1934,15255.741994
6190.0,1798,15260.31903
5150.0,1480,15264.392637
6960.0,1915,15269.558602
6190.0,1790,15274.319052
7010.0,1917,15279.6452
6980.0,1921,15284.90025
7170.0,1903,15300.879918
6380.0,1862,15305.618252
7110.0,1931,15310.953645
5370.0,1682,15315.601272
7170.0,2007,15321.365172
6140.0,1757,15326.634127
5830.0,1771,15331.535373
4650.0,1493,15346.188532
7120.0,1906,15350.883389
7390.0,1962,15356.313923
7340.0,1997,15362.232632
6570.0,1873,15367.274485
5950.0,1828,15372.627381
5590.0,1730,15377.525896
6420.0,1867,15393.584299
6710.0,1903,15398.472971
7450.0,2048,15404.537297
6700.0,1930,15410.384765
6940.0,1987,15416.230806
7250.0,1946,15421.529398
5840.0,1712,15426.511209
6590.0,1903,15441.678172
6210.0,1870,15446.619913
6860.0,1925,15451.998353
7130.0,1951,15457.312338
7040.0,1982,15463.110494
6920.0,1935,15468.38566
6980.0,1956,15484.090318
7180.0,1954,15489.208125
4700.0,1440,15493.160922
5070.0,1705,15497.81275
5870.0,1802,15503.402135
7430.0,1991,15509.397617
6990.0,1911,15514.362777
6620.0,1919,15531.433059
6410.0,1801,15536.215077
4770.0,1502,15540.346682
5530.0,1739,15544.852005
6640.0,1967,15550.438578
7010.0,1966,15555.846499
6890.0,1920,15561.842112
7290.0,1949,15578.129646
7360.0,1976,15583.672497
7310.0,1984,15589.141187
6750.0,1879,15593.976345
6930.0,1935,15600.151717
6810.0,1819,15605.72019
7080.0,1905,15610.884825
5110.0,1476,15625.935496
5160.0,1469,15629.690809
6760.0,1891,15634.773901
7100.0,1936,15640.100865
7100.0,1931,15646.271324
7110.0,1946,15652.508796
7260.0,1945,15657.972759
7060.0,1947,15673.942702
6940.0,1932,15678.756192
5050.0,1565,15682.818611
6660.0,1940,15687.787613
6780.0,1971,15693.566709
5820.0,1746,15698.616941
5660.0,1816,15704.108216
6290.0,1909,15719.108189
7020.0,1978,15724.618982
6970.0,1959,15729.877898
5490.0,1604,15734.228789
6940.0,1909,15740.103577
6990.0,1904,15745.433358
7230.0,1957,15751.125217
5430.0,1607,15764.463464
6550.0,1916,15769.980521
7300.0,1999,15775.34116
7560.0,1960,15780.10178
5010.0,1547,15784.464104
7380.0,1998,15790.232513
6820.0,1922,15795.582892
7380.0,2005,15812.052371
6030.0,1909,15817.286068
6510.0,1909,15822.517218
6750.0,1953,15827.656115
6630.0,1942,15832.700641
7420.0,1995,15838.172326
6330.0,1933,15853.736286
3410.0,1211,15856.969098
6870.0,1892,15862.759471
7270.0,1965,15868.287392
7340.0,2008,15873.67377
6500.0,1867,15879.067273
7130.0,1938,15884.458129
6310.0,1871,15900.814144
7620.0,2004,15906.911289
7290.0,1995,15912.902129
7000.0,1960,15917.849368
6820.0,1958,15923.206999
6970.0,1953,15928.967683
7370.0,1949,15934.428972
6610.0,1953,15950.397226
6930.0,1959,15955.714806
7070.0,1879,15960.216384
7170.0,1952,15965.312593
7090.0,1979,15970.954014
5710.0,1677,15976.046317
7210.0,1913,15981.663522
4200.0,1473,15996.721774
6970.0,1949,16001.925169
6620.0,1890,16007.359444
7550.0,2035,16012.895364
3550.0,1269,16016.03828
7200.0,1941,16021.618171
7520.0,1945,16027.26369
4310.0,1389,16041.343276
6850.0,1976,16047.142483
6760.0,1926,16052.718781
7190.0,1947,16057.59869
7350.0,1960,16062.937704
5850.0,1738,16068.129121
6510.0,1952,16073.784916
7060.0,1955,16090.313429
7010.0,1926,16095.58301
7260.0,1968,16101.17353
7380.0,1962,16106.353945
7100.0,1952,16111.555565
6900.0,1899,16116.528777
6890.0,1962,16132.858887
7000.0,1933,16138.644744
6550.0,1900,16143.994369
7070.0,1963,16149.399437
7540.0,2044,16154.794917
7250.0,1964,16160.184324
7120.0,1966,16164.962274
6950.0,1926,16180.89622
6090.0,1941,16186.669127
7040.0,1925,16192.041391
4830.0,1614,16196.652215
7040.0,1991,16201.16428
4780.0,1452,16204.911135
6720.0,1940,16210.336539
6940.0,1928,16225.720271
6270.0,1810,16231.093541
4940.0,1499,16235.361988
6560.0,1929,16240.339924
5600.0,1737,16244.784122
6860.0,1989,16249.92103
6820.0,1894,16255.143047
7200.0,1991,16272.524574
7090.0,1933,16278.279615
6720.0,1913,16283.072514
6240.0,1885,16288.659643
7210.0,1980,16294.340085
4740.0,1622,16298.656873
6850.0,1973,16304.436597
5120.0,1643,16318.955774
6840.0,1936,16323.637888
6150.0,1687,16328.586681
7020.0,1977,16334.13842
6460.0,1900,16339.64729
6370.0,1813,16344.258349
7240.0,1987,16349.524676
6570.0,1938,16365.389373
6310.0,1856,16370.363759
7220.0,1972,16375.754234
7100.0,1966,16380.88131
6980.0,1947,16385.72018
7210.0,1937,16390.139467
7070.0,1973,16404.917883
6780.0,1904,16410.186863
7110.0,1990,16415.632771
7030.0,1964,16420.319703
6740.0,1865,16425.164466
6790.0,1952,16429.8884
7150.0,1948,16434.504218
7080.0,1947,16449.882519
5450.0,1589,16454.222269
7180.0,1953,16459.26073
7040.0,1944,16464.051625
7210.0,1961,16469.376525
5460.0,1667,16473.189131
7080.0,1921,16478.01053
6260.0,1781,16492.201519
6780.0,1945,16497.518092
7290.0,2001,16503.261288
6900.0,1974,16508.413584
6890.0,1910,16513.134303
6860.0,1931,16517.850286
6730.0,1932,16533.271341
6940.0,1934,16537.914293
7130.0,1958,16543.13261
4570.0,1517,16547.206333
6480.0,1868,16552.327435
7000.0,1960,16557.08079
5820.0,1797,16561.696813
6920.0,1981,16576.388652
6760.0,1894,16581.511173
6570.0,1957,16587.085563
7090.0,1900,16591.97877
7140.0,1946,16596.611212
6690.0,1924,16601.627693
5050.0,1540,16605.738845
4820.0,1473,16619.938947
6680.0,1903,16624.974418
7740.0,2003,16630.463763
6740.0,1900,16635.715269
6960.0,1936,16640.591851
7170.0,1963,16645.784247
6910.0,1946,16650.612878
7580.0,2010,16665.424039
6380.0,1910,16670.127658
6830.0,1885,16675.193887
7170.0,1951,16680.663346
7130.0,1973,16685.944473
5250.0,1632,16690.154038
7080.0,1893,16695.253304
6500.0,1860,16709.918314
6850.0,1921,16714.632486
6860.0,1948,16719.611764
5680.0,1628,16723.601386
6750.0,1887,16728.441026
7380.0,1981,16733.123811
7420.0,1975,16737.929493
7190.0,1999,16753.026883
5890.0,1851,16757.436845
6840.0,1938,16762.351216
7340.0,2023,16767.419691
6900.0,1932,16772.328192
6970.0,1931,16776.853861
7170.0,1979,16791.839302
5360.0,1608,16796.265827
7290.0,1965,16801.911513
6500.0,1829,16806.825647
6790.0,1955,16812.942522
7380.0,1948,16818.701165
5260.0,1499,16823.074098
7210.0,1963,16839.674795
7740.0,2001,16845.366191
4750.0,1477,16849.658236
6490.0,1974,16855.150923
7320.0,1931,16860.18285
6960.0,1918,16864.99203
5030.0,1596,16869.099538
5600.0,1671,16882.882721
7260.0,1964,16888.209513
5880.0,1690,16892.458472
4790.0,1463,16896.389476
7320.0,1962,16901.718529
7240.0,1962,16906.811677
3120.0,1121,16909.505446
6250.0,1868,16913.903824
4900.0,1450,16927.412188
7300.0,1940,16932.398405
6930.0,1922,16936.995221
7030.0,1988,16942.053704
6570.0,1866,16946.851769
7240.0,1973,16952.235082
6870.0,1906,16957.53253
6880.0,1901,16972.451896
4850.0,1463,16976.469241
7270.0,2028,16981.228672
5460.0,1646,16985.668108
7090.0,1945,16990.25877
6650.0,1944,16995.261782
5840.0,1721,16999.405351
6690.0,1899,17014.533822
3950.0,1330,17018.053955
5840.0,1763,17023.062538
7110.0,1958,17027.742767
6880.0,1938,17032.912381
6940.0,1914,17038.378466
7030.0,1935,17043.773573
7230.0,1949,17058.523364
7450.0,1988,17063.979139
7070.0,1953,17069.367129
7170.0,1971,17074.446422
6610.0,1934,17079.069225
7140.0,1951,17084.204128
6760.0,1875,17099.326699
7310.0,2001,17103.970326
7380.0,1958,17109.007895
5850.0,1804,17113.973502
7200.0,1922,17118.797925
5990.0,1755,17123.624112
6800.0,1961,17128.706283
7220.0,1955,17143.597987
6990.0,2021,17148.964812
7220.0,1982,17154.573593
7350.0,1988,17160.009556
6900.0,1906,17165.11666
7610.0,2091,17170.714965
5560.0,1667,17175.277381
6640.0,1808,17190.017627
4510.0,1462,17193.577224
6870.0,1960,17199.161076
6850.0,1918,17204.721346
7160.0,1998,17210.059165
7400.0,1956,17214.956034
6730.0,1931,17231.099345
7370.0,1959,17236.255157
7450.0,1951,17241.643953
7190.0,1954,17247.120603
7240.0,1897,17252.347703
6360.0,1914,17257.493385
7030.0,1978,17262.65345
7160.0,1975,17278.729841
7000.0,1942,17283.875539
7040.0,1970,17289.602787
7070.0,1912,17294.56724
6740.0,1916,17299.668437
6670.0,1934,17305.039111
6940.0,1933,17310.290096
6310.0,1826,17326.074002
7140.0,1947,17330.73403
5870.0,1741,17335.886152
5440.0,1644,17340.411109
5310.0,1620,17344.602506
7280.0,1939,17349.747238
6960.0,1895,17354.859058
6690.0,1956,17370.707748
5960.0,1790,17375.237
6950.0,1963,17380.47266
4570.0,1432,17384.397355
6950.0,1952,17389.619452
6810.0,1935,17394.607851
6870.0,1930,17400.494845
5870.0,1774,17415.902434
6340.0,1825,17420.824939
6970.0,1945,17425.949057
6980.0,1929,17430.823344
7090.0,1931,17436.012519
7090.0,1948,17441.678429
5220.0,1636,17446.363755
5890.0,1743,17461.355671
7180.0,1945,17466.492013
6560.0,1887,17471.143369
6300.0,1951,17476.454841
6620.0,1890,17481.657892
7390.0,1972,17486.907657
6760.0,1940,17503.230894
6990.0,1938,17508.479397
7410.0,1967,17513.544659
5020.0,1588,17517.50453
7020.0,1914,17522.168917
7310.0,1996,17527.337741
7030.0,1877,17532.402836
7320.0,2009,17548.418997
7170.0,1928,17553.805393
6850.0,1914,17558.98284
4450.0,1449,17562.617614
7330.0,1956,17567.457356
7040.0,1947,17572.912
6070.0,1782,17577.808729
6860.0,1970,17593.684089
7200.0,1972,17599.314361
7140.0,1973,17604.659381
4700.0,1468,17607.879598
7360.0,1989,17613.083865
7110.0,1919,17618.787221
7320.0,1951,17624.595327
7380.0,1925,17640.418684
7000.0,2006,17646.139988
6800.0,1966,17651.019727
6980.0,1955,17655.752836
5110.0,1777,17660.097558
6850.0,1968,17665.665757
5920.0,1767,17680.880371
6510.0,1833,17686.253705
7090.0,1970,17691.720304
7250.0,1914,17696.517592
7270.0,1991,17701.347018
7070.0,1921,17706.559822
7010.0,1959,17712.279501
7100.0,1964,17727.405523
7200.0,1970,17733.048105
6630.0,1938,17738.166709
7160.0,1947,17742.962985
7300.0,1913,17747.844061
7210.0,1911,17753.196797
6420.0,1922,17758.859353
7100.0,1931,17774.600401
7200.0,2016,17780.327147
7080.0,1941,17785.145902
4550.0,1446,17788.685715
5590.0,1698,17792.744883
6860.0,1931,17798.149734
7730.0,2004,17803.764892
6140.0,1770,17819.352177
7370.0,1958,17825.185453
7150.0,1957,17830.415224
7190.0,1978,17834.845447
7230.0,1944,17839.875817
7700.0,1983,17845.438231
4570.0,1446,17860.340191
6660.0,1914,17865.685273
7450.0,1949,17871.194432
6650.0,1932,17876.25334
6710.0,1913,17880.662309
6950.0,1959,17885.903139
6810.0,1934,17891.491053
7380.0,1992,17909.004033
6720.0,1943,17914.024838
6840.0,1919,17919.237091
7050.0,1978,17924.214994
7160.0,1953,17929.078955
5330.0,1673,17933.104671
6850.0,1897,17937.931431
2590.0,958,17951.093947
4750.0,1591,17955.623312
5530.0,1718,17960.26033
6690.0,1927,17965.37634
7240.0,1960,17970.631639
4200.0,1471,17974.502761
6890.0,1933,17979.279388
6850.0,1937,17995.311036
7170.0,1958,18000.956822
6880.0,1908,18005.98059
7280.0,1991,18011.222215
6630.0,1953,18016.61165
7230.0,1997,18021.803837
7140.0,1934,18026.490391
7080.0,1982,18041.792689
6160.0,1742,18047.110105
7570.0,2025,18052.150656
7210.0,2012,18057.356775
5050.0,1614,18061.701582
7190.0,1977,18066.994291
5940.0,1783,18071.452806
3930.0,1401,18085.667029
7140.0,1938,18091.159459
5710.0,1701,18095.608043
5760.0,1722,18100.143064
7420.0,2022,18106.095129
5000.0,1506,18110.098893
7010.0,1930,18115.183548
7070.0,1952,18130.603545
7420.0,1977,18136.096718
5040.0,1501,18140.081334
6350.0,1929,18145.21146
7000.0,1931,18150.500337
6250.0,1831,18155.418625
4740.0,1498,18159.25333
5020.0,1559,18174.114637
7050.0,1949,18179.517845
6920.0,1912,18184.632536
5770.0,1774,18188.941852
6890.0,1963,18194.614454
6020.0,1916,18199.876842
7090.0,1934,18204.581707
6460.0,1826,18220.085032
4180.0,1508,18224.335973
5450.0,1723,18228.557696
5870.0,1722,18233.012001
6980.0,1953,18238.785543
5460.0,1785,18243.559627
6420.0,1925,18248.687814
7530.0,2039,18265.111211
7020.0,1912,18270.108202
7350.0,1945,18275.254643
7430.0,1961,18280.781996
6690.0,1970,18286.334577
6650.0,1938,18291.155382
6990.0,1981,18296.303191
7310.0,1929,18311.735257
6450.0,1933,18316.336456
7060.0,1957,18321.540226
6900.0,1893,18327.155043
5900.0,1775,18331.92226
6280.0,1844,18336.799807
6780.0,1889,18341.425625
5820.0,1754,18357.315884
6160.0,1944,18362.305907
4710.0,1513,18366.34852
5280.0,1623,18371.281266
7200.0,1932,18377.033772
6950.0,1920,18382.590222
6920.0,1927,18387.514265
6780.0,1908,18402.502016
6970.0,1908,18407.63595
5750.0,1779,18412.382522
6090.0,1802,18417.223475
7160.0,1938,18422.879535
7240.0,1952,18428.223648
6870.0,1907,18432.802426
6730.0,1955,18448.405356
5680.0,1720,18452.681311
7480.0,1954,18458.360426
6590.0,1939,18464.093929
6920.0,1959,18469.728351
7600.0,1973,18474.871157
7060.0,1944,18490.665024
7200.0,1982,18495.928153
7060.0,1908,18501.124723
6900.0,1927,18507.325631
5860.0,1752,18512.628048
7150.0,1964,18517.797428
5920.0,1784,18522.697673
5070.0,1563,18537.469168
7180.0,1925,18542.338089
7040.0,1971,18548.281541
5970.0,1741,18553.250799
6590.0,1852,18558.602141
7020.0,1906,18564.056653
5930.0,1695,18568.23365
