#{"t_start": 1680735426.1546044, "env_id": "Frostbite-v4"}
r,l,t
2720.0,1201,6.733612
4540.0,1677,10.944038
3180.0,1283,14.011405
5400.0,1948,19.165901
7760.0,2038,24.573233
4850.0,1575,28.76103
7630.0,2023,34.026533
4950.0,1651,44.50626
6010.0,1931,49.001565
5490.0,1766,53.794977
4490.0,1595,58.054154
3030.0,1239,61.408226
3380.0,1389,65.397662
2880.0,1363,68.939587
5790.0,1909,74.312567
4620.0,1649,86.051574
5420.0,1971,91.133026
3470.0,1428,94.358027
5550.0,1968,99.439249
5840.0,1967,104.729134
4640.0,1578,108.89674
3280.0,1383,112.18013
4670.0,1563,116.426801
3090.0,1265,128.232275
4500.0,1579,132.762329
3030.0,1343,136.796544
5950.0,1961,142.037773
2900.0,1310,145.095234
3060.0,1311,148.646381
3010.0,1315,151.656462
5630.0,1966,156.823811
5390.0,1856,161.454858
3490.0,1370,173.741162
3030.0,1313,177.16265
4800.0,1663,181.749022
5410.0,1871,187.060187
2650.0,1287,190.524188
3190.0,1394,194.458493
3210.0,1414,197.876982
3500.0,1404,201.632709
5720.0,1923,214.680091
2910.0,1319,218.280706
5660.0,1966,224.228875
2770.0,1199,227.353664
3100.0,1256,230.64688
5370.0,1907,236.236678
3230.0,1327,239.393071
3230.0,1352,243.058239
2460.0,1252,246.780587
5840.0,2036,259.266818
3070.0,1358,263.531163
2700.0,1220,267.10881
3140.0,1420,271.734707
5470.0,1839,277.425036
3240.0,1340,281.671999
2760.0,1356,285.258225
2920.0,1265,288.665034
5480.0,1906,294.396708
2980.0,1287,308.072905
3290.0,1327,311.790241
1570.0,998,314.785818
3110.0,1330,318.674175
5630.0,1906,324.519424
7610.0,2039,330.654884
2990.0,1284,334.129172
2480.0,1288,338.379606
3390.0,1282,342.192517
3470.0,1325,353.302411
3040.0,1292,357.286896
2830.0,1256,360.892036
2890.0,1345,365.09304
5420.0,1899,370.076677
5500.0,1834,375.399408
3120.0,1319,378.874681
3070.0,1361,383.162191
2840.0,1380,387.166064
2680.0,1317,399.739419
4590.0,1608,404.383567
3340.0,1417,408.385821
2640.0,1186,412.323317
4670.0,1650,417.179529
3230.0,1380,420.788006
5540.0,1996,426.653255
5200.0,1953,432.6543
3130.0,1393,443.908263
4830.0,1683,449.462428
4570.0,1603,454.289927
2810.0,1349,458.106559
5370.0,1971,464.164348
2760.0,1344,467.638739
2940.0,1574,472.00241
3060.0,1307,475.877258
2970.0,1441,479.586321
5290.0,1844,492.707008
2710.0,1364,496.659478
4840.0,1668,501.848205
2800.0,1381,506.248067
4850.0,1717,511.179021
2680.0,1325,515.427574
4990.0,1627,520.443274
5470.0,1943,525.819276
2850.0,1297,538.374042
4690.0,1703,543.432359
3190.0,1393,547.978274
4530.0,1565,552.794936
2370.0,1221,556.267543
3100.0,1257,559.833083
2360.0,1303,563.977654
2400.0,1432,568.000674
5370.0,1847,574.103587
5310.0,1797,587.717815
3250.0,1485,592.337636
2840.0,1289,595.796399
2990.0,1251,599.55371
4860.0,1636,604.520433
4830.0,1630,609.60388
5440.0,1933,615.752993
3450.0,1359,619.813572
3140.0,1339,632.215682
4580.0,1618,636.742549
2380.0,1137,640.137213
2950.0,1369,643.749018
3140.0,1253,647.624975
3130.0,1282,651.185254
2790.0,1351,655.390321
3080.0,1296,659.231926
2540.0,1320,663.090539
2570.0,1283,667.307514
2970.0,1298,677.939823
2810.0,1254,682.138582
3660.0,1382,685.750833
3070.0,1336,689.498398
2440.0,1311,692.835135
4600.0,1563,697.337602
4610.0,1590,701.945574
5440.0,1782,707.248539
2950.0,1386,711.577405
2700.0,1326,723.009897
5790.0,1878,729.063005
3090.0,1348,732.886525
3260.0,1311,736.923849
2860.0,1263,740.440639
5790.0,1892,745.985157
2890.0,1335,749.354665
2820.0,1313,753.668499
3000.0,1299,757.375597
2660.0,1234,760.803084
2610.0,1307,772.34374
3070.0,1553,777.301166
3130.0,1314,780.99143
2980.0,1591,785.569185
4610.0,1662,790.259253
5400.0,1912,795.963971
2730.0,1330,799.383724
2990.0,1359,803.385144
4630.0,1687,815.696162
4440.0,1601,820.600489
4860.0,1650,825.410507
2550.0,1364,829.760655
2770.0,1226,833.257787
2620.0,1268,837.006523
3480.0,1294,841.143586
220.0,623,842.830606
4690.0,1616,847.495826
3180.0,1260,850.968276
5840.0,1895,864.726256
7530.0,2057,870.552117
3070.0,1375,874.368358
2560.0,1273,878.541095
5770.0,1878,883.94126
1830.0,993,886.850994
4690.0,1868,892.700416
5810.0,1879,897.961595
3090.0,1411,909.866513
2890.0,1345,913.282078
2610.0,1505,917.617889
4830.0,1705,923.098564
3420.0,1342,926.796613
2480.0,1255,930.187669
3190.0,1349,934.379587
5550.0,1857,939.562622
2420.0,1311,943.654222
2500.0,1265,956.465859
3450.0,1365,960.55295
3430.0,1327,964.136946
5680.0,1910,969.954215
3070.0,1387,973.632895
5390.0,1914,979.240383
2630.0,1290,982.960901
2790.0,1389,987.296351
2450.0,1354,991.484182
1310.0,1097,1002.212464
1070.0,1000,1004.867758
3030.0,1354,1009.307147
3310.0,1422,1013.954471
3130.0,1341,1017.723355
2810.0,1376,1021.953951
4590.0,1962,1027.69965
3080.0,1282,1031.960633
2560.0,1300,1035.498505
2480.0,1267,1047.149918
2470.0,1294,1050.684896
5580.0,1893,1056.456163
2620.0,1361,1060.348325
960.0,903,1063.265013
3380.0,1389,1067.232855
3290.0,1338,1071.52231
2770.0,1322,1075.183507
920.0,933,1078.043217
2780.0,1238,1081.42988
5800.0,1831,1094.117048
3130.0,1339,1097.57543
2530.0,1245,1101.31157
2930.0,1310,1104.904426
2870.0,1300,1108.975619
3120.0,1317,1112.567961
2630.0,1304,1116.117042
2370.0,1285,1120.38979
4830.0,1675,1125.458784
4630.0,1600,1136.678973
3120.0,1359,1140.943856
3010.0,1337,1144.646227
2940.0,1337,1148.883388
2520.0,1236,1152.548518
2520.0,1255,1156.2018
3060.0,1350,1160.564546
2700.0,1280,1164.411564
2550.0,1269,1168.7073
2970.0,1290,1172.449461
2870.0,1373,1184.424083
1090.0,1055,1187.398918
3280.0,1350,1191.556572
3050.0,1296,1195.209584
3200.0,1348,1199.368525
3210.0,1324,1203.20434
3030.0,1353,1207.605139
2790.0,1324,1211.378759
1190.0,1109,1214.65641
2450.0,1233,1218.685676
2540.0,1314,1222.437891
3480.0,1402,1234.316829
3200.0,1280,1237.970824
2750.0,1312,1242.273553
5610.0,1982,1247.874663
2600.0,1347,1251.969357
2650.0,1291,1255.65552
950.0,952,1258.654504
990.0,965,1261.729327
2940.0,1341,1265.638064
2810.0,1450,1270.126523
4930.0,1760,1283.053508
5920.0,1968,1289.033615
3510.0,1345,1293.234434
2550.0,1331,1296.992651
3110.0,1366,1301.352552
2680.0,1273,1305.167942
2640.0,1312,1309.662868
3120.0,1415,1313.527531
3140.0,1287,1326.555258
5440.0,1880,1332.064852
3300.0,1269,1336.095539
1400.0,1040,1339.468588
2830.0,1345,1344.188249
3070.0,1291,1348.244083
2970.0,1318,1352.774858
3310.0,1450,1356.809488
2410.0,1323,1361.090541
3080.0,1288,1364.99115
3100.0,1262,1377.089068
3020.0,1338,1381.05435
3360.0,1382,1385.43715
2810.0,1310,1389.241589
3010.0,1262,1393.463258
5410.0,1905,1399.025466
2470.0,1303,1403.025533
2740.0,1297,1406.642398
2880.0,1476,1411.111043
2430.0,1305,1414.738895
3310.0,1366,1426.970391
5890.0,1961,1432.982957
2610.0,1329,1436.697079
7730.0,2053,1442.58942
4820.0,1747,1447.633631
2930.0,1362,1452.096691
3050.0,1357,1455.978617
4650.0,1637,1460.870332
3770.0,1473,1473.670792
3470.0,1391,1477.865516
3140.0,1421,1481.671401
2630.0,1446,1486.034059
3510.0,1430,1490.456199
4730.0,1607,1495.259348
2810.0,1282,1499.112269
5650.0,1835,1505.194482
5870.0,1901,1519.75577
2480.0,1293,1523.807927
7610.0,1996,1529.275069
3080.0,1318,1533.338516
8030.0,2081,1539.340033
2900.0,1399,1543.320625
2410.0,1181,1547.408381
2500.0,1315,1551.263438
5370.0,1835,1556.54914
3110.0,1385,1569.970179
4600.0,1570,1574.59183
4680.0,1587,1579.106214
6010.0,1841,1584.700873
2620.0,1305,1588.275436
2440.0,1219,1591.649673
3260.0,1346,1596.037544
4630.0,1599,1600.87509
2630.0,1339,1612.547759
2960.0,1376,1617.134294
2540.0,1192,1620.71075
3190.0,1350,1624.929363
2990.0,1497,1628.920088
3010.0,1292,1632.753741
3170.0,1419,1636.51237
2650.0,1396,1640.846001
5660.0,1819,1646.161023
2570.0,1382,1650.466059
4760.0,1656,1663.224247
2630.0,1372,1667.592418
5580.0,1884,1672.743133
3300.0,1362,1677.081731
1000.0,1026,1680.238713
8100.0,2039,1686.536955
2400.0,1244,1689.979866
4660.0,1587,1694.752318
4610.0,1603,1707.091048
3270.0,1379,1710.881233
1130.0,1072,1713.968013
3140.0,1181,1717.75563
4730.0,1634,1722.467207
4670.0,1563,1727.455206
2400.0,1226,1731.025366
2810.0,1323,1734.929245
2980.0,1314,1739.139909
2690.0,1283,1742.859396
2680.0,1275,1754.157146
2670.0,1340,1758.210749
4880.0,1632,1762.800498
2670.0,1347,1766.982478
2860.0,1321,1770.675822
230.0,640,1772.434064
3470.0,1368,1776.74004
5460.0,1798,1781.857203
7790.0,2076,1788.273298
2920.0,1333,1800.543871
5250.0,1799,1805.924467
4680.0,1571,1810.551098
3150.0,1308,1814.282456
5460.0,1863,1819.946942
3320.0,1408,1823.512298
2620.0,1217,1827.419307
3670.0,1422,1831.446845
5470.0,1773,1837.388319
2530.0,1295,1848.757711
3280.0,1317,1852.951041
3220.0,1397,1856.897701
2490.0,1291,1861.067568
2640.0,1295,1864.554555
2910.0,1274,1868.115208
2400.0,1213,1872.093197
4720.0,1605,1876.924708
2560.0,1251,1880.360565
2560.0,1278,1883.979363
4620.0,1626,1897.814654
3680.0,1409,1902.287426
1720.0,1175,1905.707558
5660.0,1879,1911.681173
2480.0,1376,1915.553157
5550.0,1873,1921.234715
5870.0,1863,1926.547555
2600.0,1312,1930.688614
2580.0,1415,1941.9585
2450.0,1256,1946.191088
4700.0,1647,1951.623318
4900.0,1631,1956.750895
4620.0,1655,1961.807657
3410.0,1465,1966.377342
7690.0,2045,1972.245845
4630.0,1623,1976.784253
4600.0,1657,1989.096019
4760.0,1655,1993.808845
2610.0,1343,1997.954771
2430.0,1243,2001.417099
5470.0,1790,2006.402646
5540.0,1797,2011.872656
5630.0,1954,2017.213525
3380.0,1261,2021.260731
2780.0,1309,2032.284685
2690.0,1311,2036.329493
5480.0,1879,2041.438039
2610.0,1312,2045.488869
2610.0,1257,2048.918498
5640.0,1820,2053.959906
2860.0,2016,2059.954433
2660.0,1299,2064.163986
6070.0,1860,2069.183757
3490.0,1388,2080.781872
2560.0,1279,2084.311361
2820.0,1220,2087.562825
2800.0,1311,2091.306949
2670.0,1217,2094.744079
5480.0,1865,2100.068965
5480.0,1772,2105.62796
3050.0,1243,2109.010343
2630.0,1317,2112.906402
2650.0,1311,2123.171546
2960.0,1315,2126.944035
3100.0,1335,2130.368026
3170.0,1218,2133.626006
2980.0,1312,2137.590336
3050.0,1312,2141.052196
5330.0,1893,2146.966253
5560.0,1888,2152.419899
5550.0,1912,2158.262669
3330.0,1290,2170.470181
3110.0,1336,2174.557934
4870.0,1628,2179.046602
2630.0,1332,2182.369814
2520.0,1256,2185.973614
3090.0,1339,2189.656771
2990.0,1359,2193.694071
3270.0,1371,2197.469359
2750.0,1231,2201.525683
3430.0,1370,2213.979955
3480.0,1279,2218.1876
2900.0,1293,2221.775235
4880.0,1619,2226.65661
3150.0,1341,2230.389808
3110.0,1937,2235.794753
2970.0,1659,2240.31031
2830.0,1258,2244.147212
3320.0,1356,2247.858719
3290.0,2057,2262.322825
5380.0,1858,2268.299021
4740.0,2519,2275.616997
3010.0,1244,2279.674288
2450.0,1264,2283.138706
3360.0,1344,2286.541202
3400.0,2052,2292.296857
4930.0,1627,2306.472445
5350.0,1826,2312.343736
2890.0,1228,2315.885066
5560.0,1786,2321.372472
5460.0,1831,2326.437582
5440.0,1870,2331.478254
3160.0,1309,2335.181905
3100.0,1337,2338.513709
7760.0,2030,2353.161457
2440.0,1315,2357.037155
2690.0,1321,2360.555428
2900.0,1290,2364.662785
4950.0,1589,2369.209068
3470.0,1339,2372.880105
3010.0,1344,2376.750712
3220.0,1295,2380.274355
4970.0,1590,2384.91358
3100.0,1391,2388.743543
4870.0,1610,2401.381899
3020.0,1283,2404.866101
5530.0,1878,2410.500355
4870.0,1592,2415.00524
4620.0,1622,2419.239684
7630.0,2104,2425.13324
2700.0,1309,2428.733875
4820.0,1636,2433.066675
4630.0,1605,2445.268905
5840.0,1839,2450.466076
2650.0,1292,2453.970699
8010.0,2084,2459.750361
4710.0,1582,2464.25677
5430.0,1844,2469.213663
7710.0,2093,2475.267885
2900.0,1554,2488.046799
3130.0,1277,2491.669445
100.0,439,2492.352218
5520.0,1829,2497.447873
3040.0,1550,2501.61875
4880.0,1565,2505.959156
2640.0,1283,2509.385986
5480.0,1850,2515.009783
5550.0,1855,2519.924491
2800.0,1192,2530.675621
3110.0,1282,2534.659038
2650.0,1340,2537.869659
2800.0,1291,2541.3847
3050.0,1322,2544.384637
5450.0,1905,2549.533956
2850.0,1382,2553.302282
2410.0,1223,2556.572403
4960.0,1656,2561.801269
3580.0,1371,2573.91281
2500.0,1263,2577.195418
5780.0,1828,2582.651533
5690.0,1890,2587.358599
4630.0,1600,2591.989447
5690.0,1921,2596.701285
5550.0,1885,2602.232475
2600.0,1220,2605.740391
4850.0,1573,2618.41514
7800.0,2109,2624.563267
2570.0,1238,2627.810287
3290.0,1344,2631.512055
5340.0,1878,2636.172508
5410.0,1836,2641.185668
2530.0,1296,2644.400434
2550.0,1321,2648.014442
5990.0,1878,2661.818376
5600.0,1922,2667.879269
5820.0,1830,2673.223459
5450.0,1793,2678.246248
5550.0,1930,2684.226265
8080.0,2018,2690.024323
8000.0,2018,2695.405585
4650.0,1696,2708.279789
4680.0,1674,2713.156725
2430.0,1262,2716.584357
5490.0,1880,2722.340999
2730.0,1328,2726.150797
5710.0,1858,2732.405003
4560.0,1617,2737.030107
8040.0,2126,2742.652276
2690.0,1237,2755.375774
4660.0,1591,2759.888208
3100.0,1409,2764.109881
3280.0,1406,2768.414116
5520.0,1884,2773.729306
3310.0,1424,2777.968816
1790.0,988,2780.962914
5590.0,1876,2786.014488
3180.0,1357,2790.007207
2800.0,1370,2801.181378
3240.0,1305,2805.451475
4960.0,1618,2810.291968
3430.0,1366,2814.163052
5570.0,1877,2819.918692
7880.0,2063,2826.244557
4590.0,1565,2830.982038
4840.0,1562,2835.88219
3300.0,1350,2848.803139
2980.0,1460,2853.535621
1760.0,1017,2856.767533
3240.0,1285,2860.718477
4920.0,1747,2865.798507
8370.0,2094,2872.197976
4650.0,1571,2877.029602
2640.0,1338,2881.414206
5800.0,1949,2887.117907
5340.0,1855,2902.360586
5730.0,1889,2908.062142
5510.0,1858,2914.120732
5570.0,1893,2919.990124
3180.0,1270,2923.701766
2640.0,1281,2927.510177
5600.0,1808,2933.352069
8200.0,2119,2948.79848
5490.0,1887,2954.092951
5330.0,1864,2959.725982
5670.0,1824,2964.906299
2660.0,1541,2969.711561
5660.0,1840,2975.217664
2950.0,1556,2979.912911
3460.0,1351,2984.216351
5450.0,1933,2999.067171
5350.0,1755,3003.71417
5320.0,1875,3009.186865
5690.0,1993,3015.460892
3330.0,1335,3019.70285
4750.0,1608,3024.263808
7720.0,2035,3030.104432
5380.0,1873,3045.651623
7580.0,2095,3052.156321
4830.0,1651,3057.423678
8070.0,2097,3063.608821
5390.0,1787,3068.382053
8270.0,2079,3074.293031
3220.0,1251,3078.359958
3060.0,1520,3092.26873
5520.0,1839,3097.680955
7840.0,2065,3103.684004
7830.0,1986,3109.883064
3090.0,1339,3113.475018
8070.0,2052,3119.839257
2670.0,1303,3123.770464
2450.0,1334,3127.85453
5420.0,1857,3140.931123
5660.0,2164,3147.43699
5630.0,1832,3153.308509
5460.0,1797,3158.304951
3510.0,1373,3162.600227
3680.0,1489,3167.31672
2830.0,1323,3171.121628
2940.0,1299,3175.339539
5570.0,1883,3190.147496
5660.0,1896,3196.063003
2970.0,1370,3199.990029
3320.0,1440,3204.276694
4710.0,1564,3209.117911
2540.0,1383,3212.731479
5390.0,1797,3218.17072
4680.0,1718,3222.992725
3300.0,1307,3234.952874
4680.0,1567,3239.512339
2700.0,1274,3243.510692
5320.0,1800,3248.196853
4740.0,1597,3252.933146
4610.0,1568,3257.659215
7600.0,2079,3263.517178
5900.0,1920,3269.727068
2570.0,1334,3283.35108
5800.0,1858,3289.25075
3030.0,1313,3292.661104
3470.0,1327,3296.853596
3170.0,1271,3300.357608
3460.0,1426,3304.162267
2540.0,1416,3307.539221
4800.0,1591,3311.869895
4670.0,1590,3316.52714
7920.0,1993,3331.223733
5520.0,1838,3336.484771
4620.0,1632,3341.583045
5720.0,1826,3347.09391
4710.0,1599,3351.89696
4970.0,1644,3356.626991
2540.0,1285,3360.241633
2460.0,1222,3371.849252
5700.0,2121,3378.090699
5630.0,1831,3383.183235
3070.0,1380,3387.659945
3330.0,1395,3391.478931
5500.0,1819,3397.317833
3330.0,1363,3401.417654
5650.0,1866,3407.403142
2850.0,1273,3419.344543
2760.0,1166,3422.565215
5430.0,1835,3428.061263
4750.0,1574,3432.681016
2920.0,1371,3436.429012
5510.0,1846,3442.43334
2430.0,1258,3446.165111
2650.0,1613,3451.096807
2640.0,1291,3455.28982
5700.0,1940,3468.866142
4750.0,1608,3473.637404
5430.0,1816,3479.08621
4750.0,1578,3483.762557
2640.0,1391,3487.617629
4910.0,1602,3492.487105
3340.0,1334,3496.603603
4920.0,1587,3501.441084
4650.0,1561,3514.731643
7540.0,1997,3520.693344
2920.0,1336,3524.3128
6120.0,1886,3529.8426
5720.0,1856,3535.196186
7560.0,2020,3541.527316
5420.0,1768,3546.935865
2970.0,1327,3551.281983
7910.0,2035,3566.988914
3190.0,1308,3570.667168
7890.0,2146,3577.11157
7750.0,2108,3583.337119
4600.0,1633,3588.284049
2590.0,1259,3591.721139
3270.0,1330,3595.872089
150.0,538,3597.370731
3330.0,1411,3609.045557
4630.0,1584,3614.027355
3310.0,1372,3618.399338
3140.0,1332,3622.602976
4680.0,1546,3626.915091
2880.0,1357,3631.0869
3050.0,1337,3634.762189
2690.0,1285,3639.0539
5480.0,1858,3644.354925
2380.0,1208,3656.753745
5930.0,1871,3661.960823
2760.0,1325,3666.114239
8160.0,2048,3671.568386
5770.0,2016,3677.631386
5840.0,1919,3683.55195
4710.0,1662,3688.292294
4720.0,1619,3692.833966
2590.0,1278,3705.093471
4530.0,1627,3710.012285
4890.0,1665,3715.482583
3100.0,1309,3719.293249
8030.0,2074,3725.821869
7640.0,2041,3732.118909
2920.0,1282,3735.357523
7810.0,2123,3750.905198
4770.0,1560,3755.790354
7880.0,2046,3761.975155
3020.0,1341,3765.770291
4780.0,1577,3770.551524
3090.0,1300,3774.660524
2510.0,1230,3777.842467
5450.0,1872,3783.128487
7750.0,2094,3797.889223
5560.0,1836,3803.268085
5560.0,1851,3809.039279
5480.0,1875,3814.62985
2640.0,1304,3818.958798
5520.0,1870,3823.755325
5580.0,1858,3829.233247
2960.0,1310,3832.886195
5930.0,1895,3847.349634
2380.0,1310,3851.222075
3270.0,1389,3855.673555
5670.0,1815,3860.978444
3090.0,1350,3864.659853
4800.0,1648,3869.755643
5710.0,1887,3874.824678
2650.0,1307,3878.921373
2620.0,1344,3882.566191
5470.0,1848,3895.750367
5610.0,1836,3900.423936
4970.0,1653,3905.138604
2680.0,1342,3909.227605
5430.0,1844,3914.259384
5830.0,1839,3920.085034
4970.0,1618,3924.998283
2640.0,1290,3938.226944
2930.0,1305,3941.684189
2890.0,1230,3945.321091
5570.0,1848,3950.185613
4600.0,1631,3954.457933
2650.0,1515,3958.698049
5710.0,1961,3964.523633
1470.0,100000,4336.619789
4700.0,1713,4341.641893
5450.0,1826,4356.592529
3410.0,1365,4360.472859
4750.0,1658,4365.530812
2640.0,1329,4369.889497
3480.0,1381,4373.72496
5700.0,1838,4379.058387
5790.0,1959,4384.461116
3270.0,1383,4388.077848
3170.0,1324,4392.260117
5490.0,1872,4405.243959
4610.0,1604,4410.412037
4670.0,1691,4415.550187
4920.0,1626,4420.551648
4870.0,1665,4425.934556
2730.0,1348,4429.750952
4630.0,1626,4434.581504
2420.0,1295,4438.554798
4550.0,1615,4451.915298
4590.0,1656,4457.019073
4560.0,1746,4462.255141
220.0,614,4463.87822
2400.0,1353,4468.108948
3210.0,1377,4472.089589
2580.0,1300,4476.473715
2830.0,1418,4480.49458
2610.0,1357,4484.702175
4650.0,1635,4497.629492
3060.0,1341,4501.160674
2420.0,1288,4505.055776
2820.0,1432,4509.14939
5400.0,1832,4514.437511
4840.0,1644,4519.350847
4990.0,1684,4524.211452
3040.0,1587,4528.957744
5390.0,1805,4534.314755
2640.0,1310,4545.257084
3140.0,1373,4549.175686
3010.0,1288,4552.649442
4950.0,1718,4557.583014
3140.0,1316,4561.456454
4630.0,1610,4566.065136
2520.0,1372,4569.732257
2480.0,1383,4573.762513
2460.0,1291,4577.215221
3130.0,1413,4588.781422
4640.0,1671,4593.646302
2710.0,1327,4597.794799
190.0,678,4599.644064
3060.0,1398,4603.614627
5560.0,1860,4609.325988
4840.0,1622,4614.32625
4860.0,1616,4619.19426
5470.0,1911,4625.178524
2360.0,1309,4635.068207
2590.0,1308,4639.24876
220.0,620,4640.965521
2500.0,1420,4644.858656
2660.0,1292,4648.983411
2450.0,1314,4652.812524
2750.0,1401,4657.247011
5350.0,1844,4662.679748
2860.0,1329,4666.973053
4650.0,1635,4679.422652
7800.0,2088,4685.93037
4950.0,1612,4690.732053
2790.0,1373,4694.622375
2610.0,1330,4698.75592
2580.0,1326,4702.644355
3010.0,1341,4706.786178
2520.0,1443,4711.320352
2450.0,1387,4715.209519
2440.0,1286,4726.532121
3090.0,1399,4731.009343
2350.0,1358,4735.427891
1200.0,979,4737.860237
220.0,650,4740.097718
4830.0,1669,4744.915444
4840.0,1705,4749.831675
4880.0,1599,4754.302377
1290.0,955,4757.380892
190.0,602,4759.037903
3270.0,1388,4762.908177
4720.0,1619,4775.710588
980.0,962,4777.976149
190.0,615,4779.632534
2680.0,1386,4784.138095
3100.0,1353,4788.120793
2320.0,1245,4792.135316
2780.0,1347,4795.696963
2840.0,1343,4799.729231
2670.0,1293,4803.073442
2680.0,1396,4806.992799
2710.0,1302,4818.574158
3030.0,1318,4822.75135
3040.0,1338,4826.648377
2740.0,1252,4830.911502
2800.0,1364,4834.845569
5430.0,1870,4840.972023
1180.0,930,4843.397582
1280.0,1068,4846.389204
2880.0,1400,4850.40207
4840.0,1664,4855.40619
3120.0,1271,4866.740477
2480.0,1293,4871.018012
230.0,622,4872.709494
3160.0,1382,4876.910058
5470.0,1962,4882.433726
160.0,672,4884.253524
2890.0,1364,4888.559349
5400.0,1880,4894.384972
2740.0,1215,4897.83334
1450.0,1060,4901.006477
5370.0,1921,4913.164245
1380.0,927,4915.962484
2650.0,1281,4919.45746
3030.0,1310,4923.625336
4960.0,1632,4928.244736
2620.0,1374,4931.797632
2790.0,1455,4936.011466
2590.0,1372,4940.319298
3050.0,1350,4944.063896
2850.0,1314,4948.176939
970.0,941,4958.032197
2740.0,1335,4962.306185
3030.0,1326,4966.044444
2540.0,1417,4970.218565
7640.0,2103,4976.136217
4650.0,1654,4981.0582
2940.0,1251,4984.632211
2600.0,1311,4988.620432
5380.0,1809,5001.331419
3080.0,1346,5005.451543
4980.0,1580,5010.475498
2570.0,1305,5014.066993
4650.0,1596,5018.535612
2700.0,1308,5022.67258
2870.0,1375,5026.735985
2820.0,1322,5031.021818
3020.0,1282,5034.861117
160.0,597,5036.691255
8030.0,2092,5050.844796
2720.0,1299,5055.119312
2700.0,1624,5059.707823
1250.0,966,5062.218267
2390.0,1311,5066.595169
2680.0,1323,5070.414568
2960.0,1279,5074.655255
5740.0,1813,5080.279287
2890.0,1294,5084.364558
3070.0,1378,5095.333757
5510.0,1835,5100.768201
2900.0,1357,5104.117283
2660.0,1298,5108.137032
2410.0,1252,5111.64306
2790.0,1352,5115.357344
2580.0,1316,5119.481807
4670.0,1608,5124.227656
2500.0,1312,5127.967239
2650.0,1315,5132.149945
2970.0,1347,5142.110723
2870.0,1406,5146.095311
2670.0,1315,5149.607648
2590.0,1360,5153.740024
2900.0,1383,5157.578806
5600.0,1892,5163.318514
7700.0,2030,5169.361989
2420.0,1326,5173.063871
4870.0,1587,5185.98306
5340.0,1841,5191.391787
3020.0,1393,5195.153604
3110.0,1326,5199.6424
4970.0,1795,5205.124514
4690.0,1587,5209.995308
3090.0,1320,5214.036555
950.0,974,5216.293486
5550.0,1931,5222.352076
3100.0,1306,5233.108958
2820.0,1294,5236.397366
5530.0,1896,5242.248232
190.0,597,5243.967184
1620.0,1035,5247.04661
2910.0,1523,5251.277827
1260.0,1032,5254.443392
2710.0,1292,5258.828018
2740.0,1380,5262.753538
2830.0,1308,5266.638964
3070.0,1259,5276.792071
5550.0,1880,5282.733944
2420.0,1300,5286.408362
2680.0,1291,5290.104391
2880.0,1360,5294.341443
2870.0,1303,5297.896363
5400.0,1831,5303.676908
3140.0,1348,5307.595425
3130.0,1381,5311.803951
3260.0,1345,5323.258248
2470.0,1371,5327.664957
3070.0,1333,5331.425308
3100.0,1401,5335.676949
8270.0,2078,5342.078024
2840.0,1291,5345.656559
4790.0,1626,5350.488916
1040.0,916,5353.18724
3030.0,1299,5356.99341
2940.0,1316,5360.799178
4930.0,1585,5372.396324
4970.0,1634,5377.402073
2710.0,1312,5381.806213
2710.0,1328,5385.786009
2500.0,1407,5390.160393
2900.0,1360,5393.855406
4750.0,1603,5398.309579
2530.0,1224,5401.517117
5380.0,1799,5407.14837
3030.0,1289,5417.839421
2590.0,1303,5422.135602
4730.0,1621,5427.2709
2350.0,1262,5431.068365
4900.0,1631,5436.053756
2950.0,1304,5439.973222
2960.0,1306,5443.67008
2540.0,1250,5447.178217
5370.0,1794,5452.664086
2610.0,1403,5464.270959
2630.0,1349,5468.732192
2860.0,1313,5472.461568
2860.0,1562,5477.330991
2400.0,1334,5481.538614
2450.0,1281,5485.195814
4860.0,1629,5490.113695
2750.0,1238,5493.986349
2890.0,1272,5497.521901
3240.0,1521,5508.941245
4600.0,1578,5513.912143
3130.0,1616,5518.909354
4710.0,1632,5523.791722
2870.0,1316,5527.370486
2860.0,1305,5531.73834
4950.0,1705,5536.966685
5660.0,1865,5542.496258
2500.0,1310,5546.388461
2840.0,1412,5556.795741
4730.0,1628,5561.986669
4800.0,1665,5566.857069
2820.0,1310,5570.723381
2560.0,1305,5575.21087
2610.0,1329,5579.208101
1460.0,943,5582.320581
2860.0,1291,5586.107658
8080.0,2088,5592.601618
2630.0,1332,5604.62039
4660.0,1506,5608.476629
2470.0,1282,5612.488385
3040.0,1377,5616.48778
4830.0,1654,5621.637286
2920.0,1222,5625.833643
7810.0,2070,5632.249518
7700.0,2025,5638.093525
2860.0,1263,5651.037904
2920.0,1367,5654.563424
2930.0,1456,5658.854311
5430.0,1892,5664.725957
2840.0,1388,5668.485724
3080.0,1309,5672.455567
3090.0,1386,5676.271674
1240.0,930,5678.884824
2790.0,1302,5682.104772
3160.0,1349,5686.150891
2620.0,1324,5696.945814
3070.0,1355,5700.492152
4870.0,1649,5705.269417
3010.0,1400,5709.662149
3110.0,1437,5713.880589
5800.0,1931,5720.136547
930.0,902,5722.930013
5770.0,1922,5728.175379
5640.0,1903,5742.118934
5450.0,1946,5748.214716
7710.0,2116,5754.061582
2970.0,1325,5757.355994
3160.0,1340,5761.501057
2910.0,1344,5765.306528
3280.0,1402,5769.506543
5640.0,1850,5774.979665
2950.0,1251,5787.383719
4700.0,1644,5792.456944
970.0,917,5794.879287
3000.0,1341,5798.994944
3240.0,1414,5803.305867
3110.0,1369,5806.85345
3090.0,1280,5810.251998
2650.0,1339,5814.245954
2490.0,1385,5818.455241
4840.0,1595,5823.290395
2940.0,1283,5834.634319
5610.0,1854,5840.093289
2560.0,1171,5844.097213
5350.0,1901,5849.754663
2520.0,1296,5853.887383
2990.0,1416,5857.506922
4630.0,1596,5861.90912
4870.0,1616,5866.422915
4880.0,1586,5878.460859
2950.0,1380,5883.147061
3030.0,1287,5886.906042
3360.0,1313,5891.230857
3150.0,1326,5895.056876
2870.0,1424,5899.60438
2430.0,1255,5903.175441
2610.0,1270,5907.012192
3230.0,1381,5910.547499
4700.0,1659,5915.40211
1060.0,1032,5926.469203
2450.0,1231,5930.091027
4730.0,1624,5935.56181
2960.0,1320,5939.378571
3050.0,1344,5943.838474
2750.0,1190,5947.120881
3170.0,1334,5950.708284
3170.0,1272,5954.612106
3070.0,1371,5958.32574
3470.0,1332,5962.510082
3110.0,1236,5974.172938
2480.0,1198,5977.74197
2790.0,1414,5982.325479
5640.0,1854,5987.958584
2560.0,1370,5992.477056
5390.0,1862,5997.333119
5670.0,1871,6002.939244
7760.0,2037,6008.642027
3240.0,1326,6019.229605
2570.0,1254,6023.499454
2940.0,1289,6027.302503
2460.0,1355,6031.245811
4770.0,1643,6036.79965
3030.0,1256,6040.164527
3280.0,1295,6043.514612
3170.0,1342,6047.825523
4740.0,1603,6052.459742
2940.0,1370,6056.166792
5400.0,1847,6070.842536
5350.0,1826,6076.302562
130.0,490,6077.79981
4780.0,1616,6082.660985
2550.0,1270,6086.486942
2760.0,1274,6090.320804
3130.0,1260,6093.949226
2490.0,1174,6097.781181
3190.0,1386,6101.702703
5620.0,1917,6115.067073
2760.0,1301,6118.898732
4820.0,1612,6123.890659
3110.0,1312,6128.024211
3400.0,1310,6131.689443
5490.0,1840,6137.687957
2450.0,1228,6141.137959
3480.0,1310,6144.849848
2620.0,1291,6149.149958
2890.0,1239,6161.047343
4750.0,1651,6166.145173
2380.0,1319,6170.29626
2820.0,1325,6173.856234
2540.0,1249,6177.406514
5870.0,1857,6183.437757
2880.0,1244,6186.955067
2900.0,1288,6191.132551
2540.0,1292,6194.979083
1560.0,999,6198.04865
3060.0,1456,6209.849692
2560.0,1261,6213.381983
3250.0,1321,6216.999348
4830.0,1686,6222.478058
3520.0,1374,6226.498387
3540.0,1312,6230.853144
2680.0,1312,6234.560159
2890.0,1290,6238.321621
5600.0,1848,6244.275869
2970.0,1325,6256.28951
2960.0,1240,6260.174551
1650.0,1013,6263.353284
5950.0,1923,6268.894258
3340.0,1469,6273.32163
5760.0,1829,6278.497377
3370.0,1305,6282.756816
2510.0,1269,6286.209244
5620.0,1859,6292.011674
5580.0,1857,6304.461865
3050.0,1319,6308.555584
2570.0,1302,6312.058273
3350.0,1326,6316.221824
5540.0,1824,6321.526864
3420.0,1368,6325.956581
1650.0,992,6328.650516
7760.0,2135,6335.690702
2600.0,1266,6339.162755
3120.0,1298,6350.503874
2760.0,1282,6354.42779
3080.0,1288,6357.922248
2970.0,1331,6362.20616
4650.0,1582,6367.086701
2820.0,1329,6370.990652
5710.0,1839,6376.374996
5560.0,1865,6382.307913
2900.0,1400,6386.693523
5520.0,1882,6399.329882
2720.0,1261,6402.7909
2660.0,1336,6406.876639
3500.0,1644,6411.718274
2990.0,1270,6415.468503
1230.0,1165,6419.49561
5560.0,1829,6424.710099
2550.0,1285,6428.26937
4910.0,1579,6440.107605
3040.0,1342,6444.11768
2720.0,1371,6448.227935
4830.0,1636,6452.880202
2950.0,1295,6456.645446
2980.0,1324,6460.433248
2680.0,1275,6464.633149
3200.0,1317,6468.508992
4740.0,1658,6473.513305
2470.0,1254,6477.590267
5330.0,1938,6492.280122
3410.0,1319,6496.420493
3460.0,1319,6499.977363
2860.0,1304,6504.10956
5530.0,1806,6509.48121
3340.0,1340,6513.838499
3270.0,1251,6517.361737
3320.0,1465,6521.804815
3120.0,1439,6525.973389
2480.0,1282,6538.64071
7570.0,2006,6544.913465
2810.0,1317,6548.46361
2740.0,1356,6552.709433
5800.0,1889,6558.216233
3360.0,1381,6562.512446
1500.0,1008,6565.491578
5410.0,2189,6572.294029
3210.0,1305,6583.888869
2510.0,1344,6588.111283
2670.0,1318,6591.686034
4730.0,1586,6596.371776
3080.0,1375,6600.884908
2980.0,1237,6604.344468
2530.0,1262,6607.863476
4580.0,1544,6612.711991
7990.0,2081,6619.011155
3150.0,1562,6631.681218
3260.0,1364,6636.087497
2530.0,1299,6639.906137
2630.0,1220,6643.373482
5630.0,1827,6649.074013
8110.0,2166,6655.410955
2710.0,1311,6659.23193
5600.0,1936,6665.129671
2520.0,1270,6676.754917
2660.0,1340,6681.026827
3010.0,1252,6684.73444
3050.0,1281,6689.04652
3510.0,1722,6693.861388
2920.0,1352,6697.638306
3390.0,1364,6701.990415
5870.0,1912,6708.034195
2750.0,1343,6711.871269
4830.0,1622,6725.196875
2970.0,1326,6729.43716
2910.0,1530,6733.532433
2720.0,1283,6737.624787
2980.0,1324,6741.125481
2360.0,1159,6744.892562
3230.0,1303,6748.526677
4940.0,1621,6753.32391
2750.0,1369,6757.316035
2920.0,1391,6761.322157
3260.0,1357,6774.296814
2240.0,1293,6777.734324
2990.0,1310,6781.585823
140.0,528,6782.552826
1380.0,972,6785.417623
3020.0,1403,6789.702648
4770.0,1589,6794.535268
4880.0,1574,6799.279256
5620.0,1877,6804.411145
2470.0,1250,6808.608472
1210.0,1159,6820.230194
1420.0,947,6823.082027
5610.0,1937,6828.644299
4730.0,1594,6833.479713
4730.0,1628,6838.126936
2870.0,1301,6842.342489
2600.0,1335,6845.910317
2610.0,1270,6849.857811
4880.0,1882,6855.175149
2430.0,1234,6866.454647
2830.0,1317,6870.664694
5590.0,1935,6876.690939
3120.0,1355,6880.484796
5520.0,1762,6885.698732
2590.0,1242,6889.807597
2670.0,1292,6893.162993
2340.0,1148,6896.329686
2630.0,1286,6900.548296
5630.0,2066,6915.066972
5430.0,1822,6920.600083
920.0,891,6923.490998
2650.0,1340,6927.286907
2870.0,1607,6932.296761
4720.0,1651,6937.130399
5400.0,1822,6942.592182
2750.0,1444,6946.516365
3130.0,1341,6958.720456
2750.0,1293,6962.533747
5670.0,1812,6968.493145
3500.0,1402,6972.438409
2670.0,1424,6977.018048
930.0,1012,6980.075226
5530.0,1809,6985.514274
5360.0,2142,6991.965497
3380.0,1381,6996.111909
5420.0,1809,7011.000297
5110.0,1845,7016.929794
4890.0,1637,7021.868623
920.0,923,7024.20431
3030.0,1405,7028.551108
3110.0,1439,7033.039181
4670.0,1612,7037.516124
2940.0,1376,7041.296577
5440.0,2037,7055.37092
2960.0,1279,7059.556357
2660.0,1325,7063.401264
2890.0,1291,7067.681921
5460.0,1806,7072.732192
2780.0,1260,7076.255098
3370.0,1376,7080.65857
4890.0,1564,7085.75974
5590.0,1851,7091.004612
5360.0,1797,7104.734071
3220.0,1288,7108.576383
2850.0,1334,7112.972545
2520.0,1261,7116.532833
3220.0,1658,7121.090774
2570.0,1564,7125.73173
2750.0,1167,7129.244905
5460.0,1817,7135.154004
5610.0,1871,7140.491196
2770.0,1284,7151.025891
5410.0,1863,7157.062934
2500.0,1241,7160.45125
1070.0,950,7163.154079
5560.0,1878,7169.026173
5400.0,1795,7174.347988
2570.0,1230,7177.950074
2590.0,1218,7181.593353
4750.0,1658,7187.289516
2530.0,1240,7199.071962
5320.0,1830,7204.212717
2460.0,1339,7208.176554
2510.0,1276,7211.922412
4750.0,1586,7216.833211
4720.0,1632,7221.550266
2710.0,1268,7225.589111
2720.0,1300,7229.363396
2700.0,1233,7232.943768
2500.0,1286,7244.539159
4950.0,1567,7248.882039
2900.0,1635,7253.172961
3030.0,1292,7256.58263
7600.0,2057,7262.911575
5310.0,1785,7268.014792
2880.0,1291,7272.208934
4810.0,1665,7277.306745
2830.0,1207,7287.493251
3090.0,1243,7290.868795
3030.0,1305,7294.970051
2480.0,1233,7298.181367
990.0,1009,7300.904591
3120.0,1343,7305.13027
3110.0,1296,7308.788924
2890.0,1303,7312.235144
2700.0,1270,7316.213278
2910.0,1291,7319.836474
2490.0,1260,7324.15775
1230.0,933,7334.470721
1260.0,970,7337.434221
1360.0,993,7340.512386
3180.0,1290,7344.136544
2360.0,1151,7347.523979
1240.0,992,7350.645553
4600.0,1656,7355.730652
2630.0,1291,7359.668409
2850.0,1306,7363.27127
2490.0,1243,7367.25981
2910.0,1282,7370.984242
3110.0,1407,7380.931738
2550.0,1323,7384.851975
2610.0,1514,7389.52117
4950.0,1612,7394.584842
2840.0,1369,7398.595786
2660.0,1338,7403.085268
2850.0,1461,7407.492527
2750.0,1328,7411.214475
3000.0,1334,7415.439048
3160.0,1440,7426.322046
3050.0,1322,7430.63434
2740.0,1292,7434.22757
4700.0,1640,7439.291382
2810.0,1544,7444.142199
2860.0,1359,7448.436239
3170.0,1318,7452.410761
3020.0,1285,7456.592903
3000.0,1335,7460.215364
240.0,636,7461.853974
140.0,624,7470.870371
940.0,881,7473.677469
2680.0,1298,7477.284501
2720.0,1401,7481.679243
3060.0,1474,7486.373161
2600.0,1279,7490.226266
160.0,562,7491.868301
1120.0,915,7494.834675
990.0,1053,7498.010916
2920.0,1292,7501.73436
2820.0,1197,7505.15775
2740.0,1364,7509.227204
2490.0,1291,7519.15482
2420.0,1319,7523.37501
1440.0,992,7525.94228
140.0,595,7527.698139
3050.0,1325,7532.046072
1630.0,1178,7535.579272
4730.0,1668,7540.785629
7720.0,2034,7547.061882
3110.0,1321,7551.205433
2560.0,1331,7555.06045
1200.0,979,7564.453521
2740.0,1342,7568.059657
3120.0,1335,7572.534684
2740.0,1344,7576.447353
2780.0,1232,7580.710193
4680.0,1553,7585.545769
2630.0,1264,7589.262676
5520.0,1830,7594.444985
2490.0,1262,7598.661916
3220.0,1289,7602.416254
3350.0,1331,7612.796341
1160.0,960,7615.190689
3260.0,1300,7619.334337
4600.0,1663,7624.485614
2830.0,1304,7628.420422
2840.0,1340,7632.74264
2980.0,1376,7636.480322
970.0,1048,7639.761551
2860.0,1320,7644.110868
2780.0,1240,7647.783761
1490.0,1081,7657.442795
2770.0,1265,7661.439302
3340.0,1376,7665.046444
2530.0,1341,7669.390079
2680.0,1360,7673.420173
2490.0,1257,7677.003361
2550.0,1296,7681.216491
3310.0,1317,7685.087082
3160.0,1362,7689.555862
2510.0,1289,7693.401159
1630.0,976,7703.612383
130.0,527,7705.20523
5390.0,1953,7710.998745
2450.0,1267,7714.756246
3010.0,1330,7718.575979
2780.0,1308,7722.576197
2420.0,1204,7725.991803
3350.0,1557,7731.054445
3190.0,1345,7735.443278
2650.0,1358,7739.438795
2820.0,1217,7750.262519
3100.0,1441,7754.701903
4680.0,1624,7759.397503
5990.0,1928,7765.140434
2610.0,1347,7769.110578
4700.0,1606,7773.914093
3370.0,1366,7778.192832
1790.0,1032,7781.240344
2940.0,1334,7784.974611
6140.0,1924,7798.583042
170.0,645,7800.315945
2810.0,1365,7804.593062
3140.0,1419,7808.425371
3130.0,1306,7812.59134
2960.0,1396,7816.557412
1340.0,968,7819.69071
5540.0,1976,7826.222138
2910.0,1334,7830.021167
4430.0,1605,7834.640623
1620.0,1413,7845.155493
2820.0,1255,7848.396957
1480.0,949,7851.047334
3310.0,1317,7854.669945
890.0,919,7857.404943
3300.0,1364,7861.812298
2880.0,1345,7865.799046
5730.0,1853,7871.965194
1210.0,1019,7875.120347
7660.0,2016,7887.626041
3040.0,1415,7891.702844
3240.0,1330,7895.49852
3060.0,1384,7898.845626
2540.0,1345,7902.829257
5940.0,1862,7908.282215
1630.0,1007,7911.500902
2520.0,1274,7915.310635
2880.0,1349,7919.897295
1220.0,1000,7922.708123
2380.0,1221,7933.192654
3350.0,1366,7937.518223
2920.0,1323,7941.062033
2590.0,1255,7944.49193
4740.0,1659,7949.187072
2900.0,1355,7953.368029
3140.0,1267,7956.873201
4950.0,1591,7961.846448
2730.0,1196,7965.943172
3490.0,1419,7969.915493
2930.0,1236,7981.000741
2620.0,1249,7985.0933
3170.0,1300,7988.934536
2360.0,1264,7993.065259
1250.0,1114,7996.355741
2670.0,1295,7999.978244
2410.0,1221,8003.173865
2790.0,1337,8007.350883
2610.0,1296,8010.894561
200.0,625,8012.594905
130.0,550,8013.983118
1100.0,993,8017.109165
1550.0,968,8027.450394
2550.0,1278,8031.301075
2920.0,1337,8035.68172
1840.0,983,8038.842641
2600.0,1298,8042.660716
2770.0,1320,8046.481345
2490.0,1300,8050.638597
3220.0,1375,8054.470623
1200.0,907,8057.303642
3030.0,1384,8061.397859
3050.0,1310,8071.238644
3070.0,1425,8075.9186
2590.0,1457,8080.489989
2340.0,1273,8084.202042
1920.0,1129,8087.628148
4940.0,1677,8092.825347
4950.0,1652,8097.87667
3220.0,1269,8101.926369
3300.0,1403,8105.730747
2650.0,1257,8109.579198
3140.0,1373,8120.321317
5280.0,1852,8126.324445
4620.0,1604,8131.372606
4710.0,1643,8136.558627
3720.0,1421,8140.616403
3150.0,1345,8145.068389
5730.0,1967,8150.865261
2590.0,1304,8154.039649
2750.0,1277,8165.708786
7840.0,2128,8172.668661
8010.0,2040,8178.73
2830.0,1384,8183.333079
2950.0,1297,8187.289282
3320.0,1444,8191.931813
3120.0,1308,8195.921372
5860.0,2018,8200.903571
1620.0,966,8211.238043
3600.0,1291,8215.61458
1310.0,1000,8218.313143
2700.0,1257,8222.559869
3050.0,1319,8226.292946
1160.0,1099,8229.512067
5380.0,1832,8235.143404
3340.0,1354,8238.984901
3410.0,1382,8242.848733
150.0,566,8244.219468
1860.0,995,8247.06152
5280.0,1934,8259.692183
4940.0,1649,8264.682624
3320.0,1295,8268.948714
5460.0,1835,8274.514246
2850.0,1244,8278.554803
1370.0,968,8281.022712
3140.0,1274,8284.908195
3120.0,1351,8288.302524
1570.0,937,8290.829101
1490.0,1062,8293.818881
5620.0,1848,8307.818424
2410.0,1246,8312.054552
3200.0,1330,8315.96093
4770.0,1584,8320.936218
4920.0,1635,8325.900638
2400.0,1219,8329.309755
4940.0,1622,8334.308983
2870.0,1285,8337.858177
3240.0,1334,8341.661726
7830.0,2056,8357.046304
2410.0,1196,8361.010371
2890.0,1304,8364.749663
3210.0,1334,8368.528404
3190.0,1325,8372.602351
2850.0,1324,8376.005064
5810.0,1852,8381.3711
4980.0,1640,8385.958291
5410.0,1891,8398.529108
2320.0,1158,8401.965759
3130.0,1279,8405.476397
1280.0,958,8408.354811
2890.0,1292,8411.727092
2930.0,1301,8415.654054
2500.0,1247,8418.8517
2650.0,1330,8422.719748
2700.0,1379,8426.637488
3000.0,1302,8430.913668
3530.0,1391,8442.048162
2920.0,1389,8446.399577
5600.0,1785,8451.71007
2760.0,1309,8456.016898
2860.0,1218,8459.538189
2770.0,1280,8462.911713
2560.0,1254,8466.248535
2680.0,1332,8470.345136
5430.0,1953,8476.499052
180.0,525,8478.123526
1640.0,1155,8489.079147
150.0,539,8490.790108
2910.0,1284,8494.416968
3250.0,1357,8498.523939
3280.0,1422,8502.412278
2620.0,1289,8506.471455
3030.0,1275,8509.747059
3330.0,1410,8514.008803
3150.0,1246,8517.717947
5740.0,1813,8523.099919
3130.0,1415,8534.408214
2950.0,1273,8538.071153
6000.0,1900,8544.037988
3020.0,1439,8548.44017
2780.0,1241,8551.921898
1460.0,1074,8554.834008
5570.0,1837,8559.851156
2850.0,1349,8563.992005
2480.0,1327,8567.955309
7610.0,2188,8582.429397
3010.0,1322,8586.170932
2680.0,1299,8590.412815
1370.0,925,8592.834602
2840.0,1329,8597.226855
2880.0,1280,8600.720239
3440.0,1270,8604.143624
2780.0,1275,8608.196717
5370.0,1807,8613.55072
2740.0,1250,8617.717846
3270.0,1399,8629.087744
1400.0,958,8632.020717
3080.0,1311,8635.842758
2690.0,1228,8639.739892
3510.0,1417,8643.585201
6450.0,2000,8649.572449
2920.0,1274,8653.230754
5800.0,1926,8659.284939
2900.0,1253,8663.008857
2910.0,1316,8673.590675
3000.0,1322,8677.429429
2830.0,1257,8681.624374
3430.0,1270,8685.271463
8050.0,2033,8691.228445
3320.0,1347,8695.183442
3350.0,1323,8698.869091
2810.0,1289,8702.592941
3310.0,1401,8707.233478
5630.0,1855,8721.211289
2690.0,1337,8725.031271
2700.0,1363,8729.482683
2540.0,1187,8732.933745
2910.0,1297,8736.322997
7770.0,2109,8742.456074
3160.0,1360,8746.660889
2960.0,1280,8750.265527
3030.0,1356,8754.57796
2470.0,1268,8765.59001
4750.0,1679,8770.776529
2460.0,1217,8774.514349
3080.0,1325,8778.925498
2930.0,1300,8782.491756
2560.0,1201,8786.520144
3400.0,1323,8790.344187
3460.0,1372,8794.688536
5750.0,1920,8800.014616
1650.0,975,8803.059611
3560.0,1387,8816.427101
2990.0,1404,8820.556231
3030.0,1355,8825.072925
4750.0,1645,8830.083037
3120.0,1610,8834.815867
3390.0,1352,8838.537554
2500.0,1256,8842.454118
2860.0,1374,8846.003375
2450.0,1324,8850.06233
3170.0,1296,8861.885375
3030.0,1366,8866.337911
2780.0,1281,8870.134696
2880.0,1393,8874.500539
3550.0,1298,8878.208771
3280.0,1391,8882.72114
4770.0,1591,8887.600133
5420.0,1865,8892.756974
5890.0,1890,8898.701055
2740.0,1277,8911.821401
3310.0,1435,8916.383331
2980.0,1388,8920.760062
5680.0,1958,8926.562587
3020.0,1352,8930.682586
3050.0,1363,8934.434788
2720.0,1320,8938.619926
2680.0,1354,8942.42953
4780.0,1612,8947.118723
3130.0,1384,8959.748935
3270.0,1335,8963.384365
4930.0,1654,8968.954706
3030.0,1247,8972.536963
3060.0,1325,8976.233813
3420.0,1378,8980.602544
2640.0,1445,8985.182502
4630.0,1582,8989.97934
3270.0,1355,8993.773408
3300.0,1354,9006.133397
1390.0,1164,9009.492269
5650.0,1846,9014.881125
160.0,532,9016.377726
3080.0,1285,9020.318036
3050.0,1413,9024.287652
5770.0,1883,9029.957314
3320.0,1321,9033.74736
180.0,584,9035.37191
180.0,826,9037.969059
970.0,1014,9040.960366
3070.0,1417,9051.558731
4830.0,1650,9056.114184
3480.0,1439,9060.14603
5740.0,1790,9065.165575
2650.0,1287,9069.309909
2560.0,1273,9072.947897
3080.0,1332,9076.996674
7850.0,2057,9083.139732
2510.0,1227,9086.705739
2620.0,1402,9096.71371
2050.0,1031,9099.037767
3120.0,1337,9103.069723
5700.0,1889,9108.204718
1670.0,1258,9112.005
1570.0,1030,9114.975206
3150.0,1457,9118.825281
2550.0,1326,9122.951908
1210.0,980,9125.784053
3040.0,1293,9129.274367
4780.0,1597,9139.67574
1840.0,972,9142.575776
2890.0,1386,9146.721695
1410.0,1037,9149.305199
2560.0,1275,9153.258706
2720.0,1453,9157.655022
3170.0,1312,9161.314409
3050.0,1440,9165.658518
1870.0,962,9168.077196
2560.0,1305,9172.124724
6090.0,1943,9185.59758
5780.0,1811,9190.927242
150.0,546,9192.414904
960.0,921,9195.159853
2890.0,1295,9198.689185
5760.0,1842,9203.727371
3090.0,1413,9208.1397
2970.0,1303,9212.283265
1560.0,984,9214.716767
2920.0,1268,9218.71474
5610.0,1834,9230.098771
3300.0,1404,9234.290395
2690.0,1314,9237.871765
970.0,901,9240.554463
3360.0,1288,9244.179907
1430.0,1007,9247.34168
3060.0,1259,9251.333813
2960.0,1358,9255.378284
2860.0,1416,9259.633807
1630.0,1070,9262.542106
3050.0,1387,9272.576236
2590.0,1284,9276.814693
220.0,629,9278.59356
5660.0,1971,9284.547316
5530.0,1856,9289.685169
4640.0,1595,9294.348291
2890.0,1272,9297.939497
2970.0,1302,9301.954465
3030.0,1334,9305.327163
2830.0,1418,9316.199349
5690.0,1926,9322.630332
2930.0,1329,9326.513928
3060.0,1326,9330.96077
4710.0,1693,9336.004299
3260.0,1471,9340.028418
3090.0,1521,9344.48663
2830.0,1215,9348.175565
2800.0,1304,9351.703993
3270.0,1419,9363.220669
3550.0,1401,9366.972063
8070.0,2113,9373.409929
2760.0,1333,9377.59596
180.0,637,9379.270863
2700.0,1293,9382.908096
170.0,565,9384.472143
2840.0,1255,9388.344362
3070.0,1263,9391.736827
2890.0,1274,9395.142026
2560.0,1309,9399.23079
2470.0,1349,9410.061967
3450.0,1407,9414.227689
3140.0,1399,9418.515519
2670.0,100000,9778.331785
4900.0,1687,9783.333089
2760.0,1298,9786.833011
3040.0,1315,9790.562723
200.0,579,9792.056589
3050.0,1281,9795.647392
4600.0,1620,9800.273318
5620.0,1919,9814.551316
5400.0,1838,9820.044036
3050.0,1285,9824.338301
3100.0,1305,9828.209199
3350.0,1298,9832.289153
4760.0,1617,9836.637479
2810.0,1337,9839.947473
2690.0,1317,9843.723821
4780.0,1627,9848.376504
2630.0,1406,9859.287771
4940.0,1572,9863.927242
4890.0,1585,9868.527126
7720.0,2083,9874.641672
2430.0,1214,9878.061501
1260.0,955,9880.769969
5590.0,1875,9886.677313
4550.0,1573,9891.144753
3060.0,1523,9895.461173
2470.0,1218,9905.602758
2450.0,1260,9909.391065
2870.0,1301,9913.813748
3040.0,1267,9917.678044
4570.0,1687,9922.698582
2670.0,1337,9926.690021
2510.0,1270,9930.053114
2580.0,1414,9934.430484
2880.0,1280,9938.29262
4660.0,1653,9952.264264
960.0,957,9955.22265
3060.0,1391,9959.731131
2540.0,1238,9963.408793
2690.0,1273,9967.011564
3270.0,1281,9970.626571
2670.0,1325,9974.390889
3180.0,1267,9978.138885
2380.0,1329,9982.428663
2950.0,1488,9986.92668
5650.0,1889,10000.220739
950.0,881,10002.910774
3120.0,1345,10006.409766
3310.0,1275,10010.131225
2810.0,1296,10013.366256
5380.0,1890,10019.065055
3190.0,1444,10023.177999
2800.0,1327,10027.488459
3110.0,1521,10031.933065
7860.0,2093,10045.948966
5460.0,1780,10050.904283
5740.0,1854,10056.544258
5480.0,1826,10061.609145
3330.0,1258,10065.35894
980.0,964,10068.409655
2430.0,1399,10073.052138
5540.0,1833,10078.604137
5280.0,1815,10092.502983
2490.0,1204,10096.039651
4960.0,1654,10100.846954
5770.0,1946,10106.780506
2800.0,1320,10110.808767
2640.0,1355,10115.156388
970.0,1014,10118.198503
5490.0,1852,10123.744467
1570.0,979,10126.802795
3500.0,1470,10139.204103
2500.0,1277,10142.840009
4650.0,1611,10147.384108
2410.0,1224,10150.906312
1500.0,1129,10154.355993
2910.0,1369,10158.800109
2870.0,1388,10162.911109
5640.0,1878,10167.926824
5700.0,1924,10173.802602
5450.0,1901,10187.072096
3190.0,1286,10191.202939
1260.0,876,10193.435753
8080.0,2130,10199.684032
3080.0,1322,10203.87001
5430.0,1906,10209.300664
2600.0,1270,10213.388298
2520.0,1242,10216.710576
8120.0,2130,10230.512217
3320.0,1336,10234.882643
7920.0,2112,10241.134146
8220.0,2091,10246.864439
3340.0,1262,10250.936117
5560.0,1893,10256.541913
5360.0,1743,10262.245019
4610.0,1597,10267.225397
5590.0,1895,10281.047172
3440.0,1368,10285.304038
7940.0,2050,10291.318162
2570.0,1342,10295.055443
4850.0,1591,10299.904828
2730.0,1210,10303.362823
3050.0,1263,10307.542812
1430.0,913,10309.863541
3540.0,1509,10314.398582
2500.0,1306,10325.884817
2420.0,1132,10328.959064
4680.0,1540,10333.493366
2810.0,1315,10337.346989
5760.0,1991,10343.56135
5310.0,1776,10348.433329
3580.0,1396,10352.845803
1840.0,932,10355.41117
2640.0,1325,10359.595592
2600.0,1279,10371.30213
2480.0,1266,10375.387444
4890.0,1593,10380.301901
2810.0,1323,10384.200278
5660.0,1938,10390.555238
5550.0,1761,10395.79981
2640.0,1402,10400.259314
2290.0,1172,10403.927477
4720.0,1620,10408.711765
5530.0,1891,10421.0484
2670.0,1279,10425.140699
2940.0,1292,10429.032654
170.0,645,10430.980949
5390.0,1912,10437.193125
5470.0,1914,10443.193424
2650.0,1426,10446.724061
2630.0,1344,10450.835229
2740.0,1341,10454.76908
5650.0,1931,10470.606577
2580.0,1305,10474.474989
7720.0,2104,10481.177092
4700.0,1589,10485.938612
2900.0,1260,10489.891218
1280.0,1065,10493.062654
5310.0,1727,10498.383999
2620.0,1331,10502.359074
3010.0,1328,10506.668461
4850.0,1680,10520.623663
5320.0,1813,10525.486274
4920.0,1647,10530.536619
5710.0,1903,10535.740862
4720.0,1565,10540.360093
3130.0,1256,10543.775958
2690.0,1262,10547.772733
2670.0,1373,10551.439709
4770.0,1633,10562.53227
4620.0,1591,10567.250782
180.0,598,10569.061833
5580.0,1806,10574.889118
7820.0,2133,10581.136751
2900.0,1359,10584.782735
2870.0,1249,10588.470097
5410.0,1761,10593.168831
7520.0,2080,10607.234212
2600.0,1341,10611.234462
2570.0,1146,10614.788911
2760.0,1261,10619.00358
2860.0,1281,10622.444777
3100.0,1301,10626.555855
1470.0,1116,10629.96308
2700.0,1270,10633.568751
4760.0,1641,10638.385791
2910.0,1351,10642.18636
5450.0,1841,10656.465985
5650.0,1831,10662.359779
2890.0,1251,10665.756028
2900.0,1455,10670.133801
2970.0,1498,10674.89675
2550.0,1290,10678.502307
1210.0,1006,10681.311208
2420.0,1204,10684.674481
7990.0,2044,10690.838411
5330.0,1862,10705.406972
5650.0,1894,10711.047596
4570.0,1696,10716.107497
3050.0,1312,10720.327695
7550.0,2048,10725.978143
2790.0,1302,10730.317884
2400.0,1259,10734.050807
3130.0,1270,10738.287601
2520.0,1253,10750.441162
3220.0,1247,10753.751301
5790.0,1929,10759.629902
7810.0,2005,10765.460649
3070.0,1430,10769.674178
4990.0,1675,10775.325409
2480.0,1243,10778.902636
2370.0,1234,10782.438301
4970.0,1660,10787.484882
5410.0,1862,10801.740983
3280.0,1281,10805.18247
5670.0,1882,10811.072028
2500.0,1258,10814.514392
3080.0,1543,10819.232755
4870.0,1558,10823.883881
5460.0,1885,10829.149985
2870.0,1342,10833.310359
5430.0,1825,10846.656192
4660.0,1539,10851.078247
3300.0,1315,10855.212103
5760.0,1879,10860.382311
2690.0,1303,10864.442532
4870.0,1593,10868.953677
4900.0,1629,10873.4755
7720.0,2133,10879.429446
5480.0,1837,10891.725398
2440.0,1203,10895.730224
2710.0,1253,10899.531797
2660.0,1290,10903.178227
950.0,899,10905.901584
5740.0,1910,10911.3844
2690.0,1227,10915.243039
5410.0,2009,10921.071698
3160.0,1280,10924.323175
7670.0,2200,10939.15397
7930.0,2035,10945.538168
7830.0,2043,10951.755904
5550.0,1891,10956.695507
2850.0,1320,10960.711437
4610.0,1631,10965.239697
8000.0,2130,10971.427956
3150.0,1369,10983.393029
2490.0,1228,10987.252533
3440.0,1876,10992.502711
3340.0,1367,10996.638647
2800.0,1311,10999.993585
5750.0,1936,11005.759616
5680.0,2022,11011.858517
7800.0,2001,11017.891141
2670.0,1267,11029.173379
7750.0,2056,11035.391594
2910.0,1279,11038.765339
2680.0,1207,11042.010985
7990.0,2080,11047.438747
2660.0,1328,11051.470942
2880.0,1357,11055.247851
2870.0,1336,11059.443448
1650.0,1042,11062.470798
7860.0,2077,11077.413695
2910.0,1333,11080.997649
7740.0,2062,11086.510995
5360.0,1820,11092.21797
2720.0,1593,11097.083941
2960.0,1237,11100.795851
4880.0,1620,11105.580927
5640.0,1897,11120.37427
3280.0,1333,11124.54893
2690.0,1310,11127.752134
8200.0,2089,11133.388923
4990.0,1634,11138.044304
3320.0,1359,11142.036766
3000.0,1365,11145.863193
4940.0,1573,11150.58235
180.0,553,11152.155266
4780.0,1620,11163.642355
5480.0,2167,11169.571223
930.0,1014,11172.25734
3070.0,1377,11176.319809
4700.0,1600,11180.950526
5430.0,1834,11186.145267
4990.0,1592,11190.713638
3410.0,1402,11195.077206
4690.0,1630,11200.01369
5340.0,1796,11213.907421
2550.0,1232,11217.578783
2620.0,1294,11221.207703
2380.0,1323,11224.857234
4700.0,1642,11230.106713
2680.0,1232,11233.425961
5720.0,1842,11238.681515
2930.0,1237,11242.587322
1460.0,954,11245.072581
2750.0,1321,11257.37486
7620.0,2060,11263.357826
2550.0,1353,11266.962654
4600.0,1592,11271.697879
5770.0,1899,11277.28165
2860.0,1322,11280.877118
2490.0,1353,11285.150375
4660.0,1605,11289.922017
2650.0,1374,11301.64452
930.0,995,11304.284115
4950.0,1680,11309.821587
4670.0,1542,11314.199229
2630.0,1300,11318.522892
5490.0,1841,11324.09434
2740.0,1345,11328.244071
930.0,950,11331.115002
2710.0,1269,11334.667271
4820.0,1581,11338.944284
3340.0,1262,11348.79945
4670.0,1681,11353.973247
7790.0,2074,11360.577525
5600.0,1840,11366.543082
7610.0,2110,11373.147935
4670.0,1596,11378.065253
5290.0,2007,11383.588985
3140.0,1359,11395.124104
2490.0,1249,11398.962266
3230.0,1314,11403.503591
2710.0,1303,11407.462616
4980.0,1599,11412.317904
2470.0,1274,11416.308242
3130.0,1439,11420.159417
4780.0,1607,11424.575884
5430.0,1854,11430.545568
3130.0,1310,11442.026753
5490.0,1803,11447.620503
2750.0,1373,11451.581908
5860.0,1855,11457.509666
5430.0,1790,11462.678133
2850.0,1408,11466.95217
4650.0,1591,11471.48463
7860.0,2110,11478.109951
2720.0,1253,11489.755309
7740.0,2039,11496.144939
4910.0,1551,11500.677015
2870.0,1287,11504.451605
5220.0,2151,11510.753634
4660.0,1617,11515.632363
3090.0,1344,11520.020451
2590.0,1193,11523.61428
5760.0,1883,11537.605055
5420.0,1885,11542.781083
5600.0,1889,11548.47008
7960.0,2091,11554.591897
2580.0,1279,11558.118502
5580.0,1853,11563.63689
5550.0,1874,11569.261125
4770.0,1757,11584.026435
5390.0,1867,11589.685871
5320.0,1901,11594.552929
4740.0,1664,11599.88233
4960.0,1627,11604.628167
2510.0,1227,11608.199024
5440.0,1869,11613.291646
7560.0,1977,11619.171829
2600.0,1341,11634.475318
7650.0,2127,11640.568185
5400.0,1904,11646.045302
2410.0,1226,11649.926771
2880.0,1314,11653.597784
950.0,908,11656.250615
1250.0,1050,11659.180526
4660.0,1656,11663.674021
5620.0,1820,11668.919383
5280.0,1921,11683.69094
4910.0,1595,11688.592155
5680.0,1840,11693.768794
2810.0,1315,11697.714995
2550.0,1290,11701.169109
4640.0,1558,11705.405411
5440.0,1849,11711.023257
4740.0,1580,11715.71775
2900.0,1287,11727.456326
4940.0,1581,11732.358651
5600.0,1858,11737.804016
3100.0,1296,11741.92995
5680.0,1806,11747.0612
2830.0,1321,11750.854162
2470.0,1273,11754.334708
5500.0,1776,11759.49087
3070.0,1296,11771.340077
7920.0,2076,11777.710226
5330.0,1868,11783.240861
1550.0,932,11786.169111
2430.0,1166,11789.628662
2650.0,1358,11793.995616
3310.0,1257,11797.305622
7900.0,2048,11803.609717
2870.0,1285,11806.934584
2430.0,1216,11818.47225
2840.0,1189,11822.580136
3410.0,1335,11826.687419
2900.0,1283,11830.990375
4710.0,1573,11835.953905
5540.0,1994,11841.513536
3050.0,1268,11845.596991
190.0,621,11847.339613
5270.0,1701,11851.751509
4630.0,1580,11856.228288
3060.0,1390,11869.572196
3020.0,1291,11873.15897
2680.0,1312,11876.840518
4940.0,1587,11881.675519
5700.0,1946,11887.767973
3190.0,1345,11892.025786
7920.0,2129,11898.362792
5490.0,1727,11903.358157
4680.0,1589,11916.727334
7830.0,2104,11923.317369
7620.0,2012,11929.577674
4700.0,1588,11934.200646
2650.0,1330,11937.85219
5790.0,1924,11944.047616
7880.0,2267,11950.985695
5370.0,1921,11964.773143
2900.0,1311,11968.651737
7950.0,2072,11974.820151
5600.0,1819,11979.659032
2690.0,1326,11984.028216
7950.0,2085,11990.430679
4680.0,1593,11995.39645
4710.0,1619,12008.660574
2480.0,1213,12011.979627
1640.0,906,12014.824375
5580.0,1814,12019.830806
3280.0,1430,12024.036786
2720.0,1329,12027.983643
2960.0,1290,12032.287111
4870.0,1554,12037.088891
7710.0,1937,12042.307256
4790.0,1588,12056.999707
3320.0,1406,12061.308103
3080.0,1363,12064.998071
2720.0,1354,12068.706727
7860.0,2084,12075.142813
8000.0,2117,12081.771468
8030.0,1961,12087.951785
5430.0,1792,12093.374915
2360.0,1179,12105.466905
4950.0,1640,12110.01644
4970.0,1611,12114.591387
7780.0,2076,12120.968413
7970.0,2116,12127.622728
5290.0,1898,12133.852763
5480.0,1815,12139.448255
5840.0,1887,12154.330637
100.0,440,12155.575554
5350.0,1948,12160.816543
5530.0,1807,12166.371721
7610.0,2100,12172.495653
7720.0,2043,12179.016465
5440.0,1815,12184.303576
2820.0,1266,12187.902762
8110.0,2130,12203.017708
940.0,998,12206.132802
5520.0,1848,12211.772371
5310.0,1696,12216.656198
7560.0,2043,12223.100961
4940.0,1651,12228.187408
4950.0,1554,12232.776685
1160.0,1114,12235.982792
2470.0,1244,12247.371442
4950.0,1586,12252.349419
2800.0,1319,12256.10236
2890.0,1269,12260.217869
2590.0,1259,12263.811373
5360.0,1852,12269.547434
2850.0,1249,12272.962544
5600.0,1890,12278.508602
2440.0,1188,12282.006682
2880.0,1237,12285.619748
5590.0,1961,12299.534879
1160.0,925,12302.598366
5520.0,1799,12307.970376
5460.0,1803,12313.184014
4750.0,1571,12317.724273
2730.0,1381,12321.784472
7950.0,2037,12328.105582
3050.0,1175,12331.536703
2850.0,1245,12342.5941
5550.0,1799,12348.499906
2540.0,1272,12352.250286
1220.0,1040,12355.403993
2430.0,1295,12359.114428
4620.0,1631,12363.666106
4890.0,1663,12368.437664
7920.0,2182,12375.373632
2830.0,1250,12378.728153
4750.0,1600,12392.913931
4730.0,1637,12397.848101
2440.0,1230,12401.205285
2860.0,1326,12405.029013
2790.0,1209,12408.425649
3270.0,1382,12412.832481
2700.0,1356,12416.60651
2860.0,1341,12420.793961
7720.0,2199,12436.989523
8040.0,2106,12443.118655
2760.0,1299,12446.499991
2370.0,1207,12450.052179
2920.0,1272,12454.275199
5530.0,1830,12459.500197
100.0,446,12460.839612
2700.0,1324,12464.572817
5440.0,1840,12470.003578
7580.0,2073,12485.709183
2960.0,1287,12489.21439
3250.0,1265,12492.752832
7660.0,1985,12498.879286
5400.0,1842,12504.819371
1380.0,1066,12507.863578
5420.0,1711,12513.055212
2800.0,1324,12516.360241
2530.0,1143,12519.626679
7320.0,1984,12532.362283
3370.0,1316,12536.66152
160.0,614,12538.303163
5420.0,1855,12543.328135
7890.0,2094,12549.626946
930.0,1080,12552.845919
3070.0,1379,12557.346136
2380.0,1203,12560.689883
2490.0,1259,12564.090357
3110.0,1371,12576.853891
4720.0,1522,12581.574456
2630.0,1298,12585.451674
5450.0,1815,12590.833439
5320.0,1785,12596.530164
5490.0,1861,12601.961194
7840.0,2086,12608.002088
3110.0,1332,12612.315848
3230.0,1411,12625.602073
3170.0,1232,12629.726062
3090.0,1502,12634.456558
5580.0,1915,12640.074003
7700.0,2059,12646.263684
2520.0,1289,12649.982777
4700.0,1656,12655.358051
2560.0,1254,12658.690467
5500.0,1833,12663.818688
7710.0,2086,12677.077347
5290.0,1772,12682.728055
4610.0,1586,12687.425802
5300.0,1856,12692.582364
7720.0,2043,12698.507317
2880.0,1260,12701.85657
4940.0,1587,12706.482754
3240.0,1633,12722.10607
3040.0,1509,12726.77846
4790.0,1589,12731.563023
5370.0,1855,12737.18306
2800.0,1333,12740.962945
3230.0,1291,12745.050599
1460.0,989,12747.705259
4660.0,1556,12752.716153
7870.0,2176,12768.123925
4670.0,1557,12772.683134
7640.0,2100,12778.717932
2890.0,100000,13157.637052
3130.0,1418,13161.400952
2550.0,1288,13165.100416
3300.0,1316,13168.462537
5340.0,1863,13174.327725
5300.0,1861,13179.661585
4850.0,1598,13184.514671
3480.0,1304,13196.265605
3060.0,1313,13200.648918
7880.0,2035,13206.947484
5580.0,1826,13211.68227
8010.0,1994,13217.640401
4950.0,1642,13222.56809
3020.0,1378,13226.886774
2740.0,1233,13230.6683
5580.0,1916,13246.066337
2920.0,1262,13249.622465
4610.0,1574,13254.314968
3320.0,1322,13257.921638
2780.0,1254,13261.74881
2700.0,1390,13265.261795
5730.0,1809,13270.431537
7620.0,2033,13276.516857
5510.0,1936,13291.694744
5630.0,1836,13297.372305
4980.0,1628,13302.394525
2520.0,1217,13305.950965
5430.0,1787,13311.025935
4710.0,1704,13316.247498
7600.0,2097,13321.898084
3080.0,1283,13325.579376
4640.0,1599,13338.027202
3000.0,1274,13341.676725
2490.0,1373,13346.28085
3300.0,1417,13350.27565
5710.0,1803,13355.302195
3080.0,1310,13358.851177
3090.0,1402,13363.3274
4650.0,1579,13368.07066
5850.0,1978,13381.754774
2990.0,1327,13385.666831
3140.0,1292,13389.367189
5610.0,1872,13395.167748
3020.0,1237,13398.561368
4950.0,1587,13403.102246
2990.0,1338,13407.480239
2700.0,1419,13411.516129
3440.0,1355,13415.885552
2690.0,1297,13429.904904
1880.0,998,13432.765067
2980.0,1318,13436.86709
5600.0,1892,13441.789608
2840.0,1272,13445.354246
5620.0,1897,13450.33076
3000.0,1211,13453.830119
4900.0,1590,13458.110213
7810.0,2028,13463.500741
2780.0,1295,13476.548569
7890.0,2103,13482.320524
1660.0,967,13484.458354
5420.0,1863,13489.527346
4680.0,1650,13493.766781
3270.0,1291,13496.979728
4660.0,1572,13501.321645
2940.0,1328,13505.457655
5760.0,1906,13519.412512
2400.0,1269,13522.996925
5890.0,1840,13527.950935
2600.0,1301,13532.030531
5350.0,1862,13537.223322
2510.0,1349,13541.42442
3030.0,1318,13544.994047
3050.0,1244,13548.861992
2680.0,1297,13552.426304
3280.0,1358,13564.819153
5510.0,1906,13569.967953
4750.0,1694,13574.781634
3140.0,1335,13579.056189
7990.0,2052,13585.436671
3290.0,1276,13589.186284
5550.0,1771,13594.277483
3060.0,1382,13598.560715
3240.0,1193,13601.76504
5620.0,1885,13614.247221
5570.0,1878,13619.388312
7890.0,1984,13625.520334
7810.0,2111,13632.336709
5320.0,1758,13637.374262
2920.0,1364,13641.262637
5330.0,1885,13646.297422
2470.0,1279,13658.367669
4670.0,1602,13662.721446
5450.0,1832,13667.915075
3050.0,1294,13671.933368
8040.0,2021,13677.443097
5320.0,1873,13683.43866
5720.0,1939,13689.192647
2520.0,1274,13692.747298
5820.0,1922,13706.213752
5710.0,1853,13711.908585
8080.0,2086,13717.909425
5760.0,1843,13722.664682
5310.0,1851,13728.005085
4680.0,1584,13732.21895
5410.0,1818,13737.12603
3120.0,1302,13750.30842
4830.0,1630,13755.23218
7610.0,2004,13761.403121
3390.0,1369,13765.363069
2600.0,1316,13769.727091
3040.0,1243,13773.225907
4680.0,1551,13777.52752
2890.0,1281,13781.007846
1450.0,954,13783.873088
7720.0,1999,13799.328255
5640.0,1960,13805.143161
5730.0,1886,13811.159912
7440.0,2154,13817.509466
2880.0,1213,13821.086164
7930.0,2065,13827.177397
3180.0,1233,13830.462325
4950.0,1628,13844.00557
5500.0,1848,13849.563479
4960.0,1606,13854.603424
3040.0,1281,13858.310597
3250.0,1285,13862.41586
5640.0,1838,13867.942586
3380.0,1343,13872.131182
5440.0,1861,13877.540806
3290.0,1244,13881.176768
5480.0,1814,13894.499068
3440.0,1433,13898.969416
7990.0,2157,13905.264523
5440.0,1796,13910.759588
3140.0,1265,13914.63556
2440.0,1277,13917.945595
5520.0,1878,13922.988921
7920.0,2108,13937.091041
2680.0,1266,13941.089476
3250.0,1349,13944.642315
2640.0,1358,13948.617643
3730.0,1356,13952.425053
5740.0,1849,13957.954967
4600.0,1571,13962.412575
5420.0,1869,13967.77574
7790.0,2024,13973.655565
3080.0,1377,13986.927354
4740.0,1504,13990.749155
5610.0,1814,13996.256667
7810.0,2190,14002.62482
4960.0,1606,14007.391415
5570.0,1854,14012.633015
4710.0,1585,14017.037868
7580.0,2011,14031.362659
2880.0,1373,14035.511286
4820.0,1568,14040.264483
5430.0,1819,14045.294269
4760.0,1627,14049.988608
5750.0,1885,14055.701712
2450.0,1232,14059.071797
2600.0,1277,14062.937873
4700.0,1614,14076.073354
2500.0,1295,14079.677614
5800.0,1874,14084.875027
8090.0,2119,14091.73781
4920.0,1638,14096.435108
2500.0,1510,14100.291695
3320.0,1325,14104.034715
7840.0,2066,14110.235904
5470.0,1805,14125.558569
2580.0,1300,14129.912519
5400.0,1848,14135.405958
5660.0,1865,14141.416867
4600.0,1643,14146.061826
2800.0,1288,14149.486299
4650.0,1620,14154.345732
4680.0,1577,14158.799268
5660.0,1869,14172.893003
990.0,907,14175.142271
3260.0,1335,14179.532233
2930.0,1279,14183.315391
4780.0,1656,14188.395012
5600.0,1871,14193.988312
5570.0,1849,14199.175948
4770.0,1640,14203.486546
7690.0,2057,14216.964869
5510.0,1834,14223.021175
2450.0,1214,14226.473282
4930.0,1633,14231.176568
2580.0,1337,14235.068048
4930.0,1641,14239.54952
2810.0,1247,14243.087236
1240.0,966,14245.994727
4830.0,1622,14250.709685
2830.0,1262,14263.638602
4630.0,1577,14268.519949
4810.0,1658,14273.674111
1610.0,1045,14276.957093
2930.0,1322,14281.097723
2900.0,1255,14284.515116
5440.0,1797,14289.614058
7720.0,2055,14295.596579
5600.0,1844,14301.392866
2640.0,1294,14313.686524
5350.0,1827,14319.32064
5600.0,1806,14324.273731
7780.0,2052,14330.212397
2780.0,1283,14333.749622
4700.0,1622,14338.873934
4600.0,1588,14343.497778
2670.0,1301,14347.513347
5760.0,1895,14362.039498
2720.0,1276,14366.257786
7890.0,2141,14372.594768
8040.0,2094,14379.148324
5530.0,1845,14384.602329
4940.0,1666,14389.595984
5410.0,1839,14395.384536
3210.0,1362,14407.167207
4880.0,1573,14412.118987
4700.0,1593,14416.741412
5800.0,1888,14422.362593
2840.0,1235,14425.878777
2910.0,1236,14429.559616
2380.0,1234,14433.724275
5380.0,1774,14438.943403
3100.0,1379,14442.786713
3040.0,1234,14454.41792
3200.0,1463,14458.034881
4640.0,1635,14463.169899
5260.0,1740,14468.438681
2830.0,1268,14472.247308
2910.0,1390,14476.741608
2490.0,1254,14480.43823
4670.0,1629,14485.55795
3040.0,1289,14489.75971
5550.0,1892,14502.889877
5450.0,1819,14507.955178
7730.0,1972,14513.428779
5230.0,1801,14518.985294
4670.0,1563,14523.850454
3140.0,1311,14527.654553
5880.0,1909,14533.733306
5410.0,1773,14548.637147
4630.0,1611,14553.100259
5740.0,1903,14558.715119
1250.0,952,14561.002676
2940.0,1295,14565.001205
2700.0,1231,14568.477564
2780.0,1238,14572.226644
2680.0,1291,14576.608472
3540.0,1401,14580.731324
7150.0,2013,14595.761584
2930.0,1300,14599.982229
3050.0,1317,14603.715468
5380.0,1875,14609.516088
5390.0,1841,14614.726243
2840.0,1363,14619.286249
3030.0,1265,14623.003201
3130.0,1325,14627.397301
3060.0,1287,14631.137551
8000.0,1988,14645.077087
8080.0,2070,14651.042825
2820.0,1309,14654.717605
2780.0,1224,14658.075085
5440.0,1836,14663.657938
8140.0,2128,14669.912394
3000.0,1259,14673.312037
5830.0,1869,14678.644639
3290.0,1372,14690.254697
2950.0,1343,14694.557527
3090.0,1352,14698.304666
2480.0,1336,14702.453497
940.0,940,14705.157317
8050.0,2057,14710.708628
3140.0,1396,14714.996819
5630.0,1939,14720.311432
3120.0,1314,14723.705535
4630.0,1569,14737.548912
2820.0,1148,14740.915243
2840.0,1311,14745.090306
5570.0,1835,14750.468508
3270.0,1326,14754.622081
2490.0,1245,14757.994713
5790.0,1851,14762.68055
4940.0,1675,14767.682642
4700.0,1603,14781.367788
2630.0,1221,14784.884666
5510.0,1840,14790.078075
4690.0,1589,14794.590375
7790.0,2055,14800.197723
4690.0,1629,14804.571369
5470.0,1808,14809.968272
4970.0,1633,14814.248955
5590.0,1823,14826.535935
4900.0,1583,14831.22067
3290.0,1277,14834.833613
2510.0,1232,14838.639852
5490.0,1870,14843.563153
3070.0,1253,14847.050613
4690.0,1580,14851.765141
4630.0,1569,14856.202423
4730.0,1640,14860.879808
4610.0,1613,14873.632636
4630.0,1611,14878.37398
5890.0,1836,14883.385775
5450.0,1888,14888.890045
3130.0,1320,14892.491544
2470.0,1283,14895.836606
2920.0,1359,14899.61762
5440.0,1855,14904.777067
2380.0,1266,14916.735573
7780.0,2065,14922.982724
2590.0,1384,14926.428514
5380.0,1735,14931.774534
7650.0,2100,14937.858229
3070.0,1341,14941.295049
5310.0,1784,14946.247694
2530.0,1278,14950.149416
2420.0,1256,14962.171411
8040.0,2162,14968.047604
1000.0,976,14971.080536
3270.0,1328,14974.891014
4960.0,1681,14980.145305
4710.0,1673,14984.463227
2460.0,1232,14987.724627
7880.0,2078,14993.829397
2770.0,1223,15006.241391
3240.0,1250,15009.874064
5370.0,1830,15015.020497
2790.0,1286,15018.561902
5410.0,1874,15024.197132
5490.0,1899,15029.666384
7800.0,2084,15036.072707
3420.0,1293,15039.74766
3130.0,1358,15043.448686
2640.0,1326,15055.489303
5770.0,1912,15061.329686
5510.0,1804,15066.402338
3100.0,1289,15069.864947
2450.0,1237,15073.828076
2730.0,1249,15077.31202
1140.0,994,15080.153551
2680.0,1295,15083.641777
2690.0,1268,15087.451899
5370.0,1816,15099.602257
1500.0,1021,15102.808873
3300.0,1316,15106.432748
1100.0,1021,15109.340353
3320.0,1317,15113.312808
2890.0,1316,15116.967238
3200.0,1321,15121.075857
2450.0,1249,15124.481027
4910.0,1628,15128.976659
4760.0,1620,15133.414964
4870.0,1651,15147.32589
2790.0,1271,15150.904436
4690.0,1582,15155.607668
4870.0,1559,15160.451015
3070.0,1390,15164.888996
4660.0,1631,15169.596815
7580.0,2052,15175.492272
3300.0,1266,15179.226397
2810.0,1226,15191.30448
2880.0,1292,15194.974126
5480.0,1759,15199.921205
3270.0,1332,15203.916
8010.0,2144,15210.540391
4950.0,1649,15215.415511
5620.0,1919,15221.396402
2860.0,1334,15225.41917
2820.0,1241,15238.619073
940.0,899,15241.385082
3420.0,1340,15245.229964
4990.0,1582,15249.626317
5810.0,1881,15254.537524
2650.0,1263,15257.77234
4660.0,1601,15262.54168
4950.0,1632,15267.343345
2860.0,1341,15271.73061
7580.0,1978,15285.828126
7810.0,2151,15291.799272
3060.0,1226,15294.94949
3140.0,1244,15298.171718
2870.0,1291,15301.95179
3220.0,1218,15305.236136
3340.0,1288,15308.807453
5600.0,1798,15314.723726
3310.0,1341,15318.722703
2690.0,1294,15332.296695
5540.0,1871,15337.598637
2680.0,1385,15341.912966
2520.0,1255,15345.260426
5580.0,1954,15350.777712
7700.0,2085,15356.724723
3180.0,1306,15360.017383
4670.0,1648,15364.604449
5670.0,1927,15380.280312
4880.0,1562,15384.730059
4920.0,1652,15389.657562
2650.0,1293,15393.444107
5340.0,1891,15399.219859
5480.0,1821,15404.420084
4750.0,1612,15409.221527
2840.0,1380,15413.597085
3440.0,1610,15426.282439
3170.0,1248,15429.633423
5380.0,1775,15435.417938
3370.0,1346,15439.320869
2940.0,1301,15443.645048
3490.0,1369,15447.555895
3120.0,1303,15451.673409
2790.0,1280,15455.213562
4630.0,1599,15459.979496
5370.0,1753,15472.861411
2810.0,1282,15477.187168
4870.0,1635,15482.371173
5370.0,1845,15487.703327
2950.0,1230,15491.256924
4650.0,1622,15496.217014
3080.0,1277,15500.322217
230.0,681,15502.30089
1680.0,986,15505.25509
1480.0,985,15508.254182
2540.0,1330,15519.740192
4710.0,1607,15524.30162
3200.0,1287,15528.389613
5500.0,1811,15533.640722
2560.0,1296,15537.507219
220.0,702,15539.937902
1650.0,1020,15542.553778
5490.0,1877,15548.693609
5570.0,1956,15554.875641
4630.0,1572,15566.516268
2740.0,1310,15570.205788
5630.0,1889,15576.158176
5490.0,1851,15581.482462
5500.0,1833,15587.391505
2410.0,1305,15591.084081
2660.0,1289,15594.813878
4670.0,1612,15600.073455
2810.0,1324,15603.900086
2420.0,1298,15615.206929
5320.0,1781,15620.753158
2680.0,1364,15624.670545
3040.0,1355,15629.054716
4750.0,1638,15633.874828
5410.0,1901,15639.102082
5640.0,1822,15644.719728
4990.0,1617,15649.866374
6110.0,1880,15662.925565
2870.0,1242,15666.833772
7520.0,2136,15672.99779
2860.0,1261,15676.553904
5390.0,2084,15682.854747
4680.0,1670,15687.658181
4880.0,1614,15692.316433
4680.0,1591,15696.965019
5570.0,1881,15711.780322
2350.0,1213,15715.175427
7980.0,2140,15721.378902
5410.0,1890,15726.9574
3280.0,1334,15730.94738
3300.0,1303,15735.227282
5380.0,1932,15740.696596
5420.0,1859,15755.408182
5550.0,1874,15760.946054
1670.0,950,15763.793942
2620.0,1267,15767.013378
7900.0,2055,15772.960105
5560.0,1758,15778.476982
5820.0,1917,15783.880545
4720.0,1588,15788.39659
3140.0,1339,15800.300067
3520.0,1345,15803.98387
2400.0,1299,15808.019731
2690.0,1346,15811.695986
1440.0,977,15814.730692
3380.0,1317,15818.43872
7890.0,2096,15824.72942
5830.0,1790,15830.235666
2390.0,1368,15833.783097
5590.0,1838,15849.428549
2480.0,1270,15852.9318
2610.0,1352,15857.354817
5650.0,1929,15862.986665
3550.0,1355,15867.472054
7980.0,2067,15873.739382
7620.0,2130,15879.735203
5680.0,1861,15884.988666
4680.0,1634,15898.68278
3170.0,1373,15903.18554
980.0,1003,15906.168626
3010.0,1315,15909.869244
3110.0,1462,15914.267327
2670.0,1297,15917.987988
5450.0,1853,15923.55785
7700.0,2029,15929.550599
4820.0,1603,15943.047537
2710.0,1262,15946.746602
7650.0,2049,15952.98621
4710.0,1589,15957.836601
2870.0,1339,15961.337269
180.0,656,15963.047819
3310.0,1291,15966.79937
2620.0,1288,15970.027377
7980.0,2159,15976.132848
2870.0,1334,15980.005149
5380.0,1781,15995.29281
2700.0,1291,15999.057339
4700.0,1628,16004.515248
3200.0,1305,16008.352573
2890.0,1326,16011.93867
2510.0,1318,16015.8753
2700.0,1317,16019.379542
5380.0,1821,16024.506512
8110.0,2063,16039.376495
7750.0,2080,16045.152633
7770.0,2062,16050.522135
4660.0,1636,16055.335011
2300.0,1210,16058.307112
4630.0,1572,16062.194745
8150.0,2045,16067.806105
8090.0,2086,16080.54847
5690.0,1844,16085.237831
3470.0,1426,16089.152687
140.0,518,16090.662543
3230.0,1376,16094.279956
4940.0,1721,16098.797262
4650.0,1585,16103.212155
3330.0,1372,16107.128859
5510.0,1840,16112.166587
3020.0,1240,16125.358896
2600.0,1295,16129.032002
7860.0,2111,16135.200803
5520.0,1836,16140.24815
4860.0,1721,16144.764527
4710.0,1610,16148.962406
3330.0,1355,16152.37099
3160.0,1356,16156.281035
5190.0,1908,16170.173577
5530.0,1833,16175.273563
5680.0,1763,16179.893173
4660.0,1626,16184.229524
4850.0,1636,16189.080176
7900.0,2049,16194.199775
8110.0,2132,16200.268803
4680.0,1674,16213.75802
3050.0,1330,16217.461407
7740.0,2084,16223.116341
7570.0,2030,16229.058419
4920.0,1623,16233.575609
5510.0,1888,16238.373844
4650.0,1631,16242.623318
4660.0,1587,16246.881393
8020.0,2027,16260.733679
3430.0,1389,16264.598175
4630.0,1610,16269.110231
7420.0,2033,16274.893805
8230.0,2109,16280.644937
4900.0,1588,16285.095401
5510.0,1912,16290.138243
5320.0,1857,16303.502247
7740.0,2041,16309.34946
7950.0,2043,16314.787712
2710.0,1323,16318.718854
7740.0,2004,16324.355104
2470.0,1262,16327.745584
2700.0,1267,16331.051942
3420.0,1493,16335.541571
4820.0,1571,16347.571792
8050.0,2074,16353.43678
3180.0,1566,16357.873374
4760.0,1618,16362.231878
7830.0,2072,16368.361132
2930.0,1339,16371.900534
5240.0,1788,16377.363178
4700.0,1643,16389.666006
4710.0,1577,16394.107899
2510.0,1250,16397.514597
4880.0,1588,16401.995751
5710.0,1828,16407.466261
4620.0,1589,16412.040847
2970.0,1258,16415.48705
5380.0,1822,16420.343471
5610.0,1891,16425.588016
7690.0,2110,16439.166209
3290.0,1291,16442.575045
5660.0,1850,16447.775655
4610.0,1605,16452.193078
7760.0,2109,16458.351926
8280.0,2062,16463.854974
4610.0,1571,16468.281784
7960.0,2098,16482.797314
7720.0,2153,16488.804492
5530.0,1946,16494.187133
5370.0,1880,16499.687919
3240.0,1339,16503.006109
1260.0,1101,16505.760027
2700.0,1364,16509.800345
1090.0,1173,16513.023067
8030.0,2059,16526.847894
3060.0,1324,16530.58745
7760.0,2034,16536.077481
2580.0,1274,16540.255193
5660.0,1968,16545.521737
7900.0,2087,16551.542418
5520.0,1832,16556.953248
2980.0,1425,16569.667321
5630.0,1824,16574.937402
7590.0,2042,16580.821541
2900.0,1221,16583.981009
5900.0,1946,16589.491175
2980.0,1250,16592.849015
4910.0,1622,16597.56307
6060.0,1910,16603.281417
4780.0,1653,16616.55926
4630.0,1609,16620.959627
4790.0,1647,16625.30449
5560.0,1918,16630.326341
3210.0,1426,16634.741326
2330.0,1251,16638.361012
4690.0,1623,16643.65006
4640.0,1715,16648.491957
7830.0,2036,16664.087314
7750.0,2088,16669.790148
4650.0,1585,16673.783464
4690.0,1648,16679.005497
3050.0,1334,16682.744207
2850.0,1264,16686.17946
2520.0,1276,16690.124551
2520.0,1298,16693.675302
4620.0,1603,16705.219625
2440.0,1279,16708.887033
5780.0,1938,16714.115863
5510.0,1827,16719.601128
2560.0,1337,16723.293171
2560.0,1350,16727.298398
7770.0,2027,16732.853871
2700.0,1294,16736.791452
2870.0,1356,16740.219425
5910.0,1892,16753.979755
5580.0,1848,16759.030339
5340.0,1889,16764.632489
5200.0,1910,16770.218177
7830.0,2157,16776.105593
5640.0,1941,16781.141532
2920.0,1363,16784.849436
5370.0,1921,16800.173816
7850.0,2029,16806.305682
5360.0,1891,16812.055487
4620.0,1618,16816.686867
7600.0,2122,16822.820521
5510.0,1774,16827.005499
5690.0,1877,16832.283639
4760.0,1657,16846.226357
5140.0,1881,16851.537283
3250.0,1368,16855.584628
4730.0,1619,16860.062517
4720.0,1607,16864.627123
2680.0,1279,16867.615112
3070.0,1340,16871.30026
3130.0,1339,16874.955495
2840.0,1245,16887.395305
5770.0,1870,16892.618151
4990.0,1631,16897.325815
5400.0,1876,16903.174
7910.0,2038,16908.708243
2430.0,1284,16911.898783
2860.0,1368,16915.957547
2610.0,1346,16919.60199
2400.0,1232,16923.046168
5510.0,1968,16937.095717
3130.0,1343,16941.17834
4780.0,1671,16945.754004
5510.0,1908,16950.381169
7950.0,2103,16955.909824
2920.0,1337,16959.940723
2680.0,1311,16963.586568
5560.0,1801,16976.684284
7620.0,1986,16982.007496
5650.0,1914,16987.439802
2630.0,1285,16990.628587
7860.0,2075,16996.193146
5570.0,1849,17001.64314
2940.0,1277,17005.138258
5290.0,1825,17010.664912
2660.0,1296,17023.69211
4820.0,1597,17028.153111
2880.0,1431,17032.048532
3330.0,1390,17035.59301
7870.0,2038,17041.48289
2640.0,1350,17045.570624
2690.0,1270,17048.965651
4940.0,1652,17053.737609
5340.0,1920,17068.326847
2360.0,1195,17071.372749
2950.0,1283,17075.300367
4600.0,1583,17079.122793
5380.0,1823,17084.623975
4660.0,1642,17089.285772
5720.0,1923,17095.109559
5120.0,1888,17100.220508
5630.0,1898,17112.46968
5710.0,1915,17117.688877
7650.0,2044,17123.247369
4990.0,1590,17127.967903
2870.0,1234,17131.289556
2500.0,1270,17135.200509
5560.0,1786,17140.32032
5870.0,1903,17146.086121
2820.0,1232,17157.61991
3150.0,1293,17161.101144
7900.0,2096,17166.716094
8000.0,2076,17172.859826
2660.0,1348,17177.021959
5860.0,1872,17181.943285
5510.0,1906,17187.399556
5150.0,1857,17201.102258
7640.0,2152,17206.879556
2730.0,1355,17210.170586
7850.0,1993,17215.585673
3560.0,1422,17219.112432
7400.0,2080,17224.617767
3400.0,1333,17228.366112
4760.0,1642,17232.724357
940.0,922,17243.235672
7590.0,2102,17248.549895
2560.0,1517,17252.20547
7980.0,2081,17257.703767
4690.0,1597,17261.80547
5650.0,1782,17266.775236
170.0,641,17268.336293
2720.0,1323,17271.57833
5980.0,1905,17277.048307
2630.0,1349,17288.86039
8170.0,2110,17294.216252
4700.0,1601,17298.307321
4720.0,1622,17302.519081
2630.0,1247,17306.047101
4720.0,1587,17310.185219
3060.0,1311,17313.377672
5430.0,1945,17318.612868
5140.0,1842,17331.880339
4850.0,1629,17336.080803
4850.0,1665,17340.434328
2640.0,1302,17344.075211
5560.0,1912,17348.846671
2880.0,1270,17352.395283
2730.0,1278,17355.496528
5590.0,1906,17360.42198
2780.0,1285,17370.27474
7950.0,2095,17375.696703
2830.0,1224,17378.652003
5640.0,1903,17383.638829
4780.0,1650,17387.800345
2720.0,1277,17390.797316
7940.0,2153,17396.262886
2970.0,1419,17399.859658
4770.0,1702,17412.455953
8100.0,2102,17417.761018
2650.0,1340,17421.420413
4640.0,1564,17425.451114
2430.0,1223,17428.369908
2940.0,1262,17431.400685
180.0,576,17432.764688
4760.0,1660,17437.356469
5450.0,1884,17441.688755
5330.0,1812,17454.593652
4980.0,1691,17459.373549
5250.0,1809,17463.895709
2900.0,1306,17467.541689
8120.0,2107,17473.208129
4940.0,1565,17476.720918
5630.0,1888,17481.465464
4680.0,1621,17493.682629
7730.0,2088,17499.137867
4800.0,1622,17503.346542
5520.0,1849,17508.218775
5430.0,1889,17512.848307
5770.0,1910,17517.682467
4670.0,1585,17521.685616
4710.0,1627,17534.137256
5550.0,1877,17538.762972
7960.0,2089,17544.234017
5620.0,1902,17549.350956
5960.0,1866,17553.810399
5450.0,1864,17558.845876
5460.0,1925,17563.473375
3210.0,1341,17575.483914
4690.0,1603,17579.503486
2770.0,1346,17582.594786
7680.0,2072,17587.892414
5390.0,1851,17592.727179
5350.0,1847,17597.038559
2550.0,1296,17600.553929
3200.0,1301,17603.708659
5420.0,1863,17615.681221
5890.0,1931,17620.233001
2420.0,1182,17623.096244
4540.0,1548,17627.054672
5420.0,1810,17631.694188
7620.0,2057,17636.860031
2840.0,1414,17640.186596
4700.0,1675,17644.404053
2900.0,1317,17656.144647
8100.0,2099,17661.527624
5670.0,1884,17666.032819
4680.0,1638,17670.410094
3050.0,1352,17673.479074
4570.0,1625,17677.606961
5530.0,1825,17682.499309
4730.0,1563,17686.029672
2900.0,1294,17698.232674
4920.0,1595,17702.292058
4740.0,1637,17706.324896
4720.0,1631,17710.311184
4920.0,1665,17714.602033
2730.0,1326,17718.182968
4690.0,1619,17722.322173
2630.0,1286,17725.374184
8070.0,2091,17738.870555
4870.0,1644,17742.982619
7980.0,2050,17748.070999
3030.0,1555,17752.134907
8290.0,2166,17757.639394
5400.0,1830,17762.548999
3320.0,1369,17765.825852
5590.0,2020,17771.156275
2910.0,1339,17781.677123
2990.0,1333,17785.090984
3090.0,1439,17788.778213
5300.0,1817,17793.222615
5560.0,1851,17797.734252
2760.0,1286,17801.285193
2740.0,1277,17804.324239
3180.0,1344,17807.939725
7920.0,2127,17821.250758
3100.0,1338,17824.336706
8340.0,2096,17829.391487
5330.0,1870,17833.987083
5720.0,1834,17838.042729
2860.0,1318,17840.963074
4950.0,1686,17845.550178
2800.0,1274,17848.560473
2680.0,1271,17859.562023
4950.0,1656,17864.079894
5370.0,1846,17868.613606
2960.0,1355,17872.157777
3100.0,1330,17875.271374
5440.0,1839,17880.104606
3130.0,1317,17883.184907
7910.0,2166,17888.52716
2570.0,1244,17899.959704
2670.0,1295,17903.550684
3090.0,1320,17906.856179
2790.0,1390,17910.647768
3210.0,1219,17913.885698
5630.0,1864,17919.176906
5560.0,1888,17923.69434
7710.0,2096,17929.000667
4750.0,1871,17943.037303
8190.0,2160,17948.58077
7850.0,2091,17954.177438
5430.0,1901,17958.848957
2960.0,1201,17962.319826
5670.0,1830,17966.799968
2520.0,1473,17970.709758
2630.0,1320,17973.821772
5660.0,1881,17984.932813
5420.0,1795,17989.107292
3400.0,1319,17992.566807
3030.0,1366,17995.827746
3010.0,1302,17999.520299
7880.0,2064,18004.963217
5480.0,1931,18009.71762
8030.0,2008,18015.078601
5360.0,1874,18028.632078
2930.0,1276,18031.572366
5570.0,1885,18035.859849
7600.0,2138,18041.72008
4650.0,1638,18045.919967
8030.0,2074,18051.391764
2310.0,1199,18054.390599
5700.0,1907,18066.664698
5630.0,1905,18071.679448
2450.0,1318,18074.719881
4910.0,1577,18078.551616
2880.0,1327,18082.022699
5520.0,1875,18086.639826
2980.0,1363,18090.34707
5610.0,1885,18094.988662
4930.0,1600,18106.385262
7810.0,2080,18111.765352
7710.0,2093,18117.121617
990.0,938,18119.475619
4990.0,1574,18123.312559
5670.0,1812,18127.423604
2720.0,1443,18131.183149
2700.0,1231,18134.186045
7840.0,2045,18147.024613
5710.0,1930,18152.218295
7870.0,2086,18157.594711
8070.0,1990,18162.470045
3070.0,1376,18165.975577
7710.0,2108,18171.194375
7580.0,2087,18176.390984
5460.0,1889,18188.842251
5660.0,1922,18193.935247
5640.0,1863,18199.011339
7860.0,2084,18204.577707
2640.0,1310,18207.661268
5610.0,1901,18212.717056
5350.0,1844,18216.941543
5460.0,1822,18228.521522
3100.0,1318,18232.107881
5640.0,1830,18236.558739
5470.0,1792,18241.367259
5730.0,1952,18246.139261
7880.0,2083,18251.411051
4960.0,1661,18255.48422
5900.0,1929,18268.633716
3060.0,1270,18271.519394
8420.0,2061,18276.481405
2800.0,1352,18279.887371
3070.0,1334,18282.900334
5540.0,1864,18287.651845
2530.0,1183,18290.453322
5550.0,1827,18294.944356
2750.0,1305,18298.484404
4690.0,1656,18309.720691
5410.0,1875,18314.092207
2740.0,1344,18317.57844
5420.0,1789,18321.773875
2480.0,1242,18325.048558
2690.0,1296,18328.05177
7890.0,2049,18333.236516
5810.0,1852,18337.615796
5870.0,1880,18349.639214
2590.0,1307,18352.719432
8150.0,2137,18358.12575
4950.0,1659,18362.643669
7990.0,2114,18367.323334
4680.0,1589,18371.168632
4700.0,1643,18375.601771
